462.4279,10.1484,-191.3935,0.002927
461.0535,10.1380,-191.7318,0.003906
460.1615,10.1354,-191.9518,0.004543
459.2690,10.1386,-192.1728,0.005179
458.3069,10.1407,-192.4122,0.005866
457.4140,10.1396,-192.6352,0.006503
456.4534,10.1379,-192.8758,0.007191
455.5612,10.1377,-193.0995,0.007829
454.6686,10.1384,-193.3234,0.008464
453.7072,10.1385,-193.5646,0.009149
452.8145,10.1381,-193.7881,0.009790
451.8531,10.1379,-194.0280,0.010471
450.9601,10.1380,-194.2500,0.011111
449.9295,10.1383,-194.5056,0.011841
448.9674,10.1382,-194.7436,0.012532
448.0740,10.1380,-194.9640,0.013167
447.1117,10.1380,-195.2008,0.013852
446.2179,10.1380,-195.4203,0.014488
445.3241,10.1380,-195.6395,0.015126
444.4302,10.1379,-195.8582,0.015762
443.5362,10.1378,-196.0764,0.016400
442.6419,10.1379,-196.2942,0.017035
441.6789,10.1379,-196.5284,0.017722
440.7845,10.1381,-196.7453,0.018356
439.8901,10.1382,-196.9619,0.018993
438.9267,10.1381,-197.1949,0.019679
438.1009,10.1382,-197.3946,0.020266
437.1375,10.1382,-197.6277,0.020950
436.2430,10.1383,-197.8442,0.021589
435.4173,10.1383,-198.0442,0.022177
434.5228,10.1384,-198.2610,0.022814
433.6284,10.1384,-198.4778,0.023599
432.7340,10.1385,-198.6947,0.023990
431.0143,10.1386,-199.1128,0.025339
430.1203,10.1386,-199.3307,0.025889
429.1574,10.1386,-199.5657,0.027083
428.2635,10.1387,-199.7843,0.027184
427.3698,10.1386,-200.0033,0.027845
426.4760,10.1386,-200.2225,0.028535
425.5134,10.1385,-200.4588,0.029220
424.5508,10.1386,-200.6952,0.029905
423.6570,10.1384,-200.9147,0.030541
422.7632,10.1382,-201.1343,0.031176
421.8694,10.1382,-201.3539,0.031817
420.9755,10.1383,-201.5732,0.032452
420.0815,10.1382,-201.7921,0.033085
419.1187,10.1381,-202.0271,0.033771
418.1557,10.1381,-202.2614,0.034455
417.2614,10.1381,-202.4783,0.035090
416.3667,10.1382,-202.6946,0.035729
415.4032,10.1382,-202.9268,0.036415
414.4396,10.1381,-203.1586,0.037105
413.5446,10.1382,-203.3732,0.037732
412.6495,10.1382,-203.5873,0.038374
411.7544,10.1383,-203.8010,0.039007
410.8592,10.1383,-204.0145,0.039642
409.8949,10.1383,-204.2439,0.040324
408.9995,10.1385,-204.4565,0.040959
408.1040,10.1385,-204.6689,0.041594
407.2087,10.1384,-204.8815,0.042233
406.2445,10.1384,-205.1109,0.042908
405.3493,10.1384,-205.3243,0.043549
404.4543,10.1383,-205.5380,0.044179
403.5593,10.1383,-205.7519,0.044813
402.6643,10.1383,-205.9662,0.045445
401.7005,10.1383,-206.1974,0.046131
400.8056,10.1384,-206.4123,0.046764
399.9108,10.1384,-206.6275,0.047389
399.0160,10.1386,-206.8430,0.048027
398.0526,10.1387,-207.0757,0.048700
397.1583,10.1386,-207.2930,0.049336
396.4708,10.1387,-207.4614,0.049820
395.5089,10.1387,-207.6998,0.050496
394.6168,10.1387,-207.9254,0.051127
393.6579,10.1387,-208.1747,0.051794
392.7700,10.1387,-208.4139,0.052430
391.9529,10.1387,-208.6428,0.053006
391.0710,10.1387,-208.9008,0.053633
390.1931,10.1388,-209.1702,0.054258
389.2525,10.1387,-209.4740,0.054930
388.3835,10.1388,-209.7690,0.055555
387.5192,10.1388,-210.0765,0.056177
386.5936,10.1388,-210.4213,0.056851
385.6733,10.1388,-210.7798,0.057521
384.8234,10.1388,-211.1246,0.058146
383.9780,10.1388,-211.4803,0.058771
383.1371,10.1388,-211.8467,0.059387
382.3007,10.1388,-212.2233,0.060009
381.4687,10.1388,-212.6098,0.060635
380.6411,10.1388,-213.0059,0.061259
379.8178,10.1388,-213.4111,0.061875
378.9990,10.1388,-213.8254,0.062508
378.1845,10.1388,-214.2485,0.063131
377.4367,10.1388,-214.6468,0.063701
376.6311,10.1389,-215.0866,0.064323
375.7688,10.1389,-215.5700,0.064995
374.9734,10.1388,-216.0281,0.065615
374.1830,10.1388,-216.4949,0.066236
373.3977,10.1389,-216.9703,0.066864
372.5576,10.1388,-217.4913,0.067532
371.7823,10.1388,-217.9832,0.068161
371.0116,10.1388,-218.4822,0.068782
370.2451,10.1388,-218.9881,0.069414
369.4828,10.1388,-219.5004,0.070036
368.7245,10.1388,-220.0189,0.070658
367.9700,10.1388,-220.5430,0.071284
367.2190,10.1388,-221.0725,0.071912
366.4715,10.1389,-221.6070,0.072540
365.7271,10.1389,-222.1459,0.073163
364.9853,10.1389,-222.6888,0.073792
364.2456,10.1390,-223.2348,0.074417
363.5076,10.1390,-223.7832,0.075045
362.7142,10.1391,-224.3757,0.075718
361.9217,10.1388,-224.9697,0.076397
361.1864,10.1382,-225.5223,0.077026
360.3954,10.1376,-226.1188,0.077704
359.6622,10.1369,-226.6745,0.078331
358.9309,10.1364,-227.2326,0.078959
358.2024,10.1360,-227.7942,0.079580
357.4774,10.1360,-228.3603,0.080204
356.7572,10.1365,-228.9319,0.080838
355.9879,10.1375,-229.5549,0.081505
355.2811,10.1417,-230.1422,0.082130
354.6360,10.1469,-230.6924,0.082706
353.8932,10.1513,-231.3436,0.083373
353.2133,10.1525,-231.9580,0.083991
352.5449,10.1552,-232.5850,0.084611
351.8871,10.1583,-233.2231,0.085221
351.1939,10.1626,-233.9232,0.085888
350.5668,10.1668,-234.5852,0.086497
349.9565,10.1704,-235.2587,0.087110
349.3629,10.1710,-235.9430,0.087713
348.7909,10.1725,-236.6404,0.088324
348.2426,10.1767,-237.3519,0.088926
347.6760,10.1808,-238.1306,0.089566
347.2096,10.1825,-238.8065,0.090117
346.7263,10.1836,-239.5473,0.090702
346.2675,10.1853,-240.2972,0.091290
345.8328,10.1872,-241.0549,0.091879
345.3912,10.1888,-241.8769,0.092502
345.0064,10.1898,-242.6433,0.093078
344.6193,10.1911,-243.4715,0.093694
344.2846,10.1925,-244.2434,0.094262
343.9726,10.1939,-245.0183,0.094816
343.6825,10.1948,-245.7959,0.095377
343.4138,10.1956,-246.5756,0.095924
343.1661,10.1961,-247.3567,0.096481
342.9389,10.1964,-248.1389,0.097028
342.7317,10.1965,-248.9222,0.097576
342.5439,10.1964,-249.7071,0.098122
342.3751,10.1962,-250.4937,0.098661
342.2247,10.1958,-251.2821,0.099201
342.0927,10.1954,-252.0714,0.099740
341.9708,10.1949,-252.9216,0.100320
341.8763,10.1942,-253.7094,0.100862
341.7996,10.1931,-254.4934,0.101395
341.7410,10.1922,-255.2724,0.101926
341.7002,10.1912,-256.0460,0.102453
341.6769,10.1902,-256.8143,0.102979
341.6710,10.1893,-257.5778,0.103505
341.6821,10.1883,-258.3374,0.104028
341.7099,10.1872,-259.0939,0.104550
341.7542,10.1861,-259.8475,0.105074
341.8146,10.1850,-260.5978,0.105599
341.8975,10.1835,-261.4011,0.106162
341.9913,10.1824,-262.1410,0.106684
342.1010,10.1814,-262.8734,0.107205
342.2270,10.1808,-263.5975,0.107722
342.3693,10.1803,-264.3124,0.108237
342.5281,10.1800,-265.0176,0.108746
342.7036,10.1797,-265.7128,0.109250
342.8959,10.1793,-266.3971,0.109752
343.1054,10.1790,-267.0697,0.110249
343.3322,10.1787,-267.7302,0.110738
343.5762,10.1785,-268.3777,0.111222
343.8374,10.1782,-269.0115,0.111701
344.1158,10.1781,-269.6307,0.112176
344.4114,10.1781,-270.2349,0.112643
344.6991,10.1781,-270.7786,0.113070
345.0268,10.1782,-271.3523,0.113529
345.3979,10.1782,-271.9521,0.114016
345.7597,10.1783,-272.4927,0.114465
346.1378,10.1784,-273.0178,0.114911
346.5324,10.1786,-273.5272,0.115355
346.9435,10.1787,-274.0206,0.115797
347.3709,10.1789,-274.4974,0.116236
347.8153,10.1793,-274.9568,0.116673
348.2764,10.1797,-275.3981,0.117112
348.7918,10.1802,-275.8518,0.117582
349.2484,10.1805,-276.2223,0.117987
349.7585,10.1809,-276.6032,0.118421
350.2835,10.1809,-276.9621,0.118857
350.8230,10.1808,-277.2975,0.119293
351.3757,10.1805,-277.6086,0.119729
351.9407,10.1800,-277.8942,0.120165
352.5168,10.1794,-278.1537,0.120599
353.1031,10.1786,-278.3859,0.121033
353.6982,10.1777,-278.5904,0.121469
354.3013,10.1769,-278.7664,0.121903
354.9585,10.1756,-278.9239,0.122374
355.5750,10.1743,-279.0401,0.122811
356.1964,10.1726,-279.1275,0.123252
356.8220,10.1707,-279.1858,0.123692
357.4509,10.1684,-279.2151,0.124142
358.0819,10.1661,-279.2152,0.124588
358.6655,10.1636,-279.1899,0.125007
359.2979,10.1610,-279.1349,0.125464
359.9272,10.1656,-279.0494,0.125923
360.5563,10.1701,-278.9433,0.126384
361.1897,10.1734,-278.8170,0.126860
361.8245,10.1708,-278.6752,0.127331
362.5071,10.1610,-278.5062,0.127857
363.1320,10.1557,-278.3232,0.128341
363.7520,10.1580,-278.1182,0.128829
364.3699,10.1629,-277.8960,0.129316
364.9805,10.1672,-277.6555,0.129801
365.5852,10.1682,-277.3984,0.130294
366.1838,10.1673,-277.1208,0.130787
366.7760,10.1663,-276.8204,0.131282
367.3598,10.1641,-276.4991,0.131770
367.9349,10.1579,-276.1628,0.132270
368.4973,10.1572,-275.7981,0.132760
369.0459,10.1635,-275.4057,0.133259
369.5860,10.1688,-274.9950,0.133757
370.1163,10.1707,-274.5689,0.134261
370.6351,10.1717,-274.1247,0.134760
371.1421,10.1742,-273.6596,0.135268
371.6374,10.1771,-273.1743,0.135764
372.1586,10.1799,-272.6315,0.136321
372.6327,10.1818,-272.1102,0.136825
373.0983,10.1833,-271.5718,0.137341
373.5559,10.1850,-271.0162,0.137864
374.0061,10.1872,-270.4451,0.138392
374.4164,10.1889,-269.9062,0.138876
374.8567,10.1905,-269.3108,0.139413
375.2938,10.1919,-268.7047,0.139950
375.7289,10.1934,-268.0890,0.140502
376.1300,10.1949,-267.5135,0.141008
376.5987,10.1967,-266.8350,0.141603
377.0353,10.1984,-266.1989,0.142151
377.4740,10.1999,-265.5579,0.142712
377.9155,10.2014,-264.9124,0.143259
378.3600,10.2028,-264.2634,0.143813
378.8081,10.2039,-263.6112,0.144358
379.2601,10.2046,-262.9564,0.144901
379.7165,10.2052,-262.2995,0.145452
380.1775,10.2056,-261.6410,0.145997
380.6076,10.2060,-261.0321,0.146503
381.0789,10.2063,-260.3718,0.147055
381.5568,10.2066,-259.7119,0.147615
382.0422,10.2065,-259.0528,0.148171
382.5359,10.2060,-258.3956,0.148739
383.0387,10.2050,-257.7409,0.149303
383.5514,10.2034,-257.0894,0.149871
384.0742,10.2009,-256.4416,0.150446
384.6074,10.1974,-255.7980,0.151019
385.1094,10.1938,-255.2080,0.151556
385.6642,10.1900,-254.5735,0.152139
386.2303,10.1860,-253.9447,0.152727
386.8080,10.1819,-253.3217,0.153318
387.3974,10.1775,-252.7049,0.153911
387.9993,10.1734,-252.0954,0.154510
388.6140,10.1698,-251.4940,0.155111
389.2421,10.1667,-250.9019,0.155719
389.8839,10.1648,-250.3197,0.156335
390.5394,10.1644,-249.7483,0.156946
391.2087,10.1659,-249.1880,0.157569
391.8910,10.1685,-248.6388,0.158184
392.5858,10.1721,-248.1008,0.158814
393.2378,10.1760,-247.6137,0.159394
393.9547,10.1804,-247.0964,0.160028
394.6820,10.1850,-246.5896,0.160668
395.4193,10.1891,-246.0932,0.161309
396.2236,10.1928,-245.5700,0.162000
396.9796,10.1953,-245.0945,0.162645
397.7440,10.1971,-244.6288,0.163296
398.5163,10.1982,-244.1729,0.163943
399.2961,10.1992,-243.7264,0.164598
400.0828,10.2000,-243.2886,0.165238
400.9369,10.2006,-242.8259,0.165935
401.7355,10.2011,-242.4035,0.166566
402.4771,10.2017,-242.0190,0.167157
403.2845,10.2026,-241.6074,0.167793
404.0956,10.2038,-241.2000,0.168421
404.9097,10.2054,-240.7960,0.169067
405.7263,10.2069,-240.3943,0.169695
406.5449,10.2078,-239.9943,0.170338
407.3654,10.2082,-239.5961,0.170986
408.1879,10.2089,-239.2001,0.171636
409.0124,10.2101,-238.8066,0.172281
409.7755,10.2116,-238.4456,0.172884
410.6680,10.2142,-238.0276,0.173588
411.4348,10.2172,-237.6718,0.174182
412.2672,10.2218,-237.2887,0.174829
413.1011,10.2279,-236.9075,0.175475
413.9364,10.2352,-236.5278,0.176121
414.7727,10.2430,-236.1494,0.176757
415.6099,10.2517,-235.7721,0.177398
416.4476,10.2611,-235.3957,0.178035
417.2860,10.2707,-235.0200,0.178676
418.1251,10.2802,-234.6451,0.179313
419.0293,10.2900,-234.2422,0.180002
419.8047,10.2977,-233.8977,0.180588
420.7100,10.3057,-233.4968,0.181279
421.4865,10.3121,-233.1541,0.181869
422.3287,10.3191,-232.7847,0.182502
423.1720,10.3264,-232.4183,0.183140
423.9521,10.3335,-232.0838,0.183732
424.7992,10.3410,-231.7264,0.184363
425.6485,10.3480,-231.3747,0.185005
426.5003,10.3544,-231.0290,0.185640
427.3543,10.3602,-230.6893,0.186275
428.2105,10.3651,-230.3548,0.186913
429.0686,10.3688,-230.0249,0.187545
429.9282,10.3716,-229.6989,0.188179
430.7229,10.3734,-229.4010,0.188765
431.5850,10.3752,-229.0811,0.189401
432.4482,10.3767,-228.7636,0.190039
433.3122,10.3777,-228.4483,0.190674
434.1105,10.3783,-228.1590,0.191262
434.9760,10.3786,-227.8475,0.191900
435.7757,10.3787,-227.5616,0.192482
436.6426,10.3787,-227.2535,0.193120
437.5103,10.3785,-226.9472,0.193758
438.3785,10.3779,-226.6425,0.194397
439.2475,10.3768,-226.3394,0.195030
440.1169,10.3753,-226.0377,0.195666
440.9868,10.3734,-225.7374,0.196302
441.7902,10.3717,-225.4614,0.196890
442.7280,10.3696,-225.1405,0.197571
443.5321,10.3680,-224.8663,0.198158
444.4035,10.3663,-224.5700,0.198797
445.2752,10.3652,-224.2747,0.199435
446.0802,10.3643,-224.0031,0.200019
446.9526,10.3639,-223.7100,0.200655
447.8255,10.3638,-223.4178,0.201291
448.6316,10.3638,-223.1492,0.201878
449.5725,10.3654,-222.8377,0.202564
450.4487,10.3829,-222.5514,0.203203
451.3238,10.3957,-222.2679,0.203838
452.1975,10.3970,-221.9846,0.204476
453.0693,10.3845,-221.7026,0.205108
453.9423,10.3726,-221.4250,0.205741
454.8191,10.3780,-221.1540,0.206371
455.7658,10.3863,-220.8657,0.207059
456.5771,10.3858,-220.6220,0.207650
457.5248,10.3817,-220.3435,0.208333
458.4072,10.3821,-220.0919,0.208968
459.2242,10.3851,-219.8650,0.209549
460.1789,10.3867,-219.6059,0.210234
460.9984,10.3862,-219.3877,0.210823
461.8874,10.3858,-219.1557,0.211457
462.7779,10.3852,-218.9274,0.212096
463.6009,10.3832,-218.7188,0.212685
464.4931,10.3798,-218.4933,0.213319
465.4535,10.3749,-218.2511,0.214002
466.2747,10.3667,-218.0443,0.214591
467.2337,10.3621,-217.8050,0.215274
468.0576,10.3648,-217.6001,0.215860
468.9507,10.3660,-217.3786,0.216494
469.8425,10.3636,-217.1573,0.217130
470.7343,10.3609,-216.9358,0.217766
471.6267,10.3614,-216.7144,0.218403
472.5196,10.3637,-216.4932,0.219037
473.4126,10.3649,-216.2722,0.219673
474.2368,10.3644,-216.0681,0.220259
475.1299,10.3647,-215.8478,0.220894
476.0237,10.3661,-215.6292,0.221530
476.9178,10.3680,-215.4119,0.222168
477.8123,10.3701,-215.1962,0.222803
478.7070,10.3723,-214.9818,0.223438
479.6020,10.3754,-214.7686,0.224073
480.4973,10.3792,-214.5564,0.224708
481.3927,10.3839,-214.3452,0.225346
482.2882,10.3890,-214.1351,0.225980
483.1840,10.3942,-213.9260,0.226615
484.0800,10.3998,-213.7176,0.227253
484.9074,10.4053,-213.5262,0.227842
485.8030,10.4111,-213.3202,0.228484
486.6949,10.4171,-213.1164,0.229118
487.5794,10.4228,-212.9159,0.229748
488.4547,10.4282,-212.7198,0.230376
489.3196,10.4331,-212.5296,0.230994
490.1742,10.4375,-212.3470,0.231609
491.0832,10.4415,-212.1608,0.232259
491.9170,10.4446,-211.9999,0.232856
492.8043,10.4471,-211.8417,0.233486
493.6186,10.4487,-211.7109,0.234066
494.4237,10.4495,-211.5972,0.234638
495.2206,10.4498,-211.5021,0.235200
496.0098,10.4494,-211.4267,0.235751
496.7930,10.4484,-211.3722,0.236299
497.5722,10.4468,-211.3389,0.236839
498.3492,10.4441,-211.3268,0.237385
499.1249,10.4403,-211.3361,0.237929
499.8992,10.4354,-211.3672,0.238468
500.6718,10.4288,-211.4196,0.239006
501.4422,10.4210,-211.4945,0.239545
502.2105,10.4122,-211.5918,0.240086
502.9766,10.4024,-211.7114,0.240629
503.7404,10.3913,-211.8524,0.241172
504.5014,10.3791,-212.0144,0.241718
505.3177,10.3651,-212.2116,0.242303
506.0728,10.3511,-212.4149,0.242851
506.8245,10.3364,-212.6365,0.243403
507.5734,10.3212,-212.8749,0.243955
508.3191,10.3057,-213.1290,0.244509
509.0617,10.2901,-213.3979,0.245065
509.8010,10.2747,-213.6807,0.245627
510.4793,10.2611,-213.9542,0.246148
511.2072,10.2515,-214.2650,0.246709
511.9307,10.2447,-214.5871,0.247269
512.6497,10.2321,-214.9167,0.247826
513.3598,10.2226,-215.2624,0.248382
514.0561,10.2150,-215.6243,0.248933
514.7432,10.2037,-215.9986,0.249475
515.4197,10.1900,-216.3901,0.250018
516.1266,10.1858,-216.8439,0.250601
516.7658,10.1889,-217.2884,0.251141
517.3954,10.1876,-217.7456,0.251679
518.0144,10.1812,-218.2170,0.252217
518.6180,10.1752,-218.7078,0.252754
519.2053,10.1707,-219.2188,0.253290
519.7775,10.1655,-219.7474,0.253825
520.3340,10.1584,-220.2926,0.254362
520.8730,10.1505,-220.8550,0.254896
521.3936,10.1429,-221.4356,0.255433
521.8578,10.1359,-221.9871,0.255926
522.3427,10.1276,-222.6003,0.256463
522.8090,10.1184,-223.2288,0.257001
523.3229,10.1068,-223.9722,0.257623
523.7471,10.0963,-224.6318,0.258164
524.1818,10.0842,-225.3571,0.258744
524.5652,10.0721,-226.0436,0.259283
524.9022,10.0601,-226.6875,0.259786
525.2748,10.0448,-227.4507,0.260370
525.6014,10.0298,-228.1700,0.260918
525.9100,10.0138,-228.8992,0.261462
526.2233,9.9953,-229.6947,0.262051
526.4974,9.9774,-230.4425,0.262602
526.7567,9.9586,-231.1989,0.263155
527.0026,9.9391,-231.9637,0.263712
527.2366,9.9191,-232.7361,0.264271
527.4604,9.8987,-233.5155,0.264834
527.6752,9.8781,-234.3013,0.265394
527.8824,9.8576,-235.0932,0.265954
528.0835,9.8374,-235.8905,0.266525
528.2800,9.8175,-236.6931,0.267096
528.4736,9.7981,-237.5002,0.267669
528.6810,9.7776,-238.3743,0.268285
528.8741,9.7587,-239.1899,0.268870
529.0692,9.7400,-240.0090,0.269457
529.2523,9.7229,-240.7679,0.269997
529.4557,9.7044,-241.5926,0.270590
529.6655,9.6859,-242.4196,0.271178
529.8829,9.6673,-243.2486,0.271783
530.1086,9.6486,-244.0793,0.272381
530.3434,9.6297,-244.9115,0.272995
530.5877,9.6105,-245.7449,0.273593
530.8417,9.5907,-246.5793,0.274208
531.1060,9.5703,-247.4142,0.274825
531.3589,9.5510,-248.1852,0.275383
531.6652,9.5284,-249.0847,0.276045
531.9604,9.5076,-249.9196,0.276662
532.2416,9.4888,-250.6898,0.277221
532.5560,9.4691,-251.5233,0.277844
532.8797,9.4503,-252.3560,0.278455
533.2122,9.4329,-253.1878,0.279078
533.5524,9.4168,-254.0190,0.279693
533.8986,9.4018,-254.8501,0.280313
534.2487,9.3875,-255.6816,0.280933
534.6276,9.3722,-256.5784,0.281603
534.9785,9.3587,-257.4132,0.282217
535.3258,9.3463,-258.2513,0.282844
535.6656,9.3347,-259.0935,0.283472
535.9946,9.3244,-259.9409,0.284104
536.3093,9.3148,-260.7937,0.284730
536.6284,9.3056,-261.7184,0.285403
536.9041,9.2977,-262.5820,0.286024
537.1390,9.2905,-263.3824,0.286599
537.3708,9.2830,-264.2518,0.287216
537.5781,9.2754,-265.1225,0.287830
537.7611,9.2670,-265.9937,0.288442
537.9078,9.2586,-266.7977,0.289001
538.0521,9.2477,-267.7346,0.289644
538.1594,9.2368,-268.6030,0.290244
538.2415,9.2250,-269.4696,0.290835
538.3014,9.2113,-270.4006,0.291474
538.3318,9.1972,-271.2628,0.292058
538.3392,9.1809,-272.1230,0.292643
538.3231,9.1627,-272.9807,0.293223
538.2830,9.1432,-273.8362,0.293805
538.2202,9.1216,-274.6898,0.294389
538.1348,9.0978,-275.5409,0.294961
538.0167,9.0704,-276.4544,0.295594
537.8937,9.0458,-277.2346,0.296133
537.7377,9.0180,-278.0766,0.296721
537.5577,8.9894,-278.9148,0.297304
537.3550,8.9591,-279.7489,0.297885
537.1288,8.9276,-280.5780,0.298473
536.8779,8.8962,-281.4017,0.299063
536.6033,8.8644,-282.2208,0.299648
536.3066,8.8313,-283.0341,0.300243
535.9873,8.7987,-283.8423,0.300834
535.6462,8.7667,-284.6453,0.301426
535.2850,8.7355,-285.4427,0.302026
534.9053,8.7049,-286.2355,0.302626
534.5087,8.6757,-287.0231,0.303231
534.1281,8.6512,-287.7457,0.303790
533.6675,8.6272,-288.5835,0.304447
533.2599,8.6109,-289.2974,0.305014
532.8060,8.5972,-290.0667,0.305631
532.3398,8.5873,-290.8314,0.306250
531.8237,8.5799,-291.6487,0.306914
531.3301,8.5755,-292.4004,0.307530
530.8221,8.5727,-293.1436,0.308152
530.2985,8.5710,-293.8760,0.308772
529.7590,8.5704,-294.5951,0.309386
529.2032,8.5705,-295.2982,0.310000
528.6313,8.5715,-295.9833,0.310608
528.0445,8.5727,-296.6482,0.311209
527.3978,8.5737,-297.3397,0.311854
526.7853,8.5740,-297.9572,0.312445
526.1624,8.5735,-298.5504,0.313024
525.5295,8.5723,-299.1183,0.313601
524.8869,8.5706,-299.6606,0.314163
524.2348,8.5685,-300.1771,0.314724
523.5732,8.5658,-300.6683,0.315282
522.9014,8.5626,-301.1348,0.315827
522.2197,8.5590,-301.5768,0.316371
521.5281,8.5552,-301.9946,0.316908
520.8270,8.5514,-302.3878,0.317447
520.1170,8.5476,-302.7573,0.317979
519.3985,8.5439,-303.1031,0.318511
518.6158,8.5399,-303.4495,0.319075
517.8815,8.5366,-303.7467,0.319607
517.1406,8.5333,-304.0208,0.320126
516.3937,8.5305,-304.2714,0.320648
515.6419,8.5273,-304.4989,0.321170
514.8852,8.5246,-304.7026,0.321687
514.1241,8.5218,-304.8826,0.322202
513.3586,8.5197,-305.0382,0.322718
512.5891,8.5198,-305.1685,0.323234
511.8153,8.5397,-305.2645,0.323746
511.0363,8.5543,-305.3493,0.324258
510.1966,8.5563,-305.4359,0.324815
509.4163,8.5464,-305.5098,0.325329
508.6347,8.5280,-305.5729,0.325837
507.8497,8.5217,-305.6074,0.326346
507.0623,8.5318,-305.6104,0.326854
506.2742,8.5347,-305.6013,0.327361
505.4862,8.5306,-305.5780,0.327871
504.6990,8.5289,-305.5292,0.328375
503.9142,8.5311,-305.4556,0.328880
503.1327,8.5325,-305.3629,0.329389
502.3550,8.5315,-305.2536,0.329893
501.5819,8.5306,-305.1258,0.330388
500.8139,8.5304,-304.9799,0.330901
500.0509,8.5305,-304.8169,0.331395
499.2933,8.5297,-304.6373,0.331891
498.4848,8.5283,-304.4244,0.332417
497.7422,8.5267,-304.2080,0.332909
497.0083,8.5247,-303.9732,0.333395
496.2839,8.5220,-303.7198,0.333887
495.6242,8.5185,-303.4691,0.334326
494.9201,8.5138,-303.1791,0.334808
494.2273,8.5078,-302.8701,0.335286
493.4943,8.5004,-302.5158,0.335782
492.8266,8.4925,-302.1670,0.336256
492.1216,8.4832,-301.7695,0.336756
491.4270,8.4705,-301.3546,0.337257
490.7440,8.4567,-300.9217,0.337753
490.0735,8.4376,-300.4737,0.338244
489.4225,8.4178,-300.0045,0.338723
488.8376,8.4041,-299.5410,0.339174
488.2292,8.3918,-299.0146,0.339663
487.6839,8.3797,-298.5064,0.340101
487.0793,8.3615,-297.9022,0.340603
486.5410,8.3416,-297.3190,0.341081
486.0670,8.3228,-296.7596,0.341506
485.6189,8.3036,-296.1841,0.341943
485.2274,8.2843,-295.6413,0.342335
484.8272,8.2613,-295.0411,0.342760
484.4536,8.2372,-294.4282,0.343185
484.1067,8.2125,-293.8022,0.343601
483.7870,8.1877,-293.1633,0.344020
483.4933,8.1616,-292.5127,0.344451
483.2261,8.1352,-291.8498,0.344873
482.9857,8.1086,-291.1754,0.345285
482.7721,8.0821,-290.4894,0.345731
482.5726,8.0540,-289.7399,0.346187
482.4146,8.0279,-289.0349,0.346633
482.2838,8.0021,-288.3229,0.347074
482.1793,7.9759,-287.6049,0.347514
482.1031,7.9503,-286.8828,0.347954
482.0571,7.9262,-286.2137,0.348365
482.0354,7.9007,-285.4866,0.348809
482.0421,7.8751,-284.7590,0.349251
482.0795,7.8506,-284.0312,0.349693
482.1465,7.8265,-283.3047,0.350138
482.2452,7.8046,-282.5799,0.350581
482.3730,7.7839,-281.8572,0.351036
482.5305,7.7661,-281.1372,0.351490
482.7150,7.7508,-280.4203,0.351955
482.9248,7.7387,-279.7055,0.352426
483.1566,7.7287,-278.9925,0.352907
483.4062,7.7194,-278.2804,0.353391
483.6718,7.7111,-277.5687,0.353881
483.9516,7.7036,-276.8566,0.354388
484.2444,7.6971,-276.1439,0.354895
484.5490,7.6913,-275.4304,0.355413
484.8644,7.6857,-274.7164,0.355946
485.1899,7.6801,-274.0018,0.356473
485.4995,7.6755,-273.3419,0.356969
485.8444,7.6708,-272.6270,0.357512
486.1992,7.6668,-271.9122,0.358059
486.5627,7.6631,-271.1985,0.358611
486.9326,7.6593,-270.4877,0.359162
487.3048,7.6548,-269.7835,0.359709
487.6757,7.6500,-269.0869,0.360248
488.0428,7.6445,-268.3988,0.360790
488.4037,7.6378,-267.7184,0.361320
488.7567,7.6297,-267.0452,0.361845
489.1255,7.6193,-266.3265,0.362401
489.4551,7.6086,-265.6633,0.362902
489.7696,7.5983,-265.0034,0.363390
490.0674,7.5887,-264.3448,0.363875
490.3468,7.5798,-263.6879,0.364344
490.6062,7.5721,-263.0312,0.364814
490.8456,7.5644,-262.3759,0.365270
491.0635,7.5571,-261.7212,0.365719
491.2604,7.5489,-261.0673,0.366167
491.4348,7.5413,-260.4124,0.366606
491.5881,7.5325,-259.7552,0.367056
491.7191,7.5237,-259.0944,0.367485
491.8285,7.5138,-258.4294,0.367938
491.9132,7.5047,-257.7602,0.368379
491.9700,7.4962,-257.1388,0.368781
492.0060,7.4888,-256.4608,0.369213
492.0161,7.4819,-255.7811,0.369642
491.9987,7.4760,-255.0999,0.370077
491.9582,7.4714,-254.4723,0.370477
491.8881,7.4666,-253.7951,0.370928
491.7905,7.4622,-253.1237,0.371375
491.6667,7.4573,-252.4596,0.371820
491.5157,7.4524,-251.8043,0.372243
491.3389,7.4469,-251.1588,0.372678
491.1357,7.4413,-250.5244,0.373102
490.9079,7.4347,-249.9015,0.373529
490.6349,7.4270,-249.2447,0.373977
490.3560,7.4193,-248.6488,0.374386
490.0528,7.4114,-248.0667,0.374808
489.7516,7.4041,-247.5417,0.375191
489.4031,7.3955,-246.9862,0.375609
489.0322,7.3864,-246.4453,0.376030
488.6704,7.3774,-245.9596,0.376415
488.2574,7.3674,-245.4491,0.376838
487.8232,7.3571,-244.9562,0.377261
487.3682,7.3467,-244.4822,0.377688
486.8930,7.3365,-244.0282,0.378116
486.4368,7.3277,-243.6284,0.378512
485.9232,7.3202,-243.2183,0.378939
485.3486,7.3147,-242.8044,0.379405
484.8381,7.3137,-242.4742,0.379804
484.2692,7.3146,-242.1406,0.380237
483.6847,7.3184,-241.8335,0.380672
483.0864,7.3240,-241.5515,0.381108
482.4755,7.3316,-241.2951,0.381550
481.9011,7.3395,-241.0797,0.381958
481.2201,7.3497,-240.8542,0.382428
480.6280,7.3584,-240.6819,0.382836
479.9784,7.3679,-240.5174,0.383282
479.3212,7.3770,-240.3752,0.383725
478.6575,7.3860,-240.2559,0.384168
477.9879,7.3945,-240.1594,0.384623
477.2600,7.4035,-240.0814,0.385105
476.6313,7.4114,-240.0359,0.385527
475.8920,7.4206,-240.0070,0.386012
475.2004,7.4286,-240.0031,0.386472
474.5048,7.4361,-240.0208,0.386934
473.8058,7.4430,-240.0605,0.387396
473.1042,7.4493,-240.1225,0.387859
472.4013,7.4547,-240.2069,0.388326
471.6991,7.4638,-240.3181,0.388784
471.0517,7.4771,-240.4447,0.389211
470.3512,7.4815,-240.5914,0.389676
469.6502,7.4762,-240.7483,0.390136
468.9525,7.4714,-240.9312,0.390605
468.2627,7.4724,-241.1450,0.391057
467.5273,7.4728,-241.4008,0.391558
466.8508,7.4690,-241.6582,0.392018
466.1820,7.4646,-241.9384,0.392476
465.5218,7.4612,-242.2417,0.392950
464.8199,7.4564,-242.5911,0.393454
464.1779,7.4520,-242.9358,0.393925
463.5437,7.4449,-243.2963,0.394387
462.9168,7.4353,-243.6716,0.394851
462.3001,7.4267,-244.0639,0.395320
461.6958,7.4167,-244.4722,0.395787
461.1048,7.4095,-244.9022,0.396242
460.5272,7.4047,-245.3532,0.396705
459.9640,7.3989,-245.8212,0.397165
459.4156,7.3916,-246.3050,0.397630
458.8835,7.3839,-246.8064,0.398103
458.3683,7.3769,-247.3263,0.398561
457.8347,7.3700,-247.9060,0.399069
457.3591,7.3636,-248.4618,0.399526
456.9039,7.3575,-249.0345,0.399983
456.4359,7.3514,-249.6704,0.400479
456.0234,7.3466,-250.2784,0.400943
455.6321,7.3422,-250.9022,0.401406
455.2621,7.3381,-251.5415,0.401872
454.9134,7.3340,-252.1950,0.402333
454.5629,7.3303,-252.9144,0.402838
454.2594,7.3269,-253.5957,0.403305
453.9762,7.3224,-254.2888,0.403767
453.7332,7.3180,-254.9387,0.404208
453.4717,7.3129,-255.7097,0.404722
453.2667,7.3083,-256.3812,0.405165
453.0497,7.3021,-257.1752,0.405690
452.8695,7.2955,-257.9219,0.406184
452.7100,7.2888,-258.6773,0.406675
452.5714,7.2818,-259.4408,0.407162
452.4618,7.2753,-260.1519,0.407623
452.3551,7.2672,-260.9885,0.408168
452.2808,7.2602,-261.7111,0.408639
452.2173,7.2525,-262.4992,0.409149
452.1707,7.2446,-263.2922,0.409668
452.1397,7.2368,-264.0897,0.410183
452.1228,7.2285,-264.8912,0.410719
452.1187,7.2207,-265.6346,0.411212
452.1259,7.2118,-266.4434,0.411762
452.1450,7.2029,-267.2555,0.412305
452.1753,7.1944,-268.0709,0.412848
452.2159,7.1861,-268.8894,0.413402
452.2665,7.1781,-269.7108,0.413957
452.3215,7.1709,-270.4718,0.414468
452.3902,7.1642,-271.2988,0.415033
452.4677,7.1582,-272.1287,0.415601
452.5538,7.1534,-272.9613,0.416166
452.6481,7.1493,-273.7968,0.416745
452.7500,7.1454,-274.6350,0.417316
452.8589,7.1422,-275.4760,0.417898
452.9740,7.1395,-276.3198,0.418485
453.0941,7.1375,-277.1668,0.419078
453.2273,7.1364,-278.0825,0.419716
453.3535,7.1362,-278.9365,0.420312
453.4811,7.1370,-279.7938,0.420909
453.6092,7.1391,-280.6549,0.421515
453.7369,7.1424,-281.5196,0.422113
453.8626,7.1464,-282.3881,0.422725
453.9936,7.1511,-283.3280,0.423382
454.1082,7.1555,-284.2047,0.423996
454.2050,7.1598,-285.0174,0.424565
454.2979,7.1642,-285.9012,0.425182
454.3756,7.1686,-286.7881,0.425801
454.4359,7.1725,-287.6779,0.426420
454.4772,7.1758,-288.5699,0.427040
454.4963,7.1785,-289.3946,0.427613
454.4969,7.1803,-290.2892,0.428237
454.4753,7.1803,-291.1839,0.428856
454.4275,7.1776,-292.1471,0.429526
454.3594,7.1725,-293.0399,0.430150
454.2591,7.1643,-293.9988,0.430823
454.1403,7.1544,-294.8854,0.431445
453.9962,7.1422,-295.7669,0.432066
453.8264,7.1280,-296.6413,0.432685
453.6151,7.1100,-297.5734,0.433353
453.3923,7.0907,-298.4285,0.433971
453.1449,7.0687,-299.2733,0.434585
452.8737,7.0434,-300.1071,0.435198
452.5794,7.0147,-300.9292,0.435805
452.2614,6.9829,-301.7390,0.436414
451.9187,6.9487,-302.5352,0.437021
451.5500,6.9132,-303.3172,0.437623
451.1553,6.8764,-304.0845,0.438223
450.7344,6.8391,-304.8363,0.438825
450.2881,6.8015,-305.5723,0.439428
449.8170,6.7642,-306.2919,0.440027
449.3221,6.7276,-306.9949,0.440628
448.8052,6.6918,-307.6816,0.441230
448.2680,6.6565,-308.3530,0.441837
447.7122,6.6220,-309.0091,0.442433
447.1372,6.5921,-309.6475,0.443036
446.5437,6.5706,-310.2696,0.443645
445.9374,6.5604,-310.8780,0.444252
445.3200,6.5632,-311.4748,0.444857
444.6943,6.5652,-312.0602,0.445463
444.0620,6.5628,-312.6328,0.446058
443.4223,6.5559,-313.1887,0.446650
442.7597,6.5655,-313.7080,0.447237
442.0725,6.6066,-314.1851,0.447816
441.3806,6.6423,-314.6488,0.448393
440.6844,6.6691,-315.0992,0.448964
439.9803,6.6947,-315.5236,0.449528
439.2637,6.7252,-315.9149,0.450089
438.5363,6.7596,-316.2767,0.450648
437.8013,6.7928,-316.6145,0.451203
437.0608,6.8232,-316.9290,0.451754
436.3132,6.8532,-317.2162,0.452304
435.6168,6.8820,-317.4545,0.452807
434.7978,6.9171,-317.6995,0.453392
434.0326,6.9487,-317.8979,0.453933
433.2633,6.9788,-318.0691,0.454473
432.4305,7.0094,-318.2228,0.455052
431.6523,7.0370,-318.3370,0.455594
430.8693,7.0637,-318.4246,0.456132
430.0821,7.0883,-318.4885,0.456676
429.2910,7.1106,-318.5289,0.457221
428.4969,7.1321,-318.5459,0.457767
427.6380,7.1547,-318.5380,0.458359
426.9001,7.1741,-318.5100,0.458869
426.0989,7.1962,-318.4596,0.459422
425.2957,7.2198,-318.3902,0.459980
424.4909,7.2439,-318.3056,0.460541
423.6840,7.2686,-318.2088,0.461104
422.8750,7.2936,-318.1029,0.461671
422.0636,7.3193,-317.9898,0.462245
421.2496,7.3452,-317.8716,0.462815
420.4328,7.3712,-317.7494,0.463390
419.6133,7.3974,-317.6242,0.463970
418.7909,7.4249,-317.4959,0.464555
417.9659,7.4546,-317.3640,0.465139
417.1382,7.4865,-317.2280,0.465723
416.3080,7.5203,-317.0874,0.466309
415.4754,7.5548,-316.9420,0.466903
414.6403,7.5898,-316.7918,0.467500
413.8027,7.6250,-316.6375,0.468095
412.9624,7.6603,-316.4793,0.468690
412.1193,7.6948,-316.3176,0.469287
411.2735,7.7285,-316.1527,0.469889
410.4248,7.7615,-315.9852,0.470493
409.5733,7.7943,-315.8151,0.471092
408.7847,7.8251,-315.6557,0.471650
407.9278,7.8592,-315.4801,0.472257
407.0683,7.8938,-315.3016,0.472869
406.2064,7.9285,-315.1204,0.473478
405.2755,7.9659,-314.9226,0.474134
404.4088,8.0006,-314.7365,0.474751
403.6070,8.0327,-314.5627,0.475318
402.7366,8.0673,-314.3724,0.475936
401.8645,8.1017,-314.1803,0.476551
400.9909,8.1366,-313.9862,0.477178
400.1159,8.1716,-313.7901,0.477793
399.2396,8.2069,-313.5923,0.478417
398.3619,8.2424,-313.3932,0.479042
397.4828,8.2772,-313.1929,0.479666
396.6027,8.3123,-312.9919,0.480293
395.7216,8.3469,-312.7905,0.480916
394.8392,8.3807,-312.5891,0.481537
393.9557,8.4139,-312.3875,0.482171
393.0711,8.4464,-312.1861,0.482799
392.1859,8.4783,-311.9846,0.483430
391.2997,8.5096,-311.7830,0.484059
390.4127,8.5402,-311.5811,0.484683
389.5251,8.5702,-311.3789,0.485317
388.7052,8.5981,-311.1921,0.485898
387.8166,8.6274,-310.9895,0.486533
386.9272,8.6565,-310.7870,0.487161
386.0373,8.6855,-310.5843,0.487788
385.1469,8.7140,-310.3812,0.488422
384.2561,8.7424,-310.1781,0.489057
383.3647,8.7708,-309.9756,0.489688
382.4727,8.7991,-309.7740,0.490320
381.5800,8.8271,-309.5735,0.490954
380.6867,8.8548,-309.3743,0.491588
379.7926,8.8820,-309.1768,0.492219
378.8977,8.9087,-308.9813,0.492858
378.0021,8.9348,-308.7879,0.493487
377.1056,8.9601,-308.5967,0.494122
376.2084,8.9845,-308.4076,0.494757
375.3105,9.0079,-308.2203,0.495408
374.4121,9.0310,-308.0345,0.496025
373.5135,9.0535,-307.8499,0.496663
372.6836,9.0739,-307.6802,0.497247
371.7839,9.0951,-307.4971,0.497887
370.8839,9.1156,-307.3145,0.498520
369.9144,9.1363,-307.1184,0.499200
369.0835,9.1528,-306.9503,0.499786
368.0444,9.1723,-306.7408,0.500522
367.1436,9.1882,-306.5594,0.501158
366.2426,9.2025,-306.3779,0.501795
365.2725,9.2160,-306.1823,0.502480
364.4408,9.2267,-306.0146,0.503066
363.5399,9.2370,-305.8325,0.503699
362.5693,9.2471,-305.6361,0.504384
361.7372,9.2547,-305.4677,0.504971
360.8359,9.2618,-305.2850,0.505609
359.9346,9.2683,-305.1024,0.506249
359.0331,9.2742,-304.9206,0.506883
358.1315,9.2795,-304.7393,0.507519
357.2295,9.2840,-304.5590,0.508153
356.3273,9.2875,-304.3792,0.508792
355.4248,9.2900,-304.2001,0.509426
354.5222,9.2917,-304.0218,0.510061
353.6194,9.2925,-303.8448,0.510698
352.7856,9.2927,-303.6833,0.511289
351.8817,9.2926,-303.5108,0.511925
350.9774,9.2922,-303.3413,0.512561
350.0725,9.2915,-303.1746,0.513198
349.1671,9.2907,-303.0104,0.513836
348.2613,9.2897,-302.8481,0.514471
347.3552,9.2885,-302.6872,0.515108
346.4491,9.2868,-302.5272,0.515743
345.5428,9.2844,-302.3678,0.516380
344.6362,9.2817,-302.2086,0.517016
343.7994,9.2790,-302.0614,0.517601
342.8232,9.2754,-301.8896,0.518288
341.9864,9.2718,-301.7423,0.518877
341.0799,9.2673,-301.5826,0.519516
340.1733,9.2625,-301.4228,0.520151
339.1971,9.2568,-301.2507,0.520839
338.3603,9.2514,-301.1031,0.521426
337.5234,9.2455,-300.9558,0.522013
336.6165,9.2385,-300.7966,0.522651
335.7093,9.2312,-300.6381,0.523287
334.8020,9.2235,-300.4804,0.523925
324.8158,9.0731,-298.7763,0.530940
323.8382,9.0557,-298.6098,0.531622
322.9301,9.0410,-298.4550,0.532258
321.9522,9.0264,-298.2881,0.532944
321.0440,9.0134,-298.1331,0.533582
320.1359,8.9999,-297.9782,0.534220
319.1580,8.9854,-297.8111,0.534905
318.2502,8.9721,-297.6560,0.535543
317.3425,8.9588,-297.5008,0.536180
316.4346,8.9455,-297.3459,0.536816
315.5963,8.9329,-297.2029,0.537405
314.6881,8.9194,-297.0477,0.538042
313.7105,8.9050,-296.8804,0.538728
312.8726,8.8922,-296.7368,0.539319
311.9647,8.8774,-296.5808,0.539959
310.9870,8.8602,-296.4120,0.540646
310.0796,8.8439,-296.2539,0.541280
309.1725,8.8276,-296.0938,0.541915
308.3357,8.8125,-295.9436,0.542506
307.4296,8.7962,-295.7781,0.543142
306.5241,8.7802,-295.6100,0.543781
305.6191,8.7644,-295.4399,0.544422
304.7141,8.7491,-295.2686,0.545057
303.8091,8.7340,-295.0966,0.545693
302.9041,8.7193,-294.9246,0.546328
301.9992,8.7044,-294.7526,0.546967
301.0244,8.6876,-294.5682,0.547653
300.1190,8.6716,-294.3978,0.548292
299.2832,8.6566,-294.2415,0.548881
298.3775,8.6398,-294.0736,0.549519
297.4714,8.6221,-293.9077,0.550154
296.5646,8.6034,-293.7452,0.550790
295.6571,8.5831,-293.5872,0.551427
294.7486,8.5607,-293.4354,0.552066
293.8392,8.5359,-293.2916,0.552704
292.9288,8.5089,-293.1581,0.553340
292.0172,8.4804,-293.0371,0.553974
291.1044,8.4506,-292.9306,0.554607
290.1907,8.4200,-292.8407,0.555243
289.2763,8.3886,-292.7692,0.555879
288.3616,8.3569,-292.7180,0.556511
287.4470,8.3250,-292.6877,0.557143
286.5329,8.2920,-292.6777,0.557773
285.6196,8.2568,-292.6871,0.558404
284.7076,8.2191,-292.7154,0.559037
283.7974,8.1789,-292.7628,0.559651
282.8893,8.1374,-292.8302,0.560298
282.0532,8.0987,-292.9104,0.560879
281.1499,8.0568,-293.0161,0.561509
280.1805,8.0120,-293.1508,0.562190
279.2835,7.9709,-293.2944,0.562820
278.4583,7.9334,-293.4417,0.563406
277.4988,7.8896,-293.6294,0.564086
276.6794,7.8512,-293.8034,0.564674
275.7278,7.8056,-294.0216,0.565355
274.8483,7.7622,-294.2390,0.565982
273.9739,7.7180,-294.4719,0.566615
273.1056,7.6742,-294.7221,0.567248
272.2439,7.6315,-294.9908,0.567879
271.3896,7.5904,-295.2790,0.568509
270.5434,7.5513,-295.5878,0.569137
269.7073,7.5155,-295.9187,0.569765
268.8207,7.4840,-296.3032,0.570438
268.0115,7.4627,-296.6872,0.571058
267.2765,7.4479,-297.0626,0.571632
266.4350,7.4348,-297.5256,0.572300
265.6709,7.4267,-297.9800,0.572916
264.9241,7.4215,-298.4574,0.573528
264.1962,7.4194,-298.9580,0.574141
263.5419,7.4204,-299.4405,0.574703
262.8535,7.4248,-299.9852,0.575307
262.1878,7.4332,-300.5524,0.575909
261.5466,7.4472,-301.1424,0.576510
260.9281,7.4651,-301.7529,0.577110
260.3314,7.4846,-302.3814,0.577709
259.7567,7.5048,-303.0264,0.578303
259.2045,7.5247,-303.6872,0.578898
258.6364,7.5465,-304.4161,0.579538
258.1715,7.5648,-305.0544,0.580082
257.6915,7.5840,-305.7590,0.580670
257.2031,7.6039,-306.5324,0.581301
256.7774,7.6220,-307.2636,0.581887
256.3807,7.6413,-308.0075,0.582471
256.0123,7.6612,-308.7631,0.583053
255.6726,7.6819,-309.5295,0.583633
255.3593,7.7019,-310.3055,0.584213
255.0729,7.7213,-311.0904,0.584794
254.8122,7.7395,-311.8835,0.585376
254.5771,7.7566,-312.6841,0.585962
254.3664,7.7714,-313.4910,0.586542
254.1930,7.7828,-314.2408,0.587079
254.0159,7.7928,-315.1205,0.587707
253.8756,7.7984,-315.9415,0.588294
253.7589,7.8002,-316.7656,0.588880
253.6674,7.7989,-317.5921,0.589465
253.6019,7.7949,-318.4204,0.590046
253.5633,7.7885,-319.2495,0.590629
253.5520,7.7807,-320.0150,0.591167
253.5695,7.7698,-320.9067,0.591795
253.6155,7.7585,-321.7329,0.592371
253.6905,7.7463,-322.5559,0.592947
253.7948,7.7338,-323.3752,0.593525
253.9276,7.7214,-324.1895,0.594097
254.0887,7.7095,-324.9987,0.594670
254.2764,7.6978,-325.8016,0.595239
254.4731,7.6877,-326.5370,0.595763
254.7291,7.6765,-327.3876,0.596372
254.9911,7.6662,-328.1711,0.596939
255.2756,7.6556,-328.9477,0.597503
255.5831,7.6454,-329.7176,0.598066
255.9130,7.6354,-330.4803,0.598630
256.2650,7.6254,-331.2362,0.599197
256.6381,7.6145,-331.9839,0.599765
257.0336,7.6036,-332.7233,0.600329
257.4178,7.5930,-333.3976,0.600855
257.8557,7.5815,-334.1186,0.601419
258.3523,7.5696,-334.8828,0.602036
258.7993,7.5609,-335.5266,0.602565
259.3047,7.5528,-336.2128,0.603143
259.8309,7.5458,-336.8873,0.603715
260.3762,7.5390,-337.5504,0.604290
260.9398,7.5319,-338.2019,0.604870
261.5213,7.5245,-338.8417,0.605451
262.1201,7.5164,-339.4696,0.606040
262.7356,7.5073,-340.0851,0.606629
263.3673,7.4969,-340.6879,0.607214
264.0154,7.4859,-341.2760,0.607803
264.6803,7.4751,-341.8490,0.608399
265.3611,7.4638,-342.4066,0.608997
266.0572,7.4526,-342.9477,0.609585
266.7687,7.4422,-343.4717,0.610184
267.4947,7.4321,-343.9791,0.610788
268.2911,7.4212,-344.5084,0.611438
268.9846,7.4118,-344.9486,0.611989
269.7461,7.4013,-345.4126,0.612596
270.5177,7.3909,-345.8637,0.613202
271.2983,7.3806,-346.3030,0.613815
272.0871,7.3703,-346.7314,0.614421
272.8834,7.3605,-347.1491,0.615038
273.6868,7.3511,-347.5572,0.615650
274.4964,7.3411,-347.9565,0.616262
275.3119,7.3311,-348.3470,0.616885
276.1329,7.3214,-348.7283,0.617503
276.9595,7.3121,-349.1007,0.618121
277.7914,7.3037,-349.4642,0.618748
278.6282,7.2961,-349.8189,0.619363
279.4047,7.2897,-350.1386,0.619940
280.2503,7.2832,-350.4770,0.620564
281.1000,7.2759,-350.8078,0.621190
281.9534,7.2675,-351.1309,0.621819
282.8105,7.2582,-351.4460,0.622447
283.7375,7.2481,-351.7761,0.623123
284.6023,7.2387,-352.0736,0.623752
285.4707,7.2294,-352.3623,0.624380
286.3427,7.2204,-352.6415,0.625009
287.1508,7.2127,-352.8903,0.625591
288.0296,7.2049,-353.1497,0.626224
288.9118,7.1974,-353.3984,0.626853
289.7974,7.1898,-353.6361,0.627484
290.6859,7.1818,-353.8624,0.628117
291.5775,7.1738,-354.0767,0.628748
292.4719,7.1660,-354.2787,0.629380
293.3692,7.1586,-354.4685,0.630012
294.1996,7.1520,-354.6327,0.630594
295.1016,7.1452,-354.7988,0.631229
296.0058,7.1389,-354.9527,0.631858
296.9120,7.1329,-355.0945,0.632492
297.8201,7.1270,-355.2242,0.633121
298.7299,7.1210,-355.3416,0.633756
299.6411,7.1151,-355.4461,0.634389
300.5535,7.1095,-355.5372,0.635021
301.4670,7.1045,-355.6144,0.635653
302.3815,7.1001,-355.6775,0.636288
303.2264,7.0969,-355.7230,0.636871
304.1421,7.0941,-355.7584,0.637504
305.0582,7.0923,-355.7793,0.638138
305.9041,7.0916,-355.7858,0.638722
306.8203,7.0919,-355.7794,0.639354
307.7365,7.0929,-355.7593,0.639988
308.6524,7.0943,-355.7263,0.640621
309.5677,7.0960,-355.6807,0.641257
310.4825,7.0979,-355.6229,0.641890
311.3967,7.1000,-355.5537,0.642528
312.3102,7.1017,-355.4736,0.643160
313.2228,7.1032,-355.3828,0.643800
314.1344,7.1044,-355.2813,0.644433
314.9748,7.1057,-355.1782,0.645024
315.8839,7.1072,-355.0560,0.645658
316.7916,7.1086,-354.9229,0.646299
317.6976,7.1099,-354.7787,0.646931
318.5322,7.1111,-354.6357,0.647522
319.4344,7.1120,-354.4701,0.648160
320.3345,7.1129,-354.2931,0.648797
321.2322,7.1135,-354.1046,0.649437
322.1962,7.1137,-353.8891,0.650126
323.0887,7.1134,-353.6771,0.650763
323.9783,7.1127,-353.4539,0.651407
324.8653,7.1118,-353.2197,0.652040
325.7493,7.1107,-352.9746,0.652684
326.6305,7.1093,-352.7191,0.653326
327.5087,7.1080,-352.4534,0.653964
328.3841,7.1070,-352.1779,0.654603
329.2566,7.1065,-351.8933,0.655249
330.0598,7.1064,-351.6230,0.655842
330.9274,7.1065,-351.3224,0.656483
331.7925,7.1068,-351.0142,0.657127
332.6552,7.1076,-350.6988,0.657774
333.5154,7.1088,-350.3764,0.658414
334.3734,7.1106,-350.0477,0.659052
335.2292,7.1129,-349.7132,0.659694
336.0832,7.1155,-349.3736,0.660348
336.9359,7.1181,-349.0302,0.660982
337.7875,7.1208,-348.6844,0.661624
338.6390,7.1242,-348.3374,0.662266
339.4907,7.1271,-347.9905,0.662907
340.3429,7.1300,-347.6447,0.663543
341.1956,7.1331,-347.3009,0.664175
342.0463,7.1365,-346.9611,0.664811
342.8924,7.1407,-346.6274,0.665437
343.7953,7.1459,-346.2766,0.666096
344.6249,7.1506,-345.9600,0.666708
345.4458,7.1553,-345.6530,0.667310
346.2584,7.1602,-345.3566,0.667901
347.0635,7.1652,-345.0716,0.668477
347.8620,7.1704,-344.7990,0.669054
348.7155,7.1756,-344.5205,0.669667
349.5026,7.1796,-344.2767,0.670228
350.2851,7.1829,-344.0485,0.670779
351.0634,7.1857,-343.8368,0.671325
351.8384,7.1887,-343.6425,0.671862
352.6107,7.1918,-343.4657,0.672398
353.3809,7.1948,-343.3061,0.672933
354.1493,7.1970,-343.1627,0.673460
354.9159,7.1982,-343.0350,0.673989
355.6806,7.1986,-342.9230,0.674509
356.5019,7.1988,-342.8203,0.675070
357.2625,7.1997,-342.7410,0.675588
357.9628,7.2010,-342.6814,0.676066
358.7773,7.2026,-342.6277,0.676618
359.5311,7.2040,-342.5933,0.677127
360.2819,7.2053,-342.5743,0.677627
361.0292,7.2069,-342.5719,0.678124
361.7725,7.2089,-342.5873,0.678626
362.5109,7.2114,-342.6216,0.679120
363.2438,7.2142,-342.6755,0.679614
363.9709,7.2171,-342.7500,0.680102
364.6919,7.2200,-342.8461,0.680583
365.4064,7.2234,-342.9651,0.681058
366.1133,7.2275,-343.1082,0.681539
366.8116,7.2331,-343.2766,0.682010
367.4997,7.2408,-343.4714,0.682480
368.1771,7.2506,-343.6921,0.682950
368.8434,7.2622,-343.9380,0.683414
369.4976,7.2746,-344.2079,0.683883
370.1383,7.2883,-344.5016,0.684344
370.7639,7.3041,-344.8199,0.684811
371.3739,7.3223,-345.1628,0.685275
371.9692,7.3416,-345.5284,0.685740
372.5511,7.3602,-345.9142,0.686212
373.1201,7.3770,-346.3184,0.686679
373.6762,7.3919,-346.7410,0.687148
374.2194,7.4060,-347.1825,0.687621
374.7499,7.4192,-347.6422,0.688097
375.2688,7.4317,-348.1191,0.688578
375.7776,7.4430,-348.6116,0.689058
376.2778,7.4530,-349.1180,0.689547
376.7721,7.4629,-349.6363,0.690033
377.3018,7.4735,-350.2043,0.690565
377.7956,7.4833,-350.7375,0.691061
378.2952,7.4923,-351.2721,0.691563
378.8038,7.5005,-351.8043,0.692067
379.2838,7.5078,-352.2906,0.692534
379.8591,7.5170,-352.8491,0.693085
380.4095,7.5267,-353.3573,0.693591
380.9757,7.5369,-353.8543,0.694101
381.5580,7.5472,-354.3383,0.694616
382.1564,7.5577,-354.8070,0.695126
382.7716,7.5692,-355.2578,0.695642
383.4038,7.5824,-355.6884,0.696152
384.0524,7.5973,-356.0976,0.696665
384.7158,7.6134,-356.4841,0.697171
385.3929,7.6307,-356.8467,0.697669
386.1360,7.6501,-357.2099,0.698213
386.7835,7.6674,-357.4982,0.698672
387.4950,7.6864,-357.7863,0.699174
388.2157,7.7056,-358.0490,0.699675
388.9448,7.7250,-358.2859,0.700178
389.6815,7.7446,-358.4967,0.700677
390.4248,7.7645,-358.6810,0.701191
391.1739,7.7848,-358.8388,0.701704
391.9279,7.8051,-358.9702,0.702216
392.7444,7.8270,-359.0828,0.702756
393.5062,7.8467,-359.1614,0.703274
394.2706,7.8654,-359.2159,0.703790
395.0370,7.8831,-359.2471,0.704302
395.8048,7.9000,-359.2550,0.704821
396.5737,7.9165,-359.2400,0.705333
397.3433,7.9324,-359.2029,0.705853
398.1135,7.9473,-359.1448,0.706368
398.9432,7.9619,-359.0601,0.706938
399.7136,7.9739,-358.9614,0.707461
400.4840,7.9851,-358.8435,0.707984
401.2548,7.9960,-358.7067,0.708511
402.0261,8.0064,-358.5520,0.709041
402.7976,8.0164,-358.3805,0.709577
403.5691,8.0260,-358.1934,0.710118
404.2816,8.0346,-358.0079,0.710616
405.0536,8.0437,-357.7940,0.711159
405.8256,8.0530,-357.5674,0.711704
406.5384,8.0619,-357.3478,0.712212
407.3704,8.0726,-357.0801,0.712809
408.1432,8.0828,-356.8211,0.713363
408.9165,8.0930,-356.5526,0.713920
409.7496,8.1041,-356.2535,0.714526
410.5240,8.1150,-355.9672,0.715094
411.2995,8.1264,-355.6740,0.715667
412.0766,8.1385,-355.3751,0.716232
412.8561,8.1507,-355.0727,0.716808
413.6389,8.1627,-354.7687,0.717388
414.4255,8.1743,-354.4653,0.717970
415.2167,8.1858,-354.1641,0.718559
415.9515,8.1967,-353.8893,0.719106
416.7529,8.2087,-353.5960,0.719702
417.6222,8.2216,-353.2861,0.720349
418.3727,8.2325,-353.0258,0.720898
419.1913,8.2440,-352.7500,0.721505
420.0159,8.2555,-352.4810,0.722108
420.7822,8.2659,-352.2389,0.722682
421.6181,8.2773,-351.9839,0.723302
422.5246,8.2896,-351.7178,0.723969
423.3720,8.3012,-351.4791,0.724582
424.2248,8.3130,-351.2484,0.725199
425.0824,8.3249,-351.0256,0.725802
425.8781,8.3360,-350.8267,0.726371
426.7442,8.3480,-350.6182,0.726991
427.6143,8.3603,-350.4168,0.727616
428.4881,8.3727,-350.2221,0.728229
429.4327,8.3862,-350.0186,0.728894
430.2449,8.3982,-349.8478,0.729467
431.1950,8.4122,-349.6507,0.730134
432.0109,8.4242,-349.4821,0.730707
432.9642,8.4385,-349.2842,0.731378
433.7823,8.4505,-349.1129,0.731955
434.6693,8.4637,-348.9260,0.732581
435.5576,8.4768,-348.7378,0.733206
436.5150,8.4912,-348.5340,0.733876
437.3363,8.5033,-348.3587,0.734453
438.2270,8.5165,-348.1682,0.735083
439.1187,8.5296,-347.9771,0.735710
440.0109,8.5425,-347.7855,0.736337
440.9038,8.5557,-347.5941,0.736969
442.0036,8.5717,-347.3584,0.737747
442.9665,8.5854,-347.1515,0.738423
443.8611,8.5979,-346.9584,0.739059
444.7560,8.6106,-346.7639,0.739692
445.7201,8.6242,-346.5528,0.740372
446.6154,8.6367,-346.3552,0.740999
447.5109,8.6488,-346.1562,0.741636
448.4064,8.6607,-345.9565,0.742273
449.3022,8.6723,-345.7556,0.742906
450.1291,8.6831,-345.5692,0.743490
451.0247,8.6947,-345.3665,0.744126
451.9205,8.7057,-345.1629,0.744758
452.8853,8.7166,-344.9431,0.745440
453.7812,8.7264,-344.7381,0.746078
454.6770,8.7359,-344.5326,0.746716
455.5729,8.7450,-344.3266,0.747352
456.4689,8.7534,-344.1201,0.747989
457.4340,8.7617,-343.8974,0.748674
458.2610,8.7676,-343.7063,0.749264
459.2258,8.7736,-343.4830,0.749949
460.1217,8.7782,-343.2753,0.750588
461.0177,8.7823,-343.0672,0.751225
461.8447,8.7857,-342.8750,0.751813
462.7406,8.7889,-342.6664,0.752447
463.6365,8.7917,-342.4573,0.753084
464.5325,8.7937,-342.2478,0.753722
465.4283,8.7952,-342.0380,0.754360
466.3241,8.7967,-341.8282,0.754999
467.1509,8.7984,-341.6343,0.755583
468.1156,8.8011,-341.4082,0.756269
469.0115,8.8041,-341.1983,0.756906
469.9073,8.8068,-340.9888,0.757546
470.8032,8.8098,-340.7796,0.758180
471.6991,8.8137,-340.5705,0.758813
472.5952,8.8188,-340.3616,0.759451
473.4911,8.8246,-340.1531,0.760090
474.3873,8.8318,-339.9455,0.760727
475.2838,8.8398,-339.7384,0.761362
476.1803,8.8480,-339.5320,0.762002
477.0769,8.8566,-339.3260,0.762637
477.9737,8.8656,-339.1204,0.763275
478.8703,8.8753,-338.9145,0.763913
479.7668,8.8856,-338.7083,0.764547
480.6631,8.8964,-338.5018,0.765180
481.5593,8.9074,-338.2950,0.765815
482.3864,8.9176,-338.1038,0.766402
483.2822,8.9289,-337.8961,0.767043
484.1778,8.9404,-337.6880,0.767680
485.0732,8.9522,-337.4798,0.768315
485.9688,8.9640,-337.2713,0.768951
486.8643,8.9759,-337.0626,0.769589
487.7599,8.9879,-336.8539,0.770225
488.6554,9.0001,-336.6451,0.770862
489.5508,9.0124,-336.4360,0.771496
490.4463,9.0250,-336.2270,0.772133
491.2728,9.0365,-336.0337,0.772721
492.1682,9.0489,-335.8242,0.773357
493.2013,9.0631,-335.5825,0.774091
494.0964,9.0755,-335.3730,0.774724
494.9917,9.0880,-335.1638,0.775365
495.8873,9.1002,-334.9549,0.775998
496.7828,9.1124,-334.7464,0.776634
497.6786,9.1245,-334.5382,0.777275
498.6433,9.1377,-334.3146,0.777956
499.5392,9.1495,-334.1078,0.778593
500.4352,9.1613,-333.9016,0.779232
501.3315,9.1735,-333.6962,0.779868
502.1588,9.1848,-333.5070,0.780457
503.0554,9.1970,-333.3028,0.781091
503.9522,9.2094,-333.0990,0.781725
504.8489,9.2218,-332.8957,0.782367
505.7457,9.2341,-332.6926,0.782997
506.6425,9.2464,-332.4897,0.783641
507.4704,9.2580,-332.3022,0.784225
508.3672,9.2706,-332.0993,0.784859
509.2638,9.2832,-331.8966,0.785497
510.2295,9.2967,-331.6781,0.786181
511.1265,9.3091,-331.4751,0.786819
512.0234,9.3216,-331.2720,0.787454
512.9202,9.3342,-331.0689,0.788092
513.8168,9.3468,-330.8658,0.788726
514.7134,9.3590,-330.6627,0.789361
515.6104,9.3713,-330.4600,0.790000
516.5076,9.3838,-330.2573,0.790636
517.4050,9.3962,-330.0551,0.791270
518.2333,9.4079,-329.8685,0.791858
519.1307,9.4204,-329.6667,0.792495
520.0279,9.4329,-329.4651,0.793132
520.9247,9.4454,-329.2639,0.793773
521.8220,9.4572,-329.0629,0.794409
522.7194,9.4692,-328.8619,0.795044
523.6169,9.4816,-328.6614,0.795676
524.5143,9.4939,-328.4615,0.796311
525.4117,9.5060,-328.2610,0.796948
526.3090,9.5182,-328.0600,0.797583
527.2061,9.5303,-327.8583,0.798221
528.1031,9.5423,-327.6563,0.798864
528.9999,9.5542,-327.4543,0.799497
529.8974,9.5662,-327.2529,0.800131
530.7258,9.5777,-327.0671,0.800718
531.6232,9.5899,-326.8662,0.801354
532.5206,9.6020,-326.6658,0.801991
533.4179,9.6138,-326.4660,0.802629
534.3154,9.6257,-326.2667,0.803266
535.2130,9.6379,-326.0678,0.803901
536.1111,9.6505,-325.8692,0.804536
537.0092,9.6631,-325.6709,0.805172
537.9074,9.6754,-325.4729,0.805810
538.8056,9.6879,-325.2752,0.806443
539.7037,9.7012,-325.0777,0.807076
540.6016,9.7164,-324.8801,0.807724
541.4303,9.7317,-324.6973,0.808303
542.3277,9.7493,-324.4987,0.808938
543.2250,9.7672,-324.2995,0.809568
544.1909,9.7872,-324.0846,0.810248
545.0157,9.8048,-323.9006,0.810831
545.9710,9.8266,-323.6869,0.811508
546.7801,9.8456,-323.5045,0.812075
547.6443,9.8661,-323.3062,0.812677
548.4941,9.8865,-323.1048,0.813270
549.3286,9.9071,-322.8976,0.813861
550.1473,9.9274,-322.6818,0.814439
551.0107,9.9488,-322.4375,0.815043
551.7349,9.9665,-322.2167,0.815561
552.5024,9.9848,-321.9639,0.816109
553.2515,10.0022,-321.6962,0.816645
553.9814,10.0187,-321.4128,0.817168
554.6917,10.0343,-321.1137,0.817696
555.4344,10.0498,-320.7739,0.818252
556.1042,10.0627,-320.4416,0.818750
556.7061,10.0730,-320.1201,0.819219
557.3886,10.0834,-319.7263,0.819746
558.0039,10.0918,-319.3419,0.820238
558.6019,10.0995,-318.9388,0.820718
559.1830,10.1064,-318.5174,0.821200
559.7476,10.1122,-318.0786,0.821684
560.2951,10.1168,-317.6234,0.822160
560.8253,10.1197,-317.1526,0.822634
561.2990,10.1210,-316.7044,0.823073
561.7943,10.1213,-316.2046,0.823547
562.2698,10.1205,-315.6902,0.824014
562.6904,10.1193,-315.2026,0.824447
563.1251,10.1181,-314.6607,0.824919
563.5367,10.1175,-314.1052,0.825389
563.9246,10.1180,-313.5367,0.825860
564.2888,10.1198,-312.9559,0.826335
564.6288,10.1232,-312.3632,0.826811
564.9443,10.1285,-311.7587,0.827289
565.2346,10.1367,-311.1420,0.827769
565.4993,10.1486,-310.5131,0.828250
565.7398,10.1635,-309.8727,0.828738
565.9586,10.1799,-309.2220,0.829235
566.1569,10.1965,-308.5620,0.829730
566.3477,10.2141,-307.8415,0.830285
566.5026,10.2311,-307.1628,0.830803
566.6356,10.2491,-306.4747,0.831327
566.7399,10.2657,-305.8313,0.831808
566.8335,10.2827,-305.1266,0.832340
566.9065,10.2983,-304.4144,0.832875
566.9606,10.3142,-303.6394,0.833443
566.9865,10.3288,-302.9128,0.833968
566.9886,10.3426,-302.1807,0.834499
566.9680,10.3550,-301.4446,0.835031
566.9212,10.3661,-300.6481,0.835591
566.8551,10.3747,-299.9058,0.836117
566.7664,10.3826,-299.1615,0.836649
566.6464,10.3906,-298.3578,0.837224
566.5150,10.3977,-297.6096,0.837764
566.3681,10.4043,-296.8595,0.838287
566.2100,10.4110,-296.1064,0.838829
566.0475,10.4172,-295.3509,0.839363
565.8870,10.4236,-294.5924,0.839903
565.7235,10.4306,-293.7728,0.840473
565.5851,10.4368,-293.0094,0.841011
565.4546,10.4430,-292.1851,0.841580
565.3535,10.4484,-291.4184,0.842095
565.2739,10.4539,-290.6510,0.842604
565.2172,10.4593,-289.8833,0.843128
565.1830,10.4649,-289.0570,0.843660
565.1769,10.4697,-288.2912,0.844166
565.1962,10.4741,-287.5280,0.844659
565.2418,10.4781,-286.7687,0.845152
565.3141,10.4822,-286.0148,0.845646
565.4134,10.4863,-285.2674,0.846136
565.5396,10.4907,-284.5274,0.846619
565.6924,10.4951,-283.7958,0.847108
565.8716,10.4997,-283.0732,0.847589
566.0768,10.5049,-282.3604,0.848068
566.3073,10.5107,-281.6578,0.848552
566.5621,10.5173,-280.9657,0.849036
566.8398,10.5246,-280.2840,0.849514
567.1634,10.5337,-279.5609,0.850039
567.4854,10.5435,-278.8989,0.850526
567.8001,10.5539,-278.2951,0.850974
568.1586,10.5663,-277.6477,0.851467
568.5338,10.5796,-277.0056,0.851961
568.9245,10.5929,-276.3675,0.852465
569.3298,10.6060,-275.7329,0.852964
569.7495,10.6188,-275.1013,0.853486
570.1830,10.6311,-274.4726,0.853999
570.6296,10.6428,-273.8469,0.854524
571.0887,10.6534,-273.2244,0.855052
571.5599,10.6633,-272.6053,0.855582
572.0425,10.6729,-271.9893,0.856119
572.5360,10.6828,-271.3763,0.856659
573.0391,10.6929,-270.7656,0.857205
573.5505,10.7028,-270.1562,0.857756
574.0685,10.7121,-269.5470,0.858305
574.5919,10.7210,-268.9376,0.858862
575.1196,10.7295,-268.3267,0.859419
575.6503,10.7383,-267.7134,0.859980
576.1831,10.7474,-267.0972,0.860543
576.7585,10.7572,-266.4296,0.861152
577.2523,10.7654,-265.8537,0.861678
577.7873,10.7742,-265.2253,0.862249
578.3210,10.7830,-264.5916,0.862819
578.8519,10.7915,-263.9509,0.863393
579.3788,10.8004,-263.3025,0.863970
579.8998,10.8094,-262.6453,0.864545
580.4133,10.8184,-261.9781,0.865122
580.9177,10.8281,-261.3000,0.865700
581.4486,10.8385,-260.5568,0.866327
581.9290,10.8480,-259.8541,0.866914
582.3953,10.8568,-259.1389,0.867497
582.8459,10.8648,-258.4109,0.868079
583.2791,10.8720,-257.6700,0.868673
583.6926,10.8791,-256.9156,0.869263
584.0842,10.8867,-256.1476,0.869849
584.4526,10.8954,-255.3665,0.870435
584.7968,10.9056,-254.5726,0.871034
585.1166,10.9167,-253.7668,0.871620
585.4120,10.9282,-252.9502,0.872219
585.6809,10.9424,-252.1236,0.872813
585.9221,10.9610,-251.2867,0.873412
586.1375,10.9824,-250.4406,0.874007
586.3292,11.0047,-249.5874,0.874608
586.4995,11.0288,-248.7275,0.875208
586.6381,11.0519,-247.9287,0.875765
586.7687,11.0788,-247.0583,0.876368
586.8796,11.1077,-246.1833,0.876982
586.9727,11.1380,-245.3041,0.877587
587.0498,11.1682,-244.4213,0.878205
587.1112,11.1982,-243.5359,0.878819
587.1561,11.2288,-242.6481,0.879447
587.1840,11.2613,-241.7582,0.880069
587.1948,11.2964,-240.8667,0.880702
587.1899,11.3334,-239.9734,0.881340
587.1735,11.3668,-239.1475,0.881930
587.1448,11.3999,-238.2517,0.882564
587.1055,11.4292,-237.3551,0.883202
587.0513,11.4560,-236.3886,0.883902
586.9891,11.4771,-235.4908,0.884550
586.9149,11.4966,-234.5930,0.885213
586.8282,11.5159,-233.6952,0.885872
586.7293,11.5358,-232.7976,0.886519
586.6191,11.5566,-231.9003,0.887188
586.5089,11.5759,-231.0721,0.887792
586.3811,11.5963,-230.1749,0.888447
586.2455,11.6158,-229.2778,0.889095
586.1027,11.6347,-228.3810,0.889730
585.9525,11.6536,-227.4845,0.890373
585.7953,11.6733,-226.5885,0.891008
585.6314,11.6950,-225.6931,0.891649
585.4616,11.7180,-224.7978,0.892275
585.2871,11.7393,-223.9023,0.892915
585.1091,11.7557,-223.0069,0.893545
584.9282,11.7665,-222.1116,0.894185
584.7302,11.7744,-221.1475,0.894855
584.5433,11.7805,-220.2519,0.895494
584.3684,11.7843,-219.4250,0.896076
584.1771,11.7839,-218.5290,0.896713
583.9839,11.7776,-217.6328,0.897342
583.7886,11.7654,-216.7364,0.897973
583.5908,11.7471,-215.8403,0.898612
583.3897,11.7235,-214.9445,0.899244
583.1845,11.6962,-214.0493,0.899882
582.9748,11.6667,-213.1549,0.900516
582.7597,11.6360,-212.2614,0.901150
582.5388,11.6049,-211.3690,0.901785
582.3119,11.5732,-210.4777,0.902423
582.0789,11.5402,-209.5876,0.903063
581.8396,11.5054,-208.6990,0.903700
581.5935,11.4688,-207.8123,0.904334
581.3403,11.4310,-206.9276,0.904971
581.0798,11.3922,-206.0449,0.905610
580.8113,11.3539,-205.1647,0.906249
580.5134,11.3158,-204.2197,0.906935
580.2281,11.2894,-203.3434,0.907573
579.9396,11.2563,-202.4689,0.908209
579.6500,11.2131,-201.5960,0.908846
579.3787,11.1700,-200.7929,0.909433
579.0759,11.1293,-199.9257,0.910070
578.7657,11.0928,-199.0600,0.910706
578.4518,11.0523,-198.1955,0.911345
578.1101,11.0013,-197.2665,0.912029
577.7888,10.9481,-196.4061,0.912665
577.4598,10.8981,-195.5489,0.913304
577.1213,10.8546,-194.6939,0.913944
576.7748,10.8113,-193.8410,0.914579
576.4206,10.7661,-192.9919,0.915215
576.0562,10.7221,-192.1480,0.915852
575.7095,10.6848,-191.3735,0.916443
575.3228,10.6462,-190.5390,0.917081
574.9250,10.6074,-189.7097,0.917719
574.4832,10.5649,-188.8240,0.918405
574.0585,10.5260,-188.0098,0.919042
573.6183,10.4888,-187.2046,0.919680
573.1620,10.4534,-186.4091,0.920316
572.6517,10.4169,-185.5645,0.920998
572.1982,10.3868,-184.8518,0.921585
571.6498,10.3534,-184.0348,0.922264
571.1221,10.3237,-183.2913,0.922892
570.5770,10.2946,-182.5643,0.923519
570.0585,10.2685,-181.9093,0.924098
569.4807,10.2407,-181.2177,0.924718
568.8857,10.2133,-180.5451,0.925339
568.2739,10.1860,-179.8917,0.925954
567.5962,10.1568,-179.2098,0.926619
566.9999,10.1317,-178.6434,0.927183
566.2869,10.1022,-178.0043,0.927842
565.6082,10.0749,-177.4327,0.928455
564.9139,10.0485,-176.8831,0.929063
564.2593,10.0248,-176.3961,0.929625
563.4792,9.9993,-175.8540,0.930281
562.7394,9.9781,-175.3765,0.930888
561.9855,9.9594,-174.9245,0.931492
561.2180,9.9441,-174.4989,0.932097
560.4377,9.9329,-174.1006,0.932702
559.6453,9.9265,-173.7303,0.933306
558.8417,9.9248,-173.3876,0.933911
558.0283,9.9266,-173.0709,0.934514
557.2064,9.9306,-172.7786,0.935119
556.3771,9.9352,-172.5098,0.935723
555.5414,9.9404,-172.2642,0.936327
554.6993,9.9459,-172.0421,0.936931
553.7861,9.9522,-171.8294,0.937583
552.9987,9.9576,-171.6685,0.938140
552.0752,9.9666,-171.5086,0.938792
551.2125,9.9792,-171.3864,0.939395
550.2785,9.9913,-171.2749,0.940051
549.4091,9.9962,-171.1873,0.940660
548.5375,10.0015,-171.1212,0.941268
547.6622,10.0097,-171.0790,0.941877
546.7155,10.0194,-171.0578,0.942537
545.9025,10.0269,-171.0581,0.943105
544.9525,10.0344,-171.0793,0.943771
544.0695,10.0409,-171.1191,0.944388
543.1855,10.0470,-171.1785,0.945009
542.3015,10.0526,-171.2567,0.945625
541.3491,10.0577,-171.3602,0.946298
540.4648,10.0625,-171.4729,0.946930
539.5809,10.0673,-171.6010,0.947560
538.6971,10.0722,-171.7431,0.948193
537.8137,10.0770,-171.8979,0.948826
536.9306,10.0815,-172.0638,0.949465
536.0474,10.0859,-172.2392,0.950107
535.0962,10.0903,-172.4372,0.950797
534.2130,10.0942,-172.6277,0.951447
533.3290,10.0985,-172.8224,0.952084
532.4444,10.1024,-173.0196,0.952736
531.5586,10.1065,-173.2186,0.953381
530.6719,10.1108,-173.4183,0.954022
529.7840,10.1155,-173.6184,0.954662
528.8952,10.1199,-173.8188,0.955304
528.0055,10.1241,-174.0191,0.955947
527.1146,10.1278,-174.2188,0.956586
526.2229,10.1315,-174.4181,0.957236
525.2617,10.1348,-174.6329,0.957923
524.4371,10.1371,-174.8177,0.958516
523.5439,10.1390,-175.0193,0.959157
522.6508,10.1411,-175.2231,0.959798
521.7573,10.1429,-175.4297,0.960432
520.8643,10.1444,-175.6396,0.961068
520.0402,10.1455,-175.8366,0.961664
519.1481,10.1467,-176.0537,0.962305
518.2565,10.1477,-176.2746,0.962941
517.3654,10.1488,-176.4993,0.963574
516.4750,10.1499,-176.7272,0.964206
515.5170,10.1510,-176.9760,0.964885
514.5593,10.1520,-177.2276,0.965572
513.6705,10.1526,-177.4630,0.966211
512.7819,10.1528,-177.7000,0.966837
511.8934,10.1534,-177.9386,0.967472
511.0051,10.1539,-178.1784,0.968112
510.1172,10.1546,-178.4193,0.968750
509.2296,10.1551,-178.6608,0.969383
508.3419,10.1555,-178.9024,0.970017
507.4540,10.1558,-179.1439,0.970652
506.5660,10.1562,-179.3850,0.971290
505.6781,10.1567,-179.6258,0.971931
504.7901,10.1569,-179.8665,0.972566
503.9020,10.1567,-180.1069,0.973203
503.0137,10.1568,-180.3472,0.973833
502.1937,10.1569,-180.5690,0.974425
501.3055,10.1569,-180.8096,0.975060
500.4173,10.1569,-181.0503,0.975695
499.4607,10.1570,-181.3099,0.976379
498.5727,10.1571,-181.5515,0.977016
497.7532,10.1572,-181.7752,0.977604
496.8657,10.1572,-182.0182,0.978240
495.9782,10.1572,-182.2618,0.978877
495.0909,10.1571,-182.5060,0.979513
494.2038,10.1571,-182.7507,0.980149
493.3168,10.1567,-182.9957,0.980785
492.3615,10.1566,-183.2599,0.981470
491.5427,10.1563,-183.4867,0.982057
490.6558,10.1563,-183.7325,0.982695
489.7688,10.1561,-183.9777,0.983330
488.8134,10.1558,-184.2411,0.984016
487.9260,10.1558,-184.4853,0.984653
487.0385,10.1555,-184.7291,0.985289
486.1509,10.1555,-184.9728,0.985926
485.2634,10.1554,-185.2162,0.986563
484.3759,10.1554,-185.4591,0.987199
483.4198,10.1552,-185.7200,0.987884
482.5318,10.1551,-185.9619,0.988521
481.6438,10.1549,-186.2034,0.989157
480.7557,10.1547,-186.4446,0.989793
479.8676,10.1543,-186.6855,0.990431
478.9792,10.1540,-186.9259,0.991068
478.0907,10.1535,-187.1657,0.991704
477.2018,10.1533,-187.4045,0.992343
476.3128,10.1531,-187.6423,0.992978
475.4235,10.1529,-187.8793,0.993617
474.5339,10.1527,-188.1153,0.994255
473.6441,10.1524,-188.3503,0.994890
472.7540,10.1522,-188.5842,0.995525
471.7952,10.1521,-188.8351,0.996212
470.9046,10.1517,-189.0670,0.996849
470.0137,10.1515,-189.2980,0.997485
469.1226,10.1512,-189.5280,0.998123
468.2999,10.1510,-189.7397,0.998709
467.4085,10.1508,-189.9685,0.999346
466.5169,10.1506,-190.1967,0.999976
464.6647,10.1503,-190.6687,0.001298
463.7724,10.1498,-190.8948,0.001935
