408.813,11.6285,107.709
408.217,11.651,107.554
406.93,11.6947,107.377
405.564,11.7369,107.341
404.151,11.7792,107.341
402.692,11.8232,107.341
401.185,11.8643,107.341
399.615,11.9027,107.341
397.971,11.9392,107.341
396.248,11.9749,107.341
394.44,12.0109,107.341
392.579,12.0467,107.341
390.698,12.0815,107.341
388.829,12.1146,107.341
387.004,12.1471,107.341
385.201,12.1794,107.341
383.399,12.2117,107.341
381.578,12.2445,107.341
379.715,12.278,107.341
377.832,12.3117,107.341
375.948,12.3457,107.341
374.086,12.3796,107.341
372.265,12.413,107.341
370.465,12.4455,107.341
368.666,12.4766,107.341
366.846,12.5058,107.341
364.986,12.5328,107.341
363.104,12.557,107.341
361.221,12.5781,107.341
359.356,12.5955,107.341
357.529,12.609,107.341
355.721,12.6195,107.341
353.915,12.6282,107.341
352.092,12.6362,107.341
350.234,12.6447,107.341
348.348,12.6535,107.341
346.443,12.6625,107.341
344.527,12.6717,107.341
342.607,12.6808,107.341
340.685,12.6899,107.341
338.761,12.699,107.341
336.837,12.7082,107.341
334.912,12.7174,107.341
332.988,12.7266,107.341
331.064,12.7359,107.341
329.14,12.7451,107.341
327.217,12.7543,107.341
325.294,12.7635,107.341
323.372,12.7727,107.341
321.45,12.7819,107.341
319.529,12.7911,107.341
317.617,12.8003,107.341
315.722,12.8093,107.341
313.854,12.8182,107.341
312.022,12.8269,107.341
310.208,12.8355,107.341
308.397,12.8441,107.341
306.572,12.8527,107.348
304.717,12.8615,107.354
302.846,12.8704,107.361
300.977,12.8792,107.367
299.124,12.888,107.373
297.304,12.8966,107.38
295.508,12.9048,107.386
293.73,12.9121,107.392
291.961,12.9182,107.398
290.194,12.9228,107.403
288.421,12.9262,107.403
286.63,12.9285,107.402
284.813,12.93,107.402
282.96,12.9308,107.401
281.088,12.9313,107.401
279.216,12.9314,107.401
277.36,12.9315,107.4
275.538,12.9315,107.4
273.733,12.9316,107.399
271.928,12.9317,107.399
270.105,12.9319,107.398
268.247,12.932,107.398
266.372,12.9322,107.397
264.499,12.9324,107.397
262.645,12.9325,107.396
260.829,12.9326,107.396
259.041,12.9327,107.396
257.271,12.9327,107.395
255.509,12.9327,107.395
253.745,12.9327,107.394
251.97,12.9327,107.394
250.175,12.9327,107.393
248.352,12.9327,107.393
246.49,12.9327,107.392
244.611,12.9327,107.392
242.733,12.9327,107.391
240.875,12.9327,107.391
239.057,12.9328,107.391
237.26,12.9328,107.39
235.466,12.9327,107.39
233.655,12.9326,107.389
231.808,12.9324,107.389
229.942,12.9321,107.388
228.075,12.9317,107.388
226.224,12.9313,107.387
224.407,12.9308,107.387
222.614,12.9304,107.386
220.837,12.9299,107.386
219.069,12.9295,107.386
217.3,12.9291,107.385
215.523,12.9288,107.385
213.728,12.9285,107.384
211.908,12.9282,107.384
210.052,12.928,107.383
208.18,12.9279,107.383
206.308,12.9279,107.382
204.454,12.928,107.382
202.636,12.9283,107.381
200.835,12.9288,107.381
199.034,12.9294,107.381
197.213,12.93,107.38
195.357,12.9307,107.38
193.512,12.9313,107.379
191.727,12.932,107.379
190.05,12.9327,107.378
188.531,12.9334,107.378
187.089,12.9341,107.378
185.646,12.9348,107.377
184.123,12.9353,107.377
182.443,12.9357,107.376
180.653,12.9359,107.376
178.805,12.936,107.376
176.949,12.9359,107.375
175.135,12.9357,107.375
173.351,12.9353,107.374
171.589,12.9348,107.373
169.838,12.9341,107.372
168.087,12.9332,107.371
166.326,12.9322,107.37
164.543,12.9313,107.369
162.726,12.9306,107.368
160.866,12.9302,107.366
158.983,12.9299,107.365
157.1,12.9298,107.364
155.239,12.9298,107.363
153.422,12.9298,107.362
151.627,12.9298,107.362
149.832,12.9299,107.361
148.017,12.9301,107.361
146.158,12.9304,107.36
144.278,12.9308,107.36
142.397,12.9312,107.359
140.537,12.9315,107.359
138.719,12.9317,107.358
136.933,12.9317,107.358
135.169,12.9318,107.358
133.415,12.9319,107.357
131.662,12.932,107.357
129.898,12.9322,107.356
128.113,12.9324,107.356
126.296,12.9325,107.355
124.434,12.9326,107.355
122.552,12.9327,107.355
120.669,12.9327,107.354
118.808,12.9326,107.354
116.991,12.9325,107.353
115.198,12.9323,107.353
113.407,12.9321,107.352
111.599,12.932,107.352
109.753,12.9319,107.351
107.877,12.9318,107.351
105.98,12.9317,107.35
104.07,12.9317,107.35
102.155,12.9315,107.35
100.247,12.9314,107.349
98.3576,12.9313,107.349
96.4987,12.9312,107.348
94.6822,12.9312,107.348
92.8976,12.9314,107.347
91.1347,12.9316,107.347
89.3832,12.932,107.346
87.6325,12.9326,107.346
85.8717,12.9331,107.346
84.0893,12.9336,107.345
82.2745,12.9339,107.345
80.4159,12.9339,107.344
78.5351,12.9337,107.344
76.6537,12.9334,107.343
74.7931,12.9331,107.343
72.9751,12.9329,107.342
71.1791,12.9328,107.342
69.3849,12.9327,107.341
67.5723,12.9327,107.341
65.721,12.9327,107.341
63.8493,12.9327,107.34
61.9762,12.9327,107.34
60.1202,12.9326,107.339
58.2998,12.9325,107.339
56.4972,12.9323,107.338
54.6947,12.9321,107.338
52.8745,12.9319,107.337
51.0188,12.9316,107.337
49.1457,12.9314,107.337
47.2735,12.9311,107.336
45.4205,12.931,107.336
43.6048,12.9309,107.335
41.8171,12.9308,107.335
40.0483,12.9308,107.334
38.289,12.9307,107.334
36.53,12.9305,107.334
34.7615,12.9304,107.335
32.9738,12.9303,107.335
31.1571,12.9302,107.336
29.3017,12.9302,107.337
27.4268,12.9303,107.337
25.5515,12.9302,107.338
23.6952,12.93,107.339
21.877,12.9295,107.339
20.0775,12.9284,107.34
18.2776,12.9264,107.34
16.458,12.9232,107.34
14.5993,12.9184,107.34
12.7107,12.912,107.34
10.8015,12.9038,107.34
8.88065,12.8937,107.34
6.95743,12.8817,107.34
5.04288,12.8673,107.34
3.1481,12.8501,107.34
1.28418,12.8296,107.34
-0.53775,12.8056,107.34
-2.33774,12.7781,107.34
-4.13571,12.7472,107.34
-5.95166,12.7133,107.34
-7.80554,12.6763,107.34
-9.68842,12.636,107.34
-11.5915,12.5922,107.34
-13.5056,12.5444,107.34
-15.4222,12.4924,107.34
-17.343,12.4375,107.34
-19.2699,12.3804,107.34
-21.2049,12.3221,107.34
-23.15,12.2633,107.34
-25.118,12.2069,107.34
-27.1221,12.1541,107.34
-29.1764,12.1062,107.34
-31.296,12.0642,107.34
-33.4751,12.0261,107.297
-35.7044,11.9919,107.143
-37.9721,11.9628,106.83
-40.2718,11.9384,106.346
-42.5749,11.917,105.685
-44.8531,11.8982,104.846
-47.0801,11.8824,103.834
-49.2333,11.8697,102.656
-51.2985,11.8607,101.317
-53.2613,11.8548,99.8252
-55.1089,11.8509,98.1898
-56.8294,11.8483,96.421
-58.4133,11.8466,94.5285
-59.8515,11.8451,92.5232
-61.1362,11.843,90.4166
-62.2602,11.8396,88.2201
-63.2132,11.8332,85.956
-63.989,11.8236,83.6503
-64.5857,11.8105,81.33
-65.0066,11.7937,79.0229
-65.2609,11.7754,76.7398
-65.3516,11.7559,74.4957
-65.2098,11.7373,72.306
-65.0732,11.7187,70.1971
-64.9406,11.6973,68.1495
-64.8109,11.6875,66.1478
-64.6833,11.6758,64.1787
-64.5572,11.6738,62.2308
-64.4328,11.6602,60.3087
-64.3103,11.6475,58.4174
-64.1901,11.6369,56.5619
-64.0726,11.6322,54.7477
-63.9565,11.6276,52.954
-63.8403,11.6233,51.1604
-63.7228,11.6193,49.3463
-63.6027,11.6156,47.4911
-63.4812,11.6123,45.6157
-63.3597,11.6092,43.7408
-63.2397,11.6066,41.8872
-63.1223,11.6043,40.0756
-63.0068,11.603,38.2914
-62.8921,11.6026,36.5204
-62.7773,11.6032,34.7483
-62.6616,11.6046,32.961
-62.544,11.6062,31.146
-62.4239,11.609,29.2905
-62.3002,11.6132,27.381
-62.1619,11.6175,25.4034
-61.9559,11.6217,23.3886
-61.7252,11.6248,21.3568
-61.373,11.6272,19.349
-61.0007,11.6284,17.3739
-60.5156,11.6287,15.4357
-60.0047,11.6284,13.498
-59.3734,11.6275,11.5717
-58.6994,11.6261,9.61703
-57.909,11.6246,7.68434
-57.0778,11.623,5.7684
-56.1598,11.6213,3.91428
-55.214,11.6195,2.1181
-54.1947,11.6176,0.384277
-53.1308,11.6159,-1.32523
-51.9756,11.6142,-3.00174
-50.7495,11.6128,-4.68045
-49.4369,11.6115,-6.32004
-48.07,11.6103,-7.91461
-46.658,11.6092,-9.44049
-45.2182,11.6084,-10.8809
-43.748,11.6104,-12.2579
-42.2257,11.6094,-13.5737
-40.6487,11.6084,-14.8521
-38.9893,11.6084,-16.0853
-37.2784,11.6113,-17.2801
-35.5121,11.6201,-18.3929
-33.7337,11.6201,-19.4539
-31.9334,11.6279,-20.4055
-30.1275,11.6367,-21.3138
-28.2724,11.6475,-22.1277
-26.3797,11.6631,-22.9152
-24.4062,11.6865,-23.6111
-22.3929,11.6982,-24.2843
-20.3253,11.7178,-24.8345
-18.2477,11.7381,-25.3666
-16.1452,11.7628,-25.7486
-14.0604,11.7888,-26.1083
-11.9923,11.8158,-26.3329
-9.97299,11.8432,-26.5261
-8.01166,11.871,-26.5976
-6.09665,11.8996,-26.6596
-4.20413,11.9297,-26.6596
-2.31613,11.9611,-26.6596
-0.411835,11.9941,-26.6596
1.50339,12.0288,-26.6596
3.42386,12.0648,-26.6596
5.34384,12.1017,-26.6596
7.2576,12.1392,-26.6596
9.15887,12.176,-26.6596
11.0413,12.2114,-26.6596
12.8986,12.2446,-26.6596
14.7245,12.2748,-26.6596
16.5345,12.3022,-26.6596
18.3441,12.3272,-26.6596
20.1687,12.3501,-26.6596
22.0238,12.371,-26.6596
23.8941,12.3903,-26.6596
25.764,12.4079,-26.6596
27.6181,12.424,-26.6596
29.4409,12.4387,-26.6595
31.248,12.4518,-26.6595
33.055,12.4632,-26.6595
34.8775,12.4729,-26.6595
36.7313,12.4805,-26.6595
38.5998,12.4865,-26.6595
40.4668,12.4908,-26.6595
42.3161,12.4938,-26.6595
44.1311,12.4956,-26.6595
45.9206,12.4964,-26.6595
47.6931,12.4967,-26.6595
49.4572,12.4967,-26.6595
51.2216,12.4966,-26.6595
52.995,12.4965,-26.6595
54.7866,12.4963,-26.6595
56.605,12.496,-26.6595
58.4593,12.4956,-26.6595
60.3315,12.4951,-26.6595
62.2032,12.4946,-26.6595
64.0566,12.4943,-26.6595
65.8735,12.4942,-26.6595
67.6726,12.4942,-26.6595
69.4727,12.4943,-26.6595
71.2922,12.4945,-26.6595
73.1502,12.4947,-26.6595
75.0374,12.4949,-26.6595
76.9452,12.495,-26.6595
78.8644,12.4952,-26.6595
80.7863,12.4955,-26.6595
82.7,12.4956,-26.6595
84.5948,12.4958,-26.6595
86.4599,12.4958,-26.6595
88.2845,12.4957,-26.6595
90.0877,12.4955,-26.6595
91.8888,12.4952,-26.6595
93.7065,12.495,-26.6595
95.5599,12.4948,-26.6594
97.4405,12.4946,-26.6594
99.339,12.4944,-26.6594
101.247,12.4941,-26.6594
103.155,12.4938,-26.6594
105.054,12.4934,-26.6594
106.934,12.4931,-26.6594
108.786,12.4929,-26.6594
110.601,12.4928,-26.6594
112.396,12.4928,-26.6594
114.189,12.4929,-26.6594
116.0,12.493,-26.6594
117.846,12.4931,-26.6594
119.711,12.4933,-26.6594
121.578,12.4935,-26.6594
123.431,12.4937,-26.6594
125.255,12.4939,-26.6594
127.064,12.4942,-26.6594
128.875,12.4945,-26.6594
130.703,12.4949,-26.6594
132.564,12.4954,-26.6594
134.451,12.4958,-26.6594
136.355,12.4963,-26.6594
138.269,12.4966,-26.6594
140.185,12.4968,-26.6594
142.104,12.497,-26.6594
144.024,12.497,-26.6594
145.944,12.4971,-26.6594
147.866,12.4971,-26.6594
149.788,12.497,-26.6594
151.71,12.4969,-26.6594
153.633,12.4965,-26.6594
155.558,12.4959,-26.6594
157.472,12.4952,-26.6593
159.365,12.4945,-26.6593
161.225,12.4939,-26.6593
163.042,12.4935,-26.6593
164.826,12.4933,-26.6593
166.589,12.4933,-26.6593
168.341,12.4935,-26.6593
170.093,12.4938,-26.6593
171.845,12.4941,-26.6593
173.597,12.4945,-26.6593
175.349,12.4949,-26.6593
177.101,12.4953,-26.6593
178.862,12.4956,-26.6593
180.641,12.4958,-26.6593
182.448,12.496,-26.6593
184.291,12.4961,-26.6593
186.154,12.4961,-26.6593
188.019,12.4962,-26.6593
189.868,12.4961,-26.6593
191.685,12.496,-26.6593
193.477,12.4958,-26.6593
195.251,12.4956,-26.6593
197.017,12.4954,-26.6593
198.781,12.4952,-26.6593
200.553,12.4949,-26.6593
202.342,12.4948,-26.6593
204.158,12.4947,-26.6593
206.009,12.4947,-26.6593
207.878,12.4947,-26.6593
209.748,12.4949,-26.6593
211.601,12.495,-26.6593
213.42,12.4951,-26.6593
215.212,12.4951,-26.6593
216.985,12.4952,-26.6593
218.746,12.4953,-26.6593
220.501,12.4954,-26.6593
222.263,12.4956,-26.6593
224.042,12.4957,-26.6593
225.85,12.4958,-26.6593
227.697,12.4958,-26.6592
229.567,12.4957,-26.6592
231.44,12.4956,-26.6592
233.298,12.4953,-26.6592
235.123,12.495,-26.6592
236.931,12.4946,-26.6592
238.739,12.4942,-26.6592
240.562,12.4939,-26.6592
242.418,12.4936,-26.6592
244.288,12.4935,-26.6592
246.156,12.4934,-26.6592
248.006,12.4935,-26.6592
249.82,12.4937,-26.6592
251.608,12.494,-26.6592
253.378,12.4943,-26.6592
255.14,12.4946,-26.6592
256.903,12.4949,-26.6592
258.676,12.4952,-26.6592
260.467,12.4953,-26.6592
262.287,12.4955,-26.6592
264.143,12.4956,-26.6592
266.018,12.4957,-26.6592
267.892,12.4957,-26.6592
269.746,12.4957,-26.6592
271.562,12.4957,-26.6592
273.36,12.4956,-26.6592
275.158,12.4955,-26.6592
276.977,12.4954,-26.6592
278.835,12.4952,-26.6592
280.724,12.495,-26.6592
282.634,12.4948,-26.6592
284.554,12.4946,-26.6592
286.475,12.4945,-26.6592
288.386,12.4944,-26.6592
290.279,12.4943,-26.6591
292.141,12.4942,-26.6591
293.965,12.4942,-26.6591
295.767,12.4942,-26.6591
297.566,12.4942,-26.6591
299.38,12.4943,-26.6591
301.229,12.4945,-26.6591
303.095,12.4947,-26.6591
304.962,12.495,-26.6591
306.813,12.4952,-26.6591
308.631,12.4953,-26.6591
310.434,12.4954,-26.6591
312.238,12.4954,-26.6591
314.059,12.4953,-26.6591
315.915,12.4952,-26.6591
317.787,12.4952,-26.6591
319.657,12.4952,-26.6591
321.508,12.4953,-26.6591
323.322,12.4954,-26.6591
325.108,12.4956,-26.6591
326.878,12.4959,-26.6591
328.642,12.4961,-26.6591
330.41,12.4954,-26.6591
332.187,12.494,-26.6591
333.978,12.4919,-26.6591
335.785,12.4891,-26.6591
337.615,12.4845,-26.6591
339.444,12.4782,-26.6591
341.249,12.4705,-26.6591
343.009,12.4616,-26.6591
344.707,12.4542,-26.6591
346.342,12.4485,-26.6591
347.921,12.4427,-26.6715
349.421,12.4359,-26.8227
350.816,12.4317,-27.165
352.098,12.4295,-27.6721
353.262,12.4291,-28.3217
354.305,12.4291,-29.0966
355.229,12.429,-29.9854
356.027,12.4292,-30.9727
356.691,12.43,-32.0435
357.217,12.4308,-33.1833
357.599,12.432,-34.3777
357.831,12.4327,-35.6081
357.907,12.4335,-36.8549
357.832,12.4335,-38.0974
357.608,12.4348,-39.3177
357.234,12.4372,-40.5083
356.706,12.4413,-41.6612
356.02,12.4463,-42.7664
355.164,12.4506,-43.8101
354.134,12.4546,-44.7685
352.96,12.4591,-45.6413
351.728,12.4663,-46.4966
350.467,12.473,-47.3717
349.17,12.4783,-48.2711
347.838,12.4826,-49.1956
346.472,12.4858,-50.1438
345.076,12.4887,-51.1127
343.657,12.4909,-52.0974
342.223,12.4924,-53.0927
340.78,12.4928,-54.0934
339.338,12.493,-55.0946
337.887,12.4933,-56.1012
336.422,12.4935,-57.118
334.935,12.4936,-58.1501
333.418,12.4938,-59.2024
331.887,12.494,-60.265
330.356,12.4941,-61.3275
328.84,12.4942,-62.3799
327.353,12.4943,-63.4121
325.887,12.4943,-64.4291
324.436,12.4943,-65.4361
322.992,12.4943,-66.438
321.548,12.4942,-67.44
320.096,12.4942,-68.4479
318.626,12.4942,-69.468
317.13,12.4943,-70.5063
315.599,12.4943,-71.5686
314.042,12.4944,-72.649
312.468,12.4945,-73.7411
310.887,12.4946,-74.8388
309.306,12.4949,-75.9359
307.727,12.4949,-77.0317
306.151,12.4947,-78.1255
304.578,12.4943,-79.2166
303.011,12.4936,-80.3043
301.45,12.4925,-81.3876
299.897,12.4911,-82.4654
298.353,12.4894,-83.5367
296.82,12.4882,-84.6005
295.33,12.4872,-85.6912
293.865,12.4861,-86.7675
292.375,12.4852,-87.7357
290.889,12.4846,-88.6203
289.409,12.4842,-89.4414
287.932,12.484,-90.2132
286.455,12.4841,-90.9467
284.969,12.4841,-91.6502
283.472,12.4842,-92.3393
281.954,12.4844,-93.0205
280.403,12.4847,-93.6972
278.805,12.4852,-94.3642
277.179,12.4858,-95.0207
275.544,12.4866,-95.6584
273.91,12.4875,-96.2528
272.298,12.4883,-96.802
270.7,12.4891,-97.3112
269.108,12.4897,-97.777
267.514,12.4903,-98.1985
265.912,12.4908,-98.5915
264.297,12.4913,-98.9572
262.66,12.4916,-99.2928
260.993,12.4919,-99.5947
259.29,12.4921,-99.8724
257.557,12.4924,-100.124
255.802,12.4926,-100.345
254.029,12.4928,-100.521
252.245,12.4927,-100.644
250.464,12.4926,-100.73
248.699,12.4925,-100.786
246.962,12.4924,-100.815
245.266,12.4924,-100.819
243.59,12.4924,-100.804
241.914,12.4924,-100.777
240.217,12.4924,-100.738
238.481,12.4923,-100.68
236.716,12.492,-100.569
234.941,12.4915,-100.366
233.166,12.4905,-100.082
231.402,12.4889,-99.7461
229.654,12.4867,-99.3894
227.93,12.4839,-99.0161
226.241,12.4801,-98.6273
224.595,12.4754,-98.2261
222.981,12.4697,-97.8123
221.387,12.4629,-97.3807
219.804,12.4548,-96.9237
218.217,12.4453,-96.4496
216.619,12.4344,-95.946
215.011,12.4223,-95.3762
213.374,12.4089,-94.7635
211.688,12.394,-94.1326
209.973,12.3777,-93.4903
208.245,12.3607,-92.8437
206.524,12.3432,-92.1995
204.828,12.3257,-91.5649
203.153,12.3078,-90.9377
201.492,12.2893,-90.3159
199.839,12.2701,-89.6974
198.19,12.2503,-89.08
196.534,12.2301,-88.4603
194.863,12.2094,-87.8345
193.165,12.1884,-87.1988
191.433,12.1673,-86.5496
189.674,12.1463,-85.8902
187.895,12.1255,-85.2236
186.105,12.1052,-84.5527
184.312,12.0857,-83.8807
182.512,12.0673,-83.2063
180.704,12.0501,-82.5285
178.883,12.0342,-81.8461
177.047,12.0196,-81.158
175.205,12.0064,-80.4677
173.362,11.9945,-79.7895
171.506,11.9841,-79.1908
169.667,11.9746,-78.6179
167.835,11.9662,-78.0743
166.002,11.9588,-77.5666
164.157,11.9522,-77.1022
162.293,11.9465,-76.6863
160.403,11.9416,-76.3201
158.48,11.9376,-75.9975
156.518,11.9346,-75.7096
154.507,11.9328,-75.4588
152.468,11.932,-75.2608
150.424,11.9322,-75.127
148.398,11.9335,-75.0631
146.415,11.9361,-75.0676
144.455,11.9399,-75.1436
142.501,11.9451,-75.2908
140.532,11.9517,-75.4934
138.528,11.9598,-75.7438
136.499,11.9692,-76.0353
134.456,11.9801,-76.3744
132.407,11.9923,-76.7462
130.362,12.0056,-77.1487
128.321,12.02,-77.5853
126.288,12.0354,-78.0657
124.272,12.0515,-78.614
122.285,12.0684,-79.2539
120.346,12.0857,-79.9845
118.467,12.1031,-80.7851
116.647,12.1207,-81.6092
114.898,12.138,-82.4498
113.218,12.1552,-83.3374
111.558,12.1725,-84.2139
109.903,12.1902,-85.0879
108.237,12.2093,-85.9676
106.566,12.2296,-86.8502
104.896,12.2509,-87.7324
103.232,12.273,-88.611
101.555,12.3039,-89.4318
99.865,12.3281,-90.2023
98.1817,12.3524,-90.9699
96.5008,12.3767,-91.7363
94.8185,12.4009,-92.5033
93.143,12.4251,-93.2673
91.4827,12.4492,-94.0243
89.8336,12.4731,-94.7401
88.2022,12.4967,-95.4031
86.591,12.5201,-96.0404
84.9912,12.5434,-96.6518
83.394,12.5666,-97.2379
81.7919,12.5897,-97.8003
80.1759,12.6129,-98.3424
78.5302,12.6362,-98.8466
76.8457,12.6597,-99.3127
75.1272,12.6835,-99.788
73.3911,12.7072,-100.268
71.6534,12.7306,-100.749
69.9297,12.7534,-101.226
68.2364,12.7753,-101.694
66.5658,12.7963,-102.156
64.9069,12.8165,-102.598
63.2383,12.8358,-102.955
61.4441,12.8411,-103.291
59.8427,12.8454,-103.57
58.2137,12.8495,-103.835
56.3208,12.8537,-104.121
54.6393,12.8572,-104.356
52.9362,12.8603,-104.577
51.2133,12.8632,-104.784
49.2224,12.8661,-105.002
47.4635,12.8683,-105.179
45.6906,12.8703,-105.34
43.9058,12.872,-105.488
42.1108,12.8734,-105.621
40.3075,12.8745,-105.74
38.7566,12.8752,-105.83
36.9429,12.8758,-105.922
35.3859,12.8761,-105.989
33.5681,12.8762,-106.054
31.7509,12.8759,-106.104
29.9361,12.8754,-106.14
28.1256,12.8747,-106.16
26.3211,12.8736,-106.167
24.5247,12.8722,-106.158
22.7381,12.8706,-106.134
20.9632,12.8687,-106.096
19.2019,12.8665,-106.043
17.4561,12.864,-105.975
15.7276,12.8612,-105.892
14.0183,12.8581,-105.794
12.5698,12.8553,-105.697
10.9011,12.8517,-105.571
9.02409,12.8473,-105.409
7.41019,12.8431,-105.25
5.60077,12.8379,-105.05
3.83138,12.8324,-104.83
2.10481,12.8265,-104.591
0.217102,12.8195,-104.297
-1.40919,12.8128,-104.014
-3.17705,12.8049,-103.672
-5.06,12.7955,-103.262
-6.68292,12.7865,-102.87
-8.25873,12.7771,-102.466
-9.78973,12.7673,-102.052
-11.4385,12.7557,-101.574
-12.8753,12.7449,-101.127
-14.2676,12.7335,-100.661
-15.7626,12.7204,-100.117
-17.0614,12.7081,-99.6011
-18.4526,12.6938,-98.9965
-19.7895,12.679,-98.3549
-21.0722,12.6636,-97.6731
-22.3008,12.6476,-96.9475
-23.4753,12.6311,-96.1747
-24.5961,12.6139,-95.3512
-25.6632,12.5962,-94.4737
-26.7751,12.5761,-93.4418
-27.7298,12.5571,-92.4395
-28.6313,12.5376,-91.3725
-29.4797,12.5175,-90.2373
-30.2751,12.4968,-89.0304
-31.0176,12.4756,-87.7485
-31.7074,12.4538,-86.3881
-32.3447,12.4314,-84.9458
-32.9294,12.4084,-83.4181
-33.4619,12.3848,-81.8015
-33.8966,12.3631,-80.2679
-34.2891,12.3409,-78.657
-34.6759,12.3157,-76.7735
-34.9797,12.2926,-74.9913
-35.2682,12.2663,-72.912
-35.6457,12.2663,-70.2811
-36.1382,12.2643,-68.0737
-36.7665,12.2608,-66.0301
-37.6909,12.2551,-63.7778
-38.791,12.2482,-61.7251
-40.1686,12.2402,-59.7036
-41.7262,12.2323,-57.8681
-43.4501,12.2252,-56.1933
-45.3267,12.2197,-54.6542
-47.1825,12.2167,-53.3322
-48.9785,12.2161,-52.1862
-50.849,12.218,-51.089
-52.6866,12.2209,-50.0472
-54.3141,12.2244,-49.143
-56.077,12.2295,-48.1834
-57.9918,12.2334,-47.1636
-59.7623,12.2402,-46.2395
-61.7364,12.249,-45.2271
-63.782,12.2588,-44.194
-65.9269,12.2705,-43.123
-68.0039,12.2822,-42.0935
-70.4166,12.2979,-40.9026
-72.9662,12.3281,-41.3582
-73.3668,12.333,-41.4297
-74.6642,12.3486,-41.6615
-75.7739,12.3594,-41.8591
-78.6064,12.3857,-42.3634
-81.5965,12.4189,-42.8971
-84.0504,12.4512,-44.3206
-87.936,12.5244,-47.4484
-89.6988,12.5322,-49.2961
-91.3183,12.5381,-51.3409
-92.6301,12.5431,-53.3982
-93.7428,12.5486,-55.6562
-94.5583,12.5514,-57.9279
-95.1126,12.5523,-60.2126
-95.4222,12.5516,-62.3178
-95.5769,12.5491,-64.6257
-95.5808,12.5453,-66.7512
-95.4939,12.5406,-68.6911
-95.3247,12.5339,-70.8331
-95.1265,12.5265,-72.7874
-94.9076,12.5179,-74.7478
-94.7101,12.5092,-76.5173
-94.528,12.4994,-78.2912
-94.37,12.4886,-80.0684
-94.2143,12.4768,-81.8438
-94.0571,12.464,-83.6166
-93.8806,12.4486,-85.5833
-93.7198,12.4337,-87.3504
-93.5572,12.4179,-89.1146
-93.3741,12.4121,-91.0714
-93.2071,12.407,-92.8291
-93.0378,12.4019,-94.5837
-92.866,12.3968,-96.335
-92.6917,12.3916,-98.0829
-92.5146,12.3865,-99.8272
-92.3146,12.3809,-101.761
-92.1314,12.3758,-103.498
-91.9242,12.3702,-105.423
-91.713,12.3646,-107.343
-91.5193,12.3595,-109.066
-91.4369,12.3561,-110.235
-91.2775,12.3515,-111.8
-91.082,12.3492,-113.369
-90.8144,12.3515,-114.946
-90.4635,12.3564,-116.531
-90.0183,12.3619,-118.125
-89.4696,12.368,-119.731
-88.808,12.375,-121.351
-88.0358,12.3825,-122.967
-87.155,12.3902,-124.562
-86.1445,12.3978,-126.096
-84.9832,12.405,-127.53
-83.7265,12.4115,-128.884
-82.4296,12.417,-130.177
-81.0907,12.4213,-131.398
-79.7081,12.424,-132.533
-78.2759,12.4253,-133.577
-76.7882,12.4254,-134.524
-75.2622,12.4244,-135.395
-73.7153,12.4226,-136.209
-72.1447,12.4201,-136.954
-70.5473,12.4171,-137.617
-68.9473,12.4136,-138.236
-67.3689,12.41,-138.846
-65.8013,12.4063,-139.452
-62.7318,12.3987,-140.639
-59.7161,12.3913,-141.805
-56.7468,12.3847,-142.954
-53.8162,12.3793,-144.078
-50.9097,12.3751,-145.176
-48.0222,12.3717,-146.267
-45.1423,12.3691,-147.355
-42.2589,12.3671,-148.445
-39.3611,12.3656,-149.54
-36.4384,12.3646,-150.644
-33.4798,12.3641,-151.762
-30.4747,12.3641,-152.897
-27.451,12.3645,-154.039
-24.4365,12.3651,-155.178
-21.4593,12.3658,-156.303
-18.5471,12.3666,-157.403
-15.6594,12.3672,-158.494
-12.7557,12.3675,-159.591
-9.79532,12.3675,-160.71
-6.73773,12.367,-161.865
-3.60599,12.3661,-163.048
-0.423096,12.3648,-164.251
2.78787,12.3631,-165.464
6.00388,12.3611,-166.679
9.22363,12.3589,-167.895
12.4459,12.3566,-169.113
15.6693,12.3543,-170.33
18.8928,12.352,-171.548
22.1163,12.3497,-172.766
25.3397,12.3474,-173.984
28.5631,12.3452,-175.202
31.7866,12.3428,-176.42
35.0201,12.3404,-177.61
38.2601,12.3379,-178.784
41.5001,12.3354,-179.957
44.7401,12.3328,-181.13
47.9801,12.3301,-182.304
51.2201,12.3273,-183.477
54.4601,12.3243,-184.65
57.7,12.3212,-185.824
60.94,12.3179,-186.997
64.18,12.3145,-188.17
67.42,12.311,-189.344
70.66,12.3074,-190.517
73.9,12.3039,-191.69
77.14,12.3005,-192.863
80.38,12.2972,-194.037
83.62,12.2943,-195.21
86.8606,12.2916,-196.384
90.1025,12.2889,-197.558
93.3463,12.2861,-198.732
96.5927,12.2831,-199.908
99.8276,12.2799,-201.08
103.037,12.2766,-202.242
106.207,12.2735,-203.39
109.324,12.2705,-204.518
112.413,12.2679,-205.637
115.501,12.2657,-206.755
118.612,12.264,-207.882
121.774,12.263,-209.027
124.973,12.2625,-210.186
128.196,12.2623,-211.353
131.43,12.2623,-212.524
134.663,12.2623,-213.695
137.894,12.2623,-214.865
141.123,12.2624,-216.034
144.353,12.2625,-217.204
147.601,12.2626,-218.318
150.854,12.2628,-219.418
154.107,12.2629,-220.517
157.36,12.2628,-221.616
160.613,12.2626,-222.715
163.866,12.2623,-223.815
167.119,12.2619,-224.914
170.372,12.2615,-226.013
173.626,12.2611,-227.112
176.879,12.2608,-228.212
180.132,12.2605,-229.311
183.385,12.26,-230.41
186.638,12.2595,-231.509
189.891,12.2588,-232.609
193.144,12.258,-233.708
196.397,12.2571,-234.807
199.651,12.2561,-235.906
202.904,12.2549,-237.005
206.157,12.2538,-238.105
209.41,12.2525,-239.204
212.663,12.2513,-240.303
215.916,12.2501,-241.402
219.169,12.2489,-242.502
222.422,12.2477,-243.601
225.675,12.2464,-244.7
228.929,12.2452,-245.8
232.184,12.2439,-246.899
235.443,12.2425,-247.989
238.722,12.2409,-249.029
241.988,12.2394,-250.064
245.226,12.2378,-251.091
248.423,12.2362,-252.105
251.563,12.2348,-253.1
254.675,12.2335,-254.087
257.79,12.2322,-255.075
260.938,12.2309,-256.072
264.147,12.2295,-257.09
267.399,12.2282,-258.121
270.673,12.2272,-259.159
273.951,12.2266,-260.198
277.212,12.2265,-261.232
280.456,12.2271,-262.26
283.679,12.2286,-263.282
286.88,12.231,-264.297
290.056,12.2347,-265.304
293.205,12.2393,-266.303
296.326,12.245,-267.292
299.414,12.2514,-268.271
302.468,12.2586,-269.239
305.52,12.2665,-270.206
308.602,12.2748,-271.179
311.744,12.2836,-272.17
314.977,12.2926,-273.191
318.26,12.302,-274.226
321.548,12.3115,-275.264
324.799,12.3212,-276.29
327.97,12.331,-277.291
331.083,12.3412,-278.273
334.158,12.3518,-279.243
337.216,12.3631,-280.208
340.278,12.3752,-281.174
343.339,12.3882,-282.141
346.395,12.402,-283.105
349.439,12.4165,-284.065
352.468,12.4317,-285.021
355.478,12.4477,-285.971
358.467,12.4642,-286.914
361.432,12.4813,-287.85
364.372,12.4989,-288.778
367.281,12.5175,-289.684
370.154,12.5377,-290.56
372.976,12.5601,-291.421
375.741,12.5852,-292.264
377.086,12.5988,-292.675
378.421,12.6128,-293.082
379.737,12.6271,-293.483
381.035,12.6419,-293.879
382.318,12.6571,-294.27
383.567,12.6731,-294.694
384.766,12.673,-295.188
385.893,12.6728,-295.763
386.931,12.6725,-296.431
387.879,12.6721,-297.176
388.738,12.6716,-297.978
389.512,12.671,-298.827
390.205,12.6702,-299.713
390.823,12.6693,-300.632
391.368,12.6684,-301.583
391.838,12.6673,-302.566
392.228,12.666,-303.58
392.514,12.6647,-304.621
392.673,12.6633,-305.685
392.701,12.6618,-306.757
392.597,12.6602,-307.82
392.375,12.6585,-308.864
392.053,12.6567,-309.878
391.636,12.6549,-310.859
391.132,12.653,-311.805
390.544,12.6511,-312.714
389.875,12.6491,-313.58
389.125,12.6471,-314.399
388.298,12.645,-315.165
387.396,12.6429,-315.872
386.42,12.6409,-316.514
385.379,12.6388,-317.095
384.279,12.6367,-317.619
383.133,12.6346,-318.105
381.953,12.6325,-318.57
380.755,12.6304,-319.023
378.261,12.6261,-319.955
375.635,12.6219,-320.844
372.884,12.6178,-321.632
370.038,12.6136,-322.312
367.149,12.6095,-322.967
364.243,12.6055,-323.592
361.318,12.6015,-324.147
358.375,12.5976,-324.604
355.422,12.5937,-324.949
352.469,12.5899,-325.18
349.526,12.5861,-325.326
346.602,12.5825,-325.428
343.702,12.5789,-325.509
340.824,12.5755,-325.551
337.957,12.5722,-325.557
335.087,12.569,-325.487
332.203,12.5659,-325.342
329.291,12.563,-325.151
326.374,12.5603,-324.818
323.46,12.5577,-324.438
320.571,12.5554,-323.946
317.717,12.5533,-323.395
314.883,12.5515,-322.77
312.053,12.5499,-322.074
309.205,12.5486,-321.329
306.332,12.5475,-320.494
303.423,12.5468,-319.631
300.495,12.5463,-318.7
297.537,12.5461,-317.756
294.56,12.5402,-316.782
291.572,12.5351,-315.804
288.587,12.5308,-314.829
285.62,12.527,-313.859
282.683,12.5237,-312.909
279.765,12.5207,-311.976
276.859,12.518,-311.046
273.953,12.5154,-310.117
271.039,12.5129,-309.187
268.118,12.5104,-308.255
265.196,12.508,-307.323
262.276,12.5056,-306.391
259.362,12.5033,-305.461
256.45,12.5011,-304.532
253.539,12.4988,-303.603
250.625,12.4965,-302.674
247.705,12.4942,-301.742
244.757,12.4918,-300.801
241.758,12.4895,-299.844
238.684,12.4872,-298.863
235.512,12.4851,-297.851
232.271,12.483,-296.817
228.989,12.4809,-295.77
225.693,12.4788,-294.718
222.411,12.4765,-293.671
219.164,12.4743,-292.635
215.97,12.4721,-291.616
212.849,12.4701,-290.62
209.82,12.4684,-289.653
206.846,12.4671,-288.704
203.891,12.4662,-287.761
200.917,12.4657,-286.812
197.888,12.4657,-285.846
194.806,12.4661,-284.862
191.672,12.467,-283.862
188.489,12.4683,-282.847
185.274,12.4699,-281.766
182.023,12.4719,-280.64
178.728,12.4741,-279.499
175.391,12.4765,-278.343
172.013,12.479,-277.173
168.597,12.4816,-275.99
165.143,12.4843,-274.794
161.655,12.4872,-273.585
158.132,12.4902,-272.365
154.579,12.4932,-271.134
150.995,12.4963,-269.893
147.384,12.4992,-268.642
143.746,12.5019,-267.382
140.084,12.5045,-266.114
136.399,12.507,-264.838
132.693,12.5095,-263.554
128.967,12.5121,-262.264
125.284,12.5147,-260.988
121.705,12.5173,-259.748
118.29,12.5198,-258.565
115.102,12.5222,-257.461
112.083,12.5244,-256.415
109.178,12.5265,-255.409
106.329,12.5283,-254.422
103.48,12.5299,-253.436
100.63,12.5313,-252.448
97.7769,12.5324,-251.46
94.9204,12.5335,-250.471
92.0587,12.5344,-249.48
89.2018,12.5352,-248.464
86.3532,12.536,-247.418
83.5046,12.5367,-246.372
80.6574,12.5374,-245.327
77.811,12.5382,-244.282
74.9647,12.5392,-243.238
72.1177,12.5403,-242.193
69.2693,12.5416,-241.147
66.4201,12.5431,-240.101
63.5701,12.5448,-239.055
60.7198,12.5465,-238.009
57.8696,12.5482,-236.963
55.0193,12.5499,-235.916
52.169,12.5515,-234.87
49.3187,12.553,-233.824
46.4685,12.5544,-232.778
43.6182,12.5558,-231.731
40.7679,12.5571,-230.685
37.9177,12.5585,-229.639
35.0674,12.56,-228.593
32.2171,12.5616,-227.546
29.3669,12.563,-226.5
26.5166,12.5641,-225.454
23.6663,12.5649,-224.408
20.816,12.5655,-223.361
17.9658,12.566,-222.315
15.1155,12.5665,-221.269
12.2652,12.5672,-220.223
9.41522,12.5681,-219.177
6.56586,12.5694,-218.131
3.71738,12.5711,-217.085
0.870087,12.5733,-216.04
-1.99481,12.5758,-214.988
-4.89609,12.5783,-213.923
-7.83447,12.5806,-212.79
-10.8445,12.5824,-211.623
-13.9217,12.584,-210.43
-17.06,12.5852,-209.213
-20.2533,12.5864,-207.975
-23.4955,12.5874,-206.718
-26.7747,12.5885,-205.446
-30.0793,12.5895,-204.165
-33.3972,12.5906,-202.879
-36.7168,12.5917,-201.592
-40.0375,12.5929,-200.304
-43.3591,12.5941,-199.017
-46.681,12.5953,-197.729
-50.0029,12.5965,-196.441
-53.3248,12.5977,-195.153
-56.6467,12.5989,-193.865
-59.9687,12.6,-192.577
-63.2906,12.6011,-191.289
-66.6125,12.6022,-190.001
-69.9344,12.6034,-188.713
-73.2563,12.6047,-187.425
-76.5783,12.6063,-186.137
-79.9002,12.608,-184.85
-83.2221,12.6098,-183.562
-86.544,12.6116,-182.274
-89.866,12.6133,-180.986
-93.1879,12.6148,-179.698
-96.5098,12.6162,-178.41
-99.8317,12.6175,-177.122
-103.154,12.6186,-175.834
-106.476,12.6198,-174.546
-109.798,12.6213,-173.259
-113.12,12.6232,-171.971
-116.442,12.6257,-170.684
-119.764,12.6286,-169.396
-123.086,12.6317,-168.109
-126.408,12.6349,-166.822
-129.73,12.6379,-165.534
-133.052,12.6407,-164.247
-136.375,12.6433,-162.959
-139.697,12.6459,-161.672
-143.019,12.6485,-160.385
-145.891,12.6507,-159.272
-149.663,12.6541,-157.81
-152.443,12.6522,-156.374
-154.564,12.6502,-154.804
-156.408,12.6492,-153.052
-157.921,12.6483,-151.112
-158.987,12.6473,-148.96
-159.346,12.6453,-146.551
-159.357,12.6434,-144.094
-159.346,12.6434,-141.627
-159.308,12.6414,-139.075
-159.268,12.6404,-136.402
-159.226,12.6385,-133.59
-159.182,12.6365,-130.669
-159.137,12.6356,-127.674
-159.091,12.6336,-124.643
-159.045,12.6317,-121.613
-158.999,12.6297,-118.569
-158.953,12.6287,-115.497
-158.906,12.6277,-112.381
-158.858,12.6258,-109.207
-158.81,12.6238,-105.987
-158.761,12.6219,-102.731
-158.711,12.6199,-99.4532
-158.662,12.618,-96.1642
-158.612,12.617,-92.8846
-158.563,12.6141,-89.6347
-158.515,12.6121,-86.4347
-158.468,12.6111,-83.305
-158.422,12.6092,-80.2126
-158.375,12.6072,-77.1244
-158.328,12.6063,-74.0075
-158.28,12.6043,-70.8289
-158.232,12.6033,-67.6156
-158.183,12.6004,-64.3949
-158.135,12.5994,-61.1938
-158.087,12.5975,-58.0394
-158.04,12.5955,-54.9116
-157.993,12.5936,-51.7898
-157.946,12.5926,-48.6538
-157.898,12.5906,-45.4832
-157.85,12.5887,-42.2798
-157.801,12.5877,-39.0452
-157.752,12.5858,-35.7811
-157.703,12.5828,-32.4891
-157.653,12.5819,-29.171
-157.602,12.5799,-25.8284
-157.552,12.5779,-22.463
-157.501,12.577,-19.0764
-157.45,12.574,-15.6978
-157.399,12.5731,-12.3559
-157.35,12.5711,-9.07977
-157.302,12.5692,-5.89844
-157.255,12.5672,-2.78651
-157.209,12.5662,0.281311
-157.163,12.5643,3.33037
-157.117,12.5623,6.38599
-157.071,12.5613,9.44702
-157.025,12.5594,12.5124
-156.978,12.5574,15.581
-156.932,12.5565,18.6516
-156.886,12.5535,21.7233
-156.84,12.5526,24.7947
-156.793,12.5506,27.8649
-156.747,12.5486,30.9327
-156.701,12.5477,33.9969
-156.655,12.5457,37.0565
-156.609,12.5438,40.1104
-156.563,12.5418,43.1574
-156.517,12.5408,46.2228
-156.47,12.5399,49.3319
-156.422,12.5369,52.51
-156.373,12.536,55.7823
-156.322,12.534,59.12
-156.272,12.532,62.494
-156.221,12.5301,65.8754
-156.17,12.5281,69.2352
-156.12,12.5272,72.5717
-156.07,12.5252,75.8834
-156.02,12.5233,79.1685
-155.971,12.5213,82.4253
-155.923,12.5194,85.6522
-155.875,12.5184,88.8475
-155.827,12.5164,92.0095
-155.78,12.5145,95.1366
-155.733,12.5125,98.2489
-155.686,12.5106,101.367
-155.639,12.5096,104.51
-155.591,12.5076,107.7
-155.542,12.5057,110.908
-155.494,12.5037,114.109
-155.446,12.5018,117.274
-155.4,12.5008,120.377
-155.354,12.4988,123.433
-155.308,12.4979,126.457
-155.263,12.4959,129.465
-155.217,12.4949,132.472
-155.172,12.493,135.482
-155.127,12.491,138.499
-155.081,12.4901,141.527
-155.035,12.4881,144.57
-154.989,12.4861,147.615
-154.944,12.4842,150.65
-154.898,12.4832,153.662
-154.853,12.4813,156.64
-154.81,12.4803,159.535
-154.768,12.4774,162.305
-154.729,12.4764,164.914
-154.708,12.4754,166.129
-154.681,12.4754,167.325
-154.637,12.4754,168.479
-154.538,12.4744,169.578
-154.344,12.4735,170.605
-154.025,12.4735,171.549
-153.553,12.4725,172.401
-152.844,12.4716,173.197
-152.374,12.4713,173.603
-151.878,12.471,173.961
-151.011,12.4706,174.464
-150.288,12.4702,174.775
-149.722,12.4699,174.936
-148.737,12.4693,175.126
-147.503,12.4686,175.343
-143.947,12.4839,175.345
-142.13,12.4971,175.34
-140.344,12.5086,175.335
-139.133,12.5153,175.332
-137.429,12.5234,175.327
-135.671,12.5301,175.322
-133.295,12.5365,175.315
-131.509,12.5399,175.31
-129.696,12.5428,175.304
-127.849,12.5458,175.299
-125.984,12.5488,175.301
-124.116,12.5518,175.304
-122.262,12.5527,175.307
-120.437,12.5547,175.31
-118.627,12.5576,175.312
-116.817,12.5557,175.315
-114.991,12.5576,175.318
-113.136,12.5566,175.32
-111.265,12.5571,175.323
-109.397,12.5576,175.326
-107.545,12.5582,175.329
-105.726,12.5586,175.332
-103.922,12.559,175.334
-102.116,12.5592,175.337
-100.29,12.5594,175.34
-98.4266,12.5594,175.34
-96.5352,12.5593,175.339
-94.6257,12.559,175.338
-92.7082,12.5586,175.337
-90.7921,12.5579,175.336
-88.8768,12.5571,175.335
-86.9613,12.5564,175.334
-85.0445,12.5557,175.333
-83.1257,12.5553,175.332
-81.2148,12.555,175.332
-79.3219,12.555,175.331
-77.4571,12.5551,175.33
-75.6303,12.5554,175.329
-73.8231,12.5557,175.328
-72.017,12.556,175.327
-70.1936,12.5563,175.326
-68.3344,12.5565,175.326
-66.4577,12.5566,175.325
-64.5821,12.5567,175.324
-62.7259,12.5567,175.323
-60.9076,12.5567,175.322
-59.1177,12.5567,175.321
-57.3469,12.5567,175.32
-55.5857,12.5567,175.32
-53.8247,12.5567,175.32
-52.0543,12.5567,175.32
-50.265,12.5567,175.321
-48.4471,12.5567,175.321
-46.591,12.5567,175.322
-44.7155,12.5567,175.322
-42.8394,12.5567,175.323
-40.9815,12.5567,175.323
-39.1606,12.5567,175.324
-37.3683,12.5567,175.324
-35.5963,12.5568,175.325
-33.8362,12.5569,175.326
-32.0797,12.5572,175.326
-30.3153,12.5575,175.327
-28.5311,12.5579,175.327
-26.7154,12.5582,175.328
-24.8567,12.5584,175.328
-22.9655,12.5585,175.329
-21.0525,12.5586,175.329
-19.1282,12.5586,175.33
-17.2036,12.5586,175.33
-15.2887,12.5585,175.331
-13.3944,12.5583,175.331
-11.5309,12.5581,175.332
-9.70862,12.5578,175.332
-7.91772,12.5575,175.333
-6.14822,12.5572,175.333
-4.39023,12.5568,175.334
-2.63382,12.5564,175.334
-0.878021,12.556,175.335
0.877838,12.5556,175.335
2.63474,12.5554,175.336
4.39352,12.5552,175.336
6.16324,12.5552,175.337
7.95309,12.5553,175.337
9.77219,12.5555,175.338
11.6296,12.5557,175.338
13.5062,12.556,175.339
15.3828,12.5563,175.339
17.2404,12.5567,175.34
19.0598,12.5572,175.34
20.8604,12.5578,175.34
22.6616,12.5584,175.339
24.4826,12.5589,175.338
26.343,12.5593,175.338
28.2334,12.5595,175.337
30.1444,12.5596,175.336
32.0667,12.5594,175.336
33.9912,12.559,175.335
35.907,12.5585,175.334
37.8034,12.558,175.334
39.6699,12.5574,175.334
41.4957,12.557,175.333
43.2997,12.5566,175.333
45.1003,12.5563,175.333
46.9166,12.556,175.333
48.7672,12.5557,175.333
50.6355,12.5555,175.333
52.5052,12.5552,175.333
54.3596,12.5551,175.333
56.1825,12.5551,175.333
57.9898,12.5552,175.333
59.7977,12.5554,175.333
61.6225,12.5556,175.333
63.4801,12.556,175.332
65.3533,12.5564,175.332
67.2249,12.5568,175.332
69.0777,12.5572,175.332
70.8943,12.5574,175.332
72.6841,12.5576,175.332
74.4563,12.5577,175.332
76.2203,12.5577,175.332
77.9854,12.5577,175.332
79.7604,12.5577,175.332
81.5542,12.5577,175.332
83.3757,12.5577,175.332
85.2338,12.5577,175.331
87.1097,12.5577,175.331
88.9852,12.5577,175.331
90.8415,12.5577,175.331
92.6602,12.5577,175.331
94.4506,12.5577,175.331
96.2221,12.5577,175.331
97.9841,12.5577,175.331
99.7459,12.5577,175.331
101.517,12.5577,175.331
103.305,12.5577,175.331
105.12,12.5577,175.331
106.971,12.5577,175.331
108.841,12.5577,175.33
110.713,12.5577,175.33
112.568,12.5577,175.33
114.391,12.5577,175.33
116.199,12.5577,175.33
118.007,12.5577,175.33
119.834,12.5578,175.33
121.695,12.5579,175.33
123.572,12.5581,175.33
125.448,12.5582,175.33
127.302,12.5584,175.33
129.117,12.5586,175.33
130.902,12.5587,175.329
132.67,12.5587,175.329
134.43,12.5586,175.329
136.194,12.5583,175.329
137.96,12.5579,175.329
139.726,12.5575,175.329
141.489,12.5571,175.329
143.249,12.5567,175.329
145.015,12.5564,175.329
146.795,12.5561,175.329
148.599,12.5558,175.329
150.436,12.5555,175.331
152.288,12.5552,175.344
154.139,12.5548,175.358
155.97,12.5543,175.301
157.763,12.5537,175.213
159.53,12.553,175.126
161.28,12.5522,175.04
163.023,12.5513,174.955
164.768,12.5504,174.869
166.516,12.5494,174.784
168.264,12.5484,174.698
170.014,12.5474,174.612
171.764,12.5464,174.526
173.515,12.5453,174.44
175.265,12.5443,174.333
177.015,12.5432,174.216
178.765,12.5421,174.099
180.525,12.541,173.982
182.305,12.5398,173.864
184.112,12.5385,173.743
185.958,12.5372,173.62
187.822,12.5358,173.496
189.688,12.5344,173.371
191.537,12.5329,173.248
193.349,12.5315,173.127
195.136,12.5301,173.008
196.905,12.5289,172.89
198.665,12.5275,172.773
200.426,12.5261,172.656
202.188,12.5249,172.538
203.948,12.5238,172.421
205.707,12.5228,172.304
207.463,12.5221,172.187
209.227,12.5214,172.069
211.01,12.521,171.95
212.822,12.5206,171.829
214.676,12.5202,171.706
216.55,12.5197,171.581
218.427,12.519,171.456
220.286,12.5182,171.332
222.108,12.5164,171.21
223.907,12.5139,171.09
225.695,12.5106,170.971
227.483,12.5067,170.852
229.286,12.5004,170.732
231.067,12.4917,170.613
232.789,12.4807,170.498
234.418,12.4675,170.39
235.918,12.4551,170.29
237.29,12.4428,170.198
238.575,12.4307,170.113
239.785,12.4201,170.032
240.956,12.418,169.954
242.131,12.4228,169.872
242.733,12.4252,169.819
243.331,12.4276,169.732
243.912,12.4305,169.587
244.469,12.4339,169.381
244.995,12.4383,169.112
245.486,12.4437,168.781
245.938,12.4504,168.392
246.345,12.4585,167.945
246.7,12.4682,167.443
246.996,12.4795,166.889
247.226,12.4922,166.286
247.401,12.5058,165.644
247.536,12.5196,164.973
247.652,12.5339,164.279
248.15,12.5997,161.296
248.43,12.6408,159.623
248.732,12.6887,157.811
249.056,12.742,155.872
249.4,12.8,153.811
249.764,12.8598,151.628
250.016,12.8894,150.491
250.302,12.9189,149.353
250.657,12.9482,148.214
251.083,12.9771,147.082
251.585,13.0053,145.967
252.16,13.0327,144.871
252.807,13.0592,143.799
253.53,13.0838,142.758
254.333,13.1061,141.754
255.211,13.1258,140.792
256.155,13.143,139.879
257.161,13.1578,139.023
258.225,13.17,138.233
259.34,13.1798,137.516
260.499,13.1875,136.88
261.691,13.1931,136.323
262.908,13.1972,135.844
264.145,13.1994,135.448
265.395,13.1999,135.137
266.651,13.1985,134.909
267.902,13.1953,134.765
269.139,13.1904,134.697
270.353,13.184,134.703
271.533,13.1769,134.779
272.671,13.1701,134.923
273.77,13.1633,135.122
274.834,13.1565,135.365
275.88,13.1496,135.63
277.879,13.1387,136.184
279.823,13.1325,136.723
281.731,13.1347,137.251
283.602,13.144,137.769
285.433,13.159,138.276
287.225,13.1785,138.772
288.973,13.1987,139.257
290.692,13.2193,139.733
292.392,13.2399,140.204
294.085,13.2601,140.673
295.785,13.2793,141.143
297.496,13.2962,141.617
299.227,13.3095,142.097
300.985,13.3178,142.584
302.775,13.3199,143.08
304.582,13.3166,143.58
306.386,13.3091,144.08
308.17,13.2982,144.574
309.916,13.2851,145.057
311.634,13.2703,145.533
313.335,13.2546,146.004
315.028,13.2385,146.473
316.724,13.2226,146.943
318.422,13.2069,147.414
320.121,13.1913,147.884
321.82,13.1757,148.355
323.517,13.1601,148.825
325.223,13.1444,149.297
326.947,13.1285,149.775
328.7,13.1123,150.26
330.491,13.0958,150.756
332.312,13.0791,151.261
334.151,13.0622,151.77
336.001,13.0452,152.283
337.851,13.0281,152.795
339.701,13.0111,153.307
341.55,12.9941,153.819
343.398,12.977,154.331
345.245,12.96,154.843
347.081,12.9431,155.352
348.899,12.9264,155.855
350.689,12.91,156.351
352.442,12.8939,156.837
354.178,12.878,157.317
355.913,12.8621,157.798
357.666,12.846,158.283
359.455,12.8296,158.779
361.271,12.8129,159.282
363.106,12.796,159.79
364.95,12.779,160.301
366.794,12.762,160.812
368.629,12.7451,161.32
370.446,12.7284,161.823
372.235,12.712,162.319
373.987,12.6962,162.804
375.711,12.6805,163.281
377.417,12.6647,163.754
379.116,12.6483,164.225
380.817,12.6304,164.696
382.526,12.6107,165.169
384.249,12.589,165.646
385.991,12.5651,166.129
387.759,12.5378,166.618
389.527,12.508,167.108
391.27,12.4766,167.591
392.963,12.444,168.06
394.582,12.4124,168.508
396.147,12.3812,168.942
397.683,12.3499,169.33
399.216,12.3174,169.627
400.764,12.2852,169.798
402.314,12.2533,169.845
403.851,12.2216,169.754
405.36,12.1893,169.539
406.834,12.1568,169.21
408.269,12.1233,168.772
409.66,12.0899,168.228
411.004,12.0559,167.583
412.293,12.0216,166.835
413.508,11.9863,165.974
414.655,11.9512,165.024
415.725,11.9156,163.991
416.715,11.8803,162.88
417.618,11.8453,161.697
418.43,11.8108,160.451
419.124,11.7761,159.137
419.714,11.7434,157.776
420.201,11.7119,156.372
420.583,11.6825,154.926
420.855,11.6545,153.439
421.013,11.6283,151.911
421.044,11.6042,150.347
420.931,11.5821,148.759
420.744,11.5626,147.156
420.543,11.5443,145.54
420.34,11.5265,143.903
420.134,11.5093,142.241
419.924,11.4926,140.553
419.711,11.4768,138.838
419.494,11.4615,137.094
419.273,11.4466,135.317
419.048,11.432,133.504
418.818,11.4174,131.652
418.585,11.4034,129.776
418.351,11.3902,127.892
418.117,11.3785,126.014
417.887,11.3678,124.157
417.661,11.3588,122.343
417.444,11.352,120.595
417.237,11.3479,118.931
417.043,11.3487,117.368
416.799,11.3545,115.9
416.398,11.3649,114.546
415.854,11.3791,113.301
415.175,11.3996,112.159
414.384,11.4257,111.137
413.512,11.4559,110.237
412.571,11.4892,109.465
411.575,11.5251,108.819
410.528,11.5642,108.282
409.41,11.6061,107.864
