-203.158,-61.9609,51.5928
-202.632,-61.9656,52.4837
-202.075,-61.9703,53.3621
-201.459,-61.9752,54.2597
-200.818,-61.9805,55.0598
-200.177,-61.9858,55.86
-199.424,-61.9914,56.6461
-198.603,-61.9974,57.4502
-197.782,-62.0033,58.2542
-196.961,-62.0093,59.0582
-196.214,-62.0141,59.7551
-195.424,-62.0192,60.4885
-194.634,-62.0242,61.222
-193.844,-62.0292,61.9555
-193.054,-62.0343,62.6889
-192.264,-62.0393,63.4224
-191.363,-62.0447,64.2586
-190.463,-62.0496,65.0939
-189.564,-62.0545,65.9292
-188.664,-62.0594,66.7645
-187.764,-62.0643,67.5998
-186.864,-62.0692,68.435
-185.965,-62.074,69.2703
-185.065,-62.0789,70.1056
-184.165,-62.0838,70.9409
-183.135,-62.0888,71.8975
-182.381,-62.0921,72.5974
-181.627,-62.0954,73.2973
-180.873,-62.0988,73.9971
-180.119,-62.1021,74.697
-179.365,-62.1054,75.3969
-178.612,-62.1087,76.0967
-177.858,-62.1121,76.7966
-177.104,-62.1154,77.4965
-176.35,-62.1187,78.1964
-175.596,-62.1221,78.8962
-174.842,-62.1254,79.5961
-174.088,-62.1287,80.2959
-173.267,-62.1326,81.0587
-172.41,-62.1367,81.8543
-171.553,-62.1409,82.6499
-170.696,-62.145,83.4456
-169.839,-62.1492,84.2412
-168.982,-62.1533,85.0368
-168.125,-62.1575,85.8325
-167.268,-62.1616,86.6281
-166.411,-62.1658,87.4237
-165.554,-62.1699,88.2193
-164.697,-62.1741,89.015
-163.84,-62.1782,89.8106
-162.983,-62.1823,90.6062
-162.101,-62.1861,91.4243
-161.192,-62.1894,92.2684
-160.283,-62.1928,93.1125
-159.374,-62.1961,93.9565
-158.465,-62.1994,94.8006
-157.555,-62.2028,95.6446
-156.646,-62.2061,96.4887
-155.737,-62.2094,97.3327
-154.828,-62.2128,98.1768
-153.919,-62.2161,99.0208
-153.009,-62.2194,99.8649
-152.1,-62.2228,100.709
-151.191,-62.2261,101.553
-150.28,-62.2294,102.396
-149.364,-62.2327,103.234
-148.447,-62.2359,104.073
-147.531,-62.2392,104.911
-146.615,-62.2424,105.75
-145.699,-62.2457,106.588
-144.783,-62.2489,107.427
-143.866,-62.2522,108.265
-142.95,-62.2555,109.104
-142.034,-62.2587,109.943
-141.118,-62.262,110.781
-140.202,-62.2652,111.62
-139.285,-62.2685,112.458
-138.373,-62.2717,113.293
-137.507,-62.2742,114.086
-136.641,-62.2767,114.879
-135.774,-62.2792,115.672
-134.908,-62.2818,116.465
-134.042,-62.2843,117.258
-133.175,-62.2868,118.051
-132.309,-62.2893,118.843
-131.443,-62.2918,119.636
-130.576,-62.2943,120.429
-129.71,-62.2969,121.222
-128.844,-62.2994,122.015
-127.977,-62.3019,122.808
-127.111,-62.3044,123.601
-126.334,-62.3121,124.312
-125.569,-62.3205,125.013
-124.803,-62.3289,125.714
-124.037,-62.3372,126.414
-123.271,-62.3456,127.115
-122.506,-62.3539,127.816
-121.74,-62.3623,128.517
-120.974,-62.3707,129.218
-120.209,-62.379,129.918
-119.443,-62.3874,130.619
-118.677,-62.3958,131.32
-117.911,-62.4041,132.021
-117.146,-62.4125,132.722
-116.078,-62.4227,133.699
-115.03,-62.4322,134.658
-113.982,-62.4418,135.618
-112.934,-62.4513,136.577
-111.886,-62.4609,137.536
-110.838,-62.4704,138.495
-109.791,-62.48,139.454
-108.743,-62.4895,140.413
-107.698,-62.499,141.369
-106.902,-62.5072,142.097
-106.106,-62.5154,142.826
-105.363,-62.523,143.496
-104.608,-62.5307,144.177
-103.853,-62.5384,144.858
-103.038,-62.5464,145.574
-102.271,-62.5538,146.238
-101.452,-62.5617,146.935
-100.625,-62.5696,147.565
-99.7964,-62.577,148.144
-98.8204,-62.5795,148.364
-97.8264,-62.5839,148.598
-96.8507,-62.5914,148.853
-95.9489,-62.5993,149.342
-94.9986,-62.6076,149.822
-94.0159,-62.6158,150.249
-93.0237,-62.6241,150.666
-92.0628,-62.632,151.019
-91.0946,-62.6399,151.364
-90.09,-62.648,151.671
-89.08,-62.6561,151.971
-88.0359,-62.6643,152.23
-86.9881,-62.6725,152.485
-85.9935,-62.6803,152.682
-84.9988,-62.688,152.88
-83.9808,-62.7025,153.039
-82.9608,-62.7175,153.195
-81.9258,-62.7327,153.319
-80.885,-62.748,153.432
-79.8359,-62.7633,153.522
-78.7792,-62.7787,153.591
-77.7189,-62.7942,153.646
-76.651,-62.8097,153.671
-75.5825,-62.8253,153.691
-74.5092,-62.8409,153.671
-73.4359,-62.8566,153.652
-72.3612,-62.8723,153.586
-71.2865,-62.888,153.517
-70.2134,-62.9037,153.416
-69.1411,-62.9194,153.301
-68.0731,-62.9351,153.163
-67.0088,-62.9507,153.003
-65.9487,-62.9664,152.827
-64.8972,-62.982,152.621
-63.8479,-62.9976,152.409
-62.8138,-63.0132,152.156
-61.7798,-63.0287,151.903
-60.7271,-63.0456,152.013
-59.666,-63.0627,152.15
-58.5881,-63.0792,152.026
-57.5712,-63.0941,151.693
-56.6266,-63.1085,151.356
-55.6917,-63.1236,150.961
-54.7645,-63.1381,150.556
-53.8542,-63.1526,150.127
-52.9602,-63.1678,149.676
-52.0449,-63.1825,149.184
-51.1486,-63.1972,148.669
-50.2724,-63.2114,148.131
-49.4098,-63.2256,147.557
-48.5952,-63.24,146.974
-47.7939,-63.2539,146.357
-46.9946,-63.2648,145.682
-46.1904,-63.2741,144.971
-45.4606,-63.2764,144.257
-44.7568,-63.2764,143.545
-44.0323,-63.2757,142.804
-43.3307,-63.2716,142.043
-42.6291,-63.2675,141.282
-41.9275,-63.2633,140.521
-41.1873,-63.2586,139.695
-40.4214,-63.2537,138.837
-39.6554,-63.2488,137.98
-38.8848,-63.2438,137.116
-38.1631,-63.2389,136.298
-37.4414,-63.234,135.481
-36.7197,-63.2291,134.663
-35.998,-63.2242,133.845
-35.21,-63.2179,132.953
-34.4835,-63.2117,132.13
-33.757,-63.2055,131.307
-33.0305,-63.1993,130.484
-32.304,-63.1931,129.661
-31.5775,-63.1868,128.838
-30.8501,-63.1806,128.013
-30.1181,-63.174,127.184
-29.3861,-63.1675,126.355
-28.6541,-63.161,125.526
-27.9221,-63.1545,124.696
-27.1901,-63.148,123.867
-26.458,-63.1415,123.038
-25.7198,-63.1344,122.201
-24.9768,-63.127,121.36
-24.2337,-63.1196,120.518
-23.4907,-63.1122,119.676
-22.7477,-63.1048,118.834
-22.0047,-63.0974,117.993
-21.2616,-63.09,117.151
-20.4679,-63.0815,116.252
-19.6728,-63.0729,115.351
-18.8776,-63.0643,114.45
-18.0825,-63.0557,113.549
-17.2873,-63.0471,112.649
-16.4922,-63.0386,111.748
-15.6619,-63.0296,110.807
-14.9957,-63.0225,110.052
-14.3294,-63.0154,109.298
-13.6631,-63.0083,108.543
-12.9968,-63.0012,107.788
-12.3306,-62.9941,107.033
-11.6643,-62.987,106.278
-10.998,-62.9799,105.524
-10.3318,-62.9728,104.769
-9.66661,-62.9661,104.015
-9.0019,-62.9595,103.262
-8.3372,-62.953,102.509
-7.67249,-62.9465,101.756
-7.00779,-62.9399,101.003
-6.34308,-62.9334,100.25
-5.67838,-62.9269,99.4971
-5.01366,-62.9204,98.744
-4.34897,-62.9138,97.991
-3.55375,-62.9078,97.0901
-2.76486,-62.902,96.1964
-1.97597,-62.8962,95.3027
-1.18708,-62.8904,94.409
-0.398182,-62.8846,93.5153
0.390701,-62.8788,92.6216
1.15892,-62.8735,91.7513
1.88683,-62.8691,90.9266
2.61474,-62.8647,90.102
3.34265,-62.8602,89.2774
4.07056,-62.8558,88.4527
4.79847,-62.8514,87.6281
5.52639,-62.847,86.8035
6.23315,-62.8427,86.0028
6.96485,-62.8382,85.1739
7.69655,-62.8338,84.345
8.42826,-62.8294,83.516
9.16525,-62.8252,82.6811
9.89687,-62.821,81.8522
10.6285,-62.8169,81.0234
11.3274,-62.8127,80.2315
12.0418,-62.8082,79.4221
12.7562,-62.8038,78.6126
13.4337,-62.7997,77.8448
14.1095,-62.7956,77.0791
14.7636,-62.7917,76.3125
15.3998,-62.7887,75.5404
15.7053,-62.7822,74.5718
15.8748,-62.774,73.5045
16.4368,-62.7697,72.6522
16.9479,-62.7654,71.7733
17.3829,-62.7611,70.8727
17.7353,-62.7567,69.9214
17.9671,-62.7521,68.9366
18.045,-62.7474,67.9362
17.9326,-62.7426,66.9291
17.6271,-62.7378,65.9672
17.1585,-62.7332,65.0793
16.5489,-62.7286,64.2448
15.8989,-62.7245,63.459
15.2247,-62.7204,62.6865
14.55,-62.719,61.7841
14.5592,-62.7198,60.7822
13.9233,-62.7131,59.9901
13.2416,-62.707,59.2455
12.5146,-62.7079,58.5087
11.8039,-62.7203,57.7904
11.0455,-62.7357,57.042
10.3222,-62.7496,56.3511
9.57513,-62.7641,55.6764
8.79616,-62.779,55.0193
8.00563,-62.7931,54.3966
7.1761,-62.8078,53.8142
6.32328,-62.8227,53.2891
5.43008,-62.837,52.825
4.48648,-62.8536,52.4377
3.52358,-62.8687,52.1585
2.51808,-62.8845,52.0029
1.50539,-62.9013,51.9855
0.507912,-62.9173,52.0763
-0.489475,-62.9339,52.22
-1.48013,-62.9507,52.4184
-2.44757,-62.9657,52.6778
-3.4173,-62.9813,53.0016
-4.38845,-62.9977,53.4109
-5.35564,-63.0131,53.86
-6.24874,-63.0275,54.3313
-7.13741,-63.0419,54.819
-8.00163,-63.0539,55.339
-8.86481,-63.06,55.856
-9.76613,-63.0586,56.3921
-10.6675,-63.0573,56.9283
-11.5688,-63.056,57.4645
-12.4751,-63.0546,58.0037
-13.3788,-63.0532,58.5412
-14.2825,-63.0517,59.0788
-15.1861,-63.0502,59.6164
-16.0898,-63.0487,60.154
-16.9935,-63.0472,60.6915
-17.8859,-63.0455,61.2224
-18.8529,-63.0436,61.7977
-19.82,-63.0417,62.373
-20.787,-63.0398,62.9482
-21.754,-63.0378,63.5235
-22.7211,-63.0359,64.0988
-23.7055,-63.034,64.6844
-24.8509,-63.0317,65.3658
-25.9964,-63.0295,66.0472
-27.1418,-63.0273,66.7286
-28.2872,-63.0251,67.41
-29.4327,-63.0229,68.0914
-30.5781,-63.0206,68.7728
-31.4654,-63.0189,69.3006
-32.409,-63.0172,69.8619
-33.3525,-63.0154,70.4232
-34.2961,-63.0136,70.9846
-35.2397,-63.0118,71.5459
-36.1833,-63.0101,72.1072
-37.1268,-63.0083,72.6685
-38.0704,-63.0065,73.2298
-39.014,-63.0047,73.7911
-39.9183,-63.003,74.3291
-40.7891,-63.0013,74.8471
-41.6599,-62.9997,75.3651
-42.5307,-62.998,75.8832
-43.4015,-62.9963,76.4012
-44.2723,-62.9947,76.9192
-45.1431,-62.993,77.4373
-46.014,-62.9913,77.9553
-46.8848,-62.9897,78.4733
-47.7981,-62.9879,79.0166
-48.8661,-62.9859,79.652
-49.9341,-62.9839,80.2873
-51.002,-62.9818,80.9226
-52.07,-62.9798,81.5579
-52.9353,-62.9781,82.0746
-53.8416,-62.9764,82.6227
-54.748,-62.9746,83.1709
-55.6543,-62.9729,83.719
-56.5606,-62.9711,84.2672
-57.4669,-62.9694,84.8153
-58.3732,-62.9676,85.3635
-59.003,-62.9631,86.2205
-59.4049,-62.9576,87.1465
-60.5954,-62.955,87.8973
-61.7342,-62.9529,88.5747
-62.873,-62.9507,89.2522
-64.0117,-62.9485,89.9296
-65.1506,-62.9463,90.6071
-66.2894,-62.9441,91.2845
-67.4282,-62.9419,91.962
-68.567,-62.9398,92.6394
-69.7202,-62.9375,93.3255
-70.9224,-62.9352,94.0406
-72.1247,-62.9329,94.7559
-73.327,-62.9306,95.4711
-74.5292,-62.9283,96.1863
-75.7315,-62.926,96.9015
-76.9337,-62.9237,97.6167
-78.136,-62.9214,98.3319
-79.3383,-62.9191,99.0471
-80.2879,-62.9187,99.4152
-81.283,-62.9222,99.2744
-82.3351,-62.9221,99.6104
-83.2951,-62.9201,100.166
-84.2551,-62.9181,100.721
-85.215,-62.9161,101.276
-86.134,-62.9141,101.822
-87.0353,-62.9121,102.358
-87.9332,-62.9101,102.892
-88.8345,-62.9088,103.428
-89.7358,-62.9075,103.965
-90.6371,-62.9058,104.501
-91.5385,-62.904,105.037
-92.4156,-62.9022,105.559
-93.3154,-62.8986,106.075
-94.2283,-62.8911,106.55
-95.153,-62.8804,106.985
-96.0816,-62.8694,107.408
-97.013,-62.8578,107.817
-97.9524,-62.8448,108.186
-98.8998,-62.8299,108.516
-99.9032,-62.8124,108.813
-100.874,-62.7952,109.066
-101.876,-62.777,109.274
-102.866,-62.7587,109.452
-103.892,-62.7394,109.592
-104.901,-62.7207,109.681
-105.9,-62.7015,109.74
-106.943,-62.6804,109.765
-107.959,-62.6593,109.736
-108.961,-62.639,109.677
-110.001,-62.6187,109.579
-111.027,-62.5994,109.442
-112.038,-62.5808,109.26
-113.039,-62.5632,109.042
-114.029,-62.5464,108.788
-115.007,-62.5301,108.498
-115.972,-62.5152,108.161
-116.928,-62.5013,107.792
-117.875,-62.488,107.388
-118.813,-62.4747,106.951
-119.738,-62.4628,106.464
-120.609,-62.4521,105.967
-121.472,-62.4421,105.44
-122.325,-62.4336,104.875
-123.158,-62.4289,104.262
-123.979,-62.4243,103.617
-124.786,-62.4198,102.942
-125.529,-62.4184,102.261
-126.255,-62.4167,101.551
-126.969,-62.4149,100.816
-127.666,-62.4143,100.037
-128.314,-62.4158,99.2599
-128.956,-62.4184,98.4523
-129.553,-62.4214,97.6222
-130.143,-62.4255,96.7491
-130.691,-62.4305,95.8899
-131.205,-62.4372,94.989
-131.708,-62.4444,94.0754
-132.155,-62.4522,93.1265
-132.584,-62.4608,92.1741
-132.963,-62.4719,91.2115
-133.305,-62.4819,90.2524
-133.612,-62.4908,89.2966
-133.885,-62.5012,88.2824
-134.133,-62.5117,87.2704
-134.322,-62.5212,86.2621
-134.48,-62.5304,85.2539
-134.601,-62.5393,84.2458
-134.671,-62.5482,83.2359
-134.718,-62.5572,82.2254
-134.713,-62.5673,81.2136
-134.677,-62.5789,80.201
-134.611,-62.5919,79.1876
-134.492,-62.6065,78.1734
-134.351,-62.6221,77.1591
-134.16,-62.6411,76.1449
-133.933,-62.66,75.132
-133.679,-62.679,74.1202
-133.363,-62.7017,73.1131
-133.019,-62.7263,72.1033
-132.642,-62.7535,71.1482
-132.23,-62.7796,70.1986
-131.786,-62.8046,69.254
-131.299,-62.83,68.334
-130.799,-62.8555,67.4216
-130.234,-62.8799,66.5282
-129.653,-62.9044,65.6387
-129.06,-62.9272,64.8201
-128.439,-62.9502,64.0044
-127.768,-62.9735,63.1933
-127.065,-62.997,62.3994
-126.328,-63.0209,61.6231
-125.611,-63.043,60.9251
-124.87,-63.0651,60.2437
-124.077,-63.0868,59.5674
-123.242,-63.1079,58.8952
-122.361,-63.1273,58.2472
-121.526,-63.1432,57.682
-120.691,-63.1591,57.1168
-119.797,-63.1693,56.6539
-118.846,-63.1796,56.1715
-117.894,-63.19,55.689
-116.943,-63.2004,55.2066
-115.992,-63.2107,54.7242
-115.071,-63.2197,54.2752
-114.135,-63.2246,53.8907
-113.198,-63.2295,53.5063
-112.261,-63.2344,53.1218
-111.325,-63.2393,52.7374
-110.388,-63.2441,52.353
-109.452,-63.249,51.9685
-108.515,-63.2539,51.5841
-107.578,-63.2584,51.1996
-106.642,-63.2629,50.8152
-105.705,-63.2676,50.4308
-104.768,-63.2725,50.0463
-103.561,-63.277,49.5513
-102.438,-63.2786,49.0919
-101.315,-63.2802,48.6325
-100.192,-63.2818,48.1731
-99.0688,-63.2835,47.7136
-97.9458,-63.2851,47.2542
-96.8227,-63.2867,46.7948
-95.6997,-63.2883,46.3354
-94.5767,-63.2899,45.876
-93.3394,-63.2912,45.3698
-92.0305,-63.2924,44.8343
-90.7215,-63.2936,44.2989
-89.4126,-63.2947,43.7634
-88.1036,-63.2959,43.2279
-86.7947,-63.2971,42.6924
-85.4857,-63.2982,42.157
-84.1768,-63.2994,41.6215
-82.8678,-63.3006,41.086
-81.8146,-63.3009,40.6551
-80.6941,-63.3012,40.1967
-79.5735,-63.3014,39.7383
-78.453,-63.3016,39.2799
-77.3325,-63.3018,38.8215
-76.212,-63.302,38.3632
-75.0915,-63.3023,37.9048
-73.9709,-63.3025,37.4464
-72.8504,-63.3027,36.988
-71.7299,-63.3029,36.5296
-70.6094,-63.3032,36.0712
-69.4889,-63.3034,35.6128
-68.3683,-63.3036,35.1544
-67.1492,-63.3034,34.6557
-65.8445,-63.3029,34.1219
-64.5398,-63.3024,33.5882
-63.2351,-63.3019,33.0544
-61.9304,-63.3014,32.5207
-60.6257,-63.3008,31.9869
-59.321,-63.3003,31.4532
-58.0163,-63.2998,30.9195
-56.7116,-63.2993,30.3857
-55.4069,-63.2988,29.852
-54.1022,-63.2982,29.3182
-52.7975,-63.2977,28.7845
-51.4927,-63.2972,28.2507
-50.1469,-63.2966,27.7002
-48.7217,-63.2957,27.1171
-47.2965,-63.2948,26.5341
-45.8713,-63.2939,25.9511
-44.4461,-63.293,25.368
-43.0209,-63.2921,24.785
-41.5957,-63.2912,24.2019
-40.1705,-63.2903,23.6189
-38.7453,-63.2895,23.0359
-37.3201,-63.2886,22.4528
-35.8949,-63.2877,21.8698
-34.4697,-63.2868,21.2868
-33.0445,-63.2859,20.7037
-31.5946,-63.285,20.1106
-30.0034,-63.2837,19.4596
-28.4121,-63.2824,18.8087
-26.8208,-63.2812,18.1577
-25.2295,-63.2799,17.5067
-23.6382,-63.2787,16.8557
-22.0469,-63.2774,16.2047
-20.4556,-63.2762,15.5538
-18.8643,-63.2749,14.9028
-17.2731,-63.2736,14.2518
-15.6818,-63.2724,13.6008
-14.0905,-63.2711,12.9498
-12.4992,-63.2699,12.2989
-10.9079,-63.2686,11.6479
-9.11445,-63.2668,10.9142
-7.31148,-63.2649,10.1766
-5.50851,-63.2631,9.43903
-3.70554,-63.2612,8.70146
-1.90258,-63.2594,7.96388
-0.0996132,-63.2575,7.22631
1.70335,-63.2557,6.48873
3.50632,-63.2538,5.75115
5.30929,-63.252,5.01358
7.11226,-63.2501,4.276
8.91523,-63.2483,3.53843
10.7182,-63.2464,2.80085
12.5212,-63.2446,2.06327
13.4511,-63.2436,1.68284
14.4071,-63.2426,1.29176
15.3631,-63.2415,0.900675
16.319,-63.2405,0.509594
17.275,-63.2394,0.118513
18.231,-63.2384,-0.27257
19.187,-63.2374,-0.663656
20.143,-63.2363,-1.05473
21.0989,-63.2353,-1.44582
22.0549,-63.2343,-1.8369
23.0109,-63.2332,-2.22798
23.9669,-63.2322,-2.61907
24.9229,-63.2312,-3.01015
25.8788,-63.2301,-3.40123
26.8348,-63.2291,-3.79231
27.7908,-63.2281,-4.1834
28.7468,-63.227,-4.57448
29.7028,-63.226,-4.96556
30.6587,-63.2249,-5.35664
31.6147,-63.2239,-5.74773
32.5707,-63.2229,-6.13881
33.5267,-63.2218,-6.52989
34.4827,-63.2208,-6.92097
35.4386,-63.2198,-7.31206
36.3946,-63.2187,-7.70313
37.3506,-63.2177,-8.09422
38.6304,-63.2163,-8.61778
39.8322,-63.215,-9.10942
41.034,-63.2136,-9.60107
42.2358,-63.2123,-10.0927
43.4376,-63.211,-10.5844
44.6394,-63.2096,-11.076
45.8412,-63.2083,-11.5677
47.0431,-63.207,-12.0593
48.2449,-63.2056,-12.551
49.3874,-63.2044,-13.0183
50.4877,-63.2033,-13.4685
51.588,-63.2022,-13.9186
52.6884,-63.2011,-14.3687
53.7887,-63.2,-14.8189
54.889,-63.1989,-15.269
55.9893,-63.1978,-15.7192
57.0897,-63.1967,-16.1693
58.19,-63.1955,-16.6194
59.1228,-63.195,-17.001
60.3067,-63.1946,-17.4853
61.4906,-63.1942,-17.9697
62.6745,-63.1937,-18.454
63.8583,-63.1933,-18.9383
65.0422,-63.1928,-19.4226
66.2261,-63.1924,-19.9069
67.1948,-63.1903,-20.3032
68.1624,-63.1882,-20.699
69.1299,-63.1862,-21.0948
70.0975,-63.1841,-21.4907
71.065,-63.182,-21.8865
72.0326,-63.18,-22.2823
73.132,-63.1769,-22.7321
74.1062,-63.1734,-23.1306
75.0804,-63.17,-23.5291
76.0547,-63.1666,-23.9277
77.0289,-63.1631,-24.3262
78.0031,-63.1597,-24.7248
78.9774,-63.1562,-25.1233
79.9516,-63.1528,-25.5219
80.9258,-63.1493,-25.9204
82.0701,-63.1444,-26.4043
83.176,-63.1393,-26.8764
84.282,-63.1342,-27.3485
85.3879,-63.1291,-27.8206
86.4938,-63.124,-28.2927
87.5998,-63.1189,-28.7648
88.5065,-63.1145,-29.1877
89.0347,-63.1061,-30.1142
89.7644,-63.0985,-30.8535
90.7164,-63.0925,-31.2837
91.6643,-63.0845,-31.7613
92.5633,-63.0767,-32.2301
93.4148,-63.068,-32.7888
94.2267,-63.0592,-33.3985
94.9852,-63.0504,-34.0576
95.7021,-63.0415,-34.7794
96.3647,-63.0329,-35.5532
96.9723,-63.0248,-36.3598
97.5149,-63.0169,-37.2033
97.9798,-63.0097,-38.0975
98.3715,-63.0031,-39.0197
98.7057,-62.9968,-39.9715
98.9871,-62.9907,-40.9354
99.2156,-62.9848,-41.9157
99.5272,-62.9795,-42.8888
100.266,-62.9782,-43.6155
100.706,-62.9648,-44.7228
100.855,-62.9431,-46.003
101.004,-62.9215,-47.2832
101.152,-62.8999,-48.5634
101.301,-62.8783,-49.8436
101.45,-62.8566,-51.1238
101.599,-62.835,-52.404
101.717,-62.8156,-53.5793
101.835,-62.7962,-54.7553
101.953,-62.7767,-55.9314
102.071,-62.7573,-57.1074
102.19,-62.7379,-58.2834
102.308,-62.7184,-59.4594
102.426,-62.699,-60.6354
102.544,-62.6796,-61.8114
102.667,-62.6594,-63.0322
102.808,-62.636,-64.4305
102.948,-62.6127,-65.8289
103.089,-62.5894,-67.2272
103.229,-62.5661,-68.6255
103.37,-62.5428,-70.0238
103.51,-62.5195,-71.4222
103.651,-62.4961,-72.8205
103.791,-62.4728,-74.2188
103.932,-62.4517,-75.6176
104.073,-62.4339,-77.0172
104.213,-62.416,-78.4168
104.354,-62.3982,-79.8165
104.495,-62.3803,-81.2161
104.635,-62.3625,-82.6157
104.776,-62.3446,-84.0153
104.917,-62.3268,-85.4149
105.057,-62.3089,-86.8146
105.184,-62.2928,-88.08
105.303,-62.2777,-89.2599
105.422,-62.2627,-90.4399
105.54,-62.2476,-91.6199
105.659,-62.2326,-92.7998
105.777,-62.2175,-93.9798
105.896,-62.2025,-95.1597
106.015,-62.1874,-96.3397
106.133,-62.1724,-97.5196
106.234,-62.1587,-98.5874
106.348,-62.1429,-99.8205
106.462,-62.1271,-101.054
106.577,-62.1114,-102.287
106.691,-62.0956,-103.52
106.606,-62.0811,-104.526
106.118,-62.0644,-105.425
105.776,-62.0477,-106.388
105.803,-62.0325,-107.409
105.753,-62.0154,-108.443
105.641,-61.9974,-109.437
105.436,-61.9783,-110.43
105.148,-61.96,-111.393
104.778,-61.9427,-112.334
104.317,-61.9278,-113.229
103.78,-61.9161,-114.074
103.167,-61.9082,-114.882
102.498,-61.9049,-115.628
101.767,-61.9049,-116.319
100.974,-61.9082,-116.944
100.138,-61.914,-117.498
99.2577,-61.9217,-117.994
98.3493,-61.9312,-118.42
97.4138,-61.942,-118.79
96.5172,-61.9556,-119.344
95.8289,-61.9695,-120.102
94.7928,-61.9848,-120.528
93.7883,-61.9976,-120.681
92.7838,-62.0104,-120.835
91.7793,-62.0232,-120.988
90.6611,-62.0377,-121.056
89.5433,-62.0522,-121.121
88.4256,-62.0667,-121.187
87.3479,-62.0808,-121.249
86.215,-62.0956,-121.314
85.082,-62.1103,-121.379
83.9491,-62.1251,-121.444
82.7512,-62.1406,-121.512
81.7206,-62.1539,-121.569
80.69,-62.1673,-121.627
79.6595,-62.1806,-121.684
78.6289,-62.1939,-121.742
77.4797,-62.2088,-121.806
76.2909,-62.2241,-121.871
75.1021,-62.2395,-121.937
73.9134,-62.2549,-122.003
72.7246,-62.2702,-122.069
71.544,-62.2854,-122.134
70.3725,-62.3004,-122.199
69.201,-62.3154,-122.263
68.0295,-62.3304,-122.328
66.858,-62.3454,-122.393
65.6321,-62.3611,-122.461
64.4771,-62.3761,-122.525
63.322,-62.3911,-122.589
62.167,-62.406,-122.652
61.0119,-62.421,-122.716
59.8569,-62.4359,-122.78
58.7018,-62.4509,-122.844
57.6056,-62.465,-122.905
56.5405,-62.4786,-122.964
55.4753,-62.4922,-123.023
54.4102,-62.5059,-123.081
53.3451,-62.5195,-123.14
52.2799,-62.5331,-123.199
51.2177,-62.5467,-123.258
50.2001,-62.5599,-123.314
49.1825,-62.5731,-123.371
48.1649,-62.5864,-123.427
47.1473,-62.5996,-123.483
46.1297,-62.6128,-123.539
45.1121,-62.626,-123.596
43.9838,-62.6406,-123.658
42.7297,-62.6567,-123.727
41.4757,-62.6728,-123.797
40.2216,-62.6889,-123.866
38.9675,-62.705,-123.935
37.7135,-62.7211,-124.005
36.4594,-62.7372,-124.074
35.4435,-62.7506,-124.13
34.4135,-62.7643,-124.187
33.3835,-62.778,-124.244
32.337,-62.7913,-124.302
31.2552,-62.805,-124.362
30.1734,-62.8188,-124.422
29.1075,-62.8323,-124.481
28.0424,-62.8463,-124.54
26.9773,-62.8602,-124.599
25.9121,-62.8741,-124.657
24.8933,-62.8872,-124.685
23.8665,-62.9004,-124.704
22.839,-62.9115,-124.462
21.8968,-62.9204,-124.068
20.9274,-62.9309,-123.76
19.9175,-62.9459,-123.698
18.9131,-62.9607,-123.564
17.929,-62.9756,-123.354
16.9503,-62.991,-123.06
16.0105,-63.0066,-122.685
15.1101,-63.023,-122.216
14.2599,-63.0399,-121.653
13.4833,-63.0574,-121.002
12.796,-63.0747,-120.274
12.184,-63.0913,-119.472
11.6463,-63.1073,-118.621
11.1834,-63.1224,-117.728
10.768,-63.1375,-116.788
10.4175,-63.1522,-115.843
9.78867,-63.1657,-115.043
9.03108,-63.1835,-114.35
8.60635,-63.1993,-113.409
8.38678,-63.2143,-112.4
8.20738,-63.2296,-111.369
8.06316,-63.2452,-110.318
7.93642,-63.2611,-109.27
7.81855,-63.2771,-108.233
7.70097,-63.2931,-107.199
7.58371,-63.3091,-106.167
7.47067,-63.3245,-105.172
7.35027,-63.3405,-104.113
7.24814,-63.3559,-103.103
7.17095,-63.3713,-102.1
7.67104,-63.3854,-101.2
8.19675,-63.3935,-100.33
8.42542,-63.411,-99.3437
8.76909,-63.4288,-98.3859
9.23709,-63.4465,-97.4933
9.81739,-63.4612,-96.6584
10.4906,-63.463,-95.8919
11.2385,-63.4647,-95.2029
12.0502,-63.4664,-94.6033
12.921,-63.4681,-94.084
13.8301,-63.4698,-93.6581
14.7861,-63.4715,-93.3307
15.7808,-63.4733,-93.1268
16.7818,-63.4751,-93.087
17.7109,-63.4804,-92.6693
18.6824,-63.4846,-92.3878
19.6759,-63.4845,-92.6073
20.6693,-63.4844,-92.8268
21.7093,-63.4771,-93.077
22.8094,-63.4686,-93.3443
23.9094,-63.46,-93.6117
24.9649,-63.4513,-93.8682
25.9562,-63.4429,-94.1091
26.9475,-63.4345,-94.35
27.9388,-63.426,-94.5909
28.9568,-63.4175,-94.8383
30.112,-63.4084,-95.119
31.2671,-63.3992,-95.3997
32.4223,-63.3901,-95.6805
33.5775,-63.381,-95.9612
34.5968,-63.3737,-96.2089
35.6678,-63.3663,-96.4692
36.7388,-63.3589,-96.7295
37.8165,-63.3525,-96.9687
38.9039,-63.3474,-97.1767
39.9912,-63.3424,-97.3847
41.0812,-63.3373,-97.5916
42.1923,-63.332,-97.7896
43.3035,-63.3267,-97.9875
44.4146,-63.3213,-98.1855
45.4555,-63.3154,-98.3194
46.5055,-63.3092,-98.4413
47.5183,-63.3037,-98.504
48.5876,-63.2985,-98.5275
49.6004,-63.294,-98.4827
50.6414,-63.29,-98.3651
51.6869,-63.286,-98.1981
52.656,-63.2823,-97.9281
53.625,-63.2787,-97.6581
54.5765,-63.2751,-97.2579
55.5182,-63.2715,-96.8477
56.4293,-63.2705,-96.3761
57.3409,-63.2705,-95.8732
58.2043,-63.2697,-95.3313
59.077,-63.2688,-94.7798
59.9065,-63.2681,-94.2073
60.7238,-63.2677,-93.6164
61.5511,-63.2694,-92.938
62.3163,-63.2709,-92.2778
63.0467,-63.2721,-91.5693
63.7483,-63.275,-90.7947
64.4041,-63.2784,-90.0091
65.0081,-63.2823,-89.154
65.5682,-63.2865,-88.2994
66.0872,-63.2916,-87.3779
66.5841,-63.2971,-86.4468
67.0222,-63.303,-85.5244
67.4501,-63.309,-84.5781
67.8371,-63.3155,-83.6064
68.1811,-63.3229,-82.6198
68.4653,-63.3318,-81.6242
68.6989,-63.34,-80.6204
68.8692,-63.3491,-79.606
68.9849,-63.3597,-78.5751
69.083,-63.3708,-77.537
69.1287,-63.3811,-76.5228
69.0969,-63.3931,-75.4659
69.0373,-63.4054,-74.41
68.9138,-63.4181,-73.4064
68.7902,-63.4307,-72.4028
68.5907,-63.4452,-71.3512
68.3685,-63.4602,-70.2853
68.2995,-63.4729,-69.23
68.4798,-63.4812,-68.2449
68.4243,-63.4926,-67.1936
68.0439,-63.5065,-66.2479
67.6224,-63.5202,-65.3008
67.1824,-63.534,-64.3531
66.7132,-63.5476,-63.4013
66.2218,-63.5613,-62.4378
65.7115,-63.573,-61.5533
65.2012,-63.5847,-60.6688
64.6908,-63.5964,-59.7843
64.1129,-63.6079,-58.8294
63.5346,-63.6192,-57.8785
62.9564,-63.6305,-56.9276
62.3746,-63.6406,-55.9852
61.7928,-63.6506,-55.043
61.2155,-63.6605,-54.109
60.6684,-63.6697,-53.2397
60.1213,-63.679,-52.3703
59.5667,-63.6888,-51.5049
58.9761,-63.6999,-50.6069
58.2232,-63.7124,-49.883
57.2352,-63.7266,-49.4854
56.4588,-63.7409,-48.8387
55.849,-63.7548,-48.0368
55.2292,-63.7697,-47.2401
54.5737,-63.7855,-46.4453
53.9127,-63.8028,-45.6853
53.229,-63.8192,-44.9513
52.5027,-63.8375,-44.2379
51.7568,-63.8563,-43.5622
50.9735,-63.8739,-42.9184
50.1681,-63.8918,-42.3132
49.3345,-63.9071,-41.7524
48.4663,-63.9215,-41.2221
47.5907,-63.9346,-40.7329
46.6988,-63.9452,-40.2714
45.7878,-63.9537,-39.8332
44.8304,-63.9575,-39.4061
43.8388,-63.9608,-38.9704
42.8968,-63.9604,-38.5729
41.9549,-63.96,-38.1755
40.8992,-63.9558,-37.7475
39.8411,-63.9517,-37.3186
38.783,-63.9475,-36.8898
37.7601,-63.9427,-36.478
36.7785,-63.9377,-36.0842
35.797,-63.9327,-35.6903
34.8154,-63.9277,-35.2965
33.8338,-63.9227,-34.9027
32.6883,-63.9167,-34.443
31.6057,-63.911,-34.0087
30.523,-63.9052,-33.5743
29.4404,-63.8994,-33.1399
28.3578,-63.8936,-32.7055
27.2751,-63.8879,-32.2711
26.1925,-63.8821,-31.8367
25.1351,-63.8757,-31.4125
24.0629,-63.8691,-30.9823
22.9908,-63.8625,-30.5521
21.9186,-63.856,-30.1219
20.8465,-63.8494,-29.6918
19.7743,-63.8429,-29.2616
18.7022,-63.8363,-28.8314
17.63,-63.8298,-28.4012
16.5128,-63.8229,-27.9529
15.1433,-63.8142,-27.4035
13.7738,-63.8056,-26.854
12.4043,-63.7969,-26.3045
11.0348,-63.7882,-25.755
9.66531,-63.7796,-25.2055
8.29581,-63.7709,-24.6561
6.92632,-63.7623,-24.1066
5.55683,-63.7536,-23.5571
4.10685,-63.7443,-22.9753
3.04484,-63.7374,-22.5492
1.98284,-63.7306,-22.1231
0.920834,-63.7237,-21.697
-0.141171,-63.7168,-21.2709
-1.20317,-63.7099,-20.8448
-2.26518,-63.703,-20.4187
-3.32718,-63.6961,-19.9926
-4.38919,-63.6892,-19.5665
-5.45119,-63.6824,-19.1404
-6.5132,-63.6755,-18.7143
-7.5752,-63.6686,-18.2881
-8.6372,-63.6617,-17.862
-9.73445,-63.6546,-17.4218
-10.8962,-63.647,-16.9556
-12.058,-63.6395,-16.4895
-13.2198,-63.6319,-16.0233
-14.3816,-63.6244,-15.5572
-15.5434,-63.6168,-15.091
-16.7052,-63.6092,-14.6249
-17.867,-63.6017,-14.1587
-19.0288,-63.5941,-13.6926
-20.1906,-63.5866,-13.2265
-21.3524,-63.579,-12.7603
-22.5142,-63.5715,-12.2942
-23.676,-63.5639,-11.828
-24.8463,-63.5563,-11.3585
-26.0587,-63.5484,-10.872
-27.271,-63.5405,-10.3856
-28.4834,-63.5325,-9.89914
-29.6958,-63.5246,-9.4127
-30.9082,-63.5167,-8.92626
-32.1206,-63.5088,-8.43982
-33.3329,-63.5009,-7.95337
-34.5453,-63.4929,-7.46693
-35.7577,-63.485,-6.98049
-36.9701,-63.4771,-6.49405
-38.1824,-63.4692,-6.00761
-39.3948,-63.4612,-5.52116
-40.6072,-63.4533,-5.03472
-41.8211,-63.4452,-4.54768
-43.0348,-63.4372,-4.06069
-44.2486,-63.4291,-3.5737
-45.4623,-63.421,-3.08671
-46.6761,-63.413,-2.59972
-47.8898,-63.4049,-2.11273
-49.1035,-63.3968,-1.62574
-50.3173,-63.3887,-1.13875
-51.531,-63.3807,-0.651754
-52.7448,-63.3726,-0.164764
-53.9585,-63.3645,0.322229
-55.1723,-63.3565,0.809216
-56.386,-63.3484,1.29621
-57.7705,-63.339,1.85499
-59.2005,-63.3292,2.43292
-60.6305,-63.3195,3.01084
-62.0605,-63.3097,3.58877
-63.4905,-63.2999,4.1667
-64.9205,-63.2902,4.74463
-66.3505,-63.2804,5.32255
-67.7805,-63.2707,5.90048
-69.2105,-63.2609,6.47841
-70.6405,-63.2511,7.05634
-72.0705,-63.2414,7.63426
-73.5005,-63.2316,8.21219
-74.9305,-63.2219,8.79012
-75.7696,-63.2141,9.34917
-76.4406,-63.2046,10.1699
-77.4751,-63.1944,10.9317
-78.4812,-63.1875,11.3354
-79.4873,-63.1806,11.7391
-80.4935,-63.1736,12.1428
-81.4996,-63.1667,12.5465
-82.5057,-63.1598,12.9502
-83.5119,-63.1529,13.3539
-84.518,-63.146,13.7576
-85.5241,-63.139,14.1612
-86.839,-63.1298,14.6888
-88.2229,-63.12,15.2441
-89.6067,-63.1102,15.7993
-90.9906,-63.1004,16.3546
-92.3745,-63.0906,16.9098
-93.7583,-63.0809,17.465
-95.1422,-63.0711,18.0203
-96.5261,-63.0613,18.5755
-97.9091,-63.0515,19.1305
-99.2572,-63.0413,19.6714
-100.605,-63.0311,20.2122
-101.953,-63.0209,20.7531
-103.301,-63.0108,21.294
-104.649,-63.0006,21.8349
-105.998,-62.9904,22.3758
-107.346,-62.9802,22.9167
-108.694,-62.97,23.4575
-109.78,-62.9621,23.8637
-110.843,-62.9594,23.6963
-111.904,-62.9558,23.624
-112.957,-62.9472,24.0299
-114.011,-62.9385,24.4357
-115.064,-62.9298,24.8416
-116.248,-62.9192,25.3131
-117.308,-62.9096,25.7366
-118.367,-62.8999,26.1601
-119.427,-62.8903,26.5835
-120.486,-62.8807,27.007
-121.546,-62.8711,27.4305
-122.487,-62.8623,27.805
-123.488,-62.8525,28.2
-124.503,-62.8425,28.5979
-125.455,-62.8321,28.9506
-126.407,-62.8218,29.3034
-127.383,-62.8108,29.6537
-128.376,-62.7994,29.9977
-129.339,-62.7879,30.2936
-130.348,-62.7751,30.5523
-131.338,-62.7614,30.7632
-132.349,-62.7461,30.937
-133.38,-62.729,31.0665
-134.39,-62.7129,31.1417
-135.417,-62.6961,31.1619
-136.423,-62.6777,31.1256
-137.446,-62.6601,31.0276
-138.447,-62.6429,30.8681
-139.428,-62.6258,30.6469
-140.39,-62.6098,30.3599
-141.331,-62.5935,30.0071
-142.254,-62.5772,29.5916
-143.161,-62.5595,29.1133
-144.019,-62.5444,28.5918
-144.863,-62.5281,28.0113
-145.662,-62.5118,27.3939
-146.448,-62.4969,26.7194
-147.192,-62.485,26.0181
-147.898,-62.4726,25.2969
-148.591,-62.4588,24.5252
-149.252,-62.4474,23.7431
-149.883,-62.4377,22.9569
-150.503,-62.4241,22.1221
-151.106,-62.4132,21.2875
-151.674,-62.4022,20.4464
-152.244,-62.3907,19.6169
-152.9,-62.3806,18.7852
-153.83,-62.3985,18.3811
-154.716,-62.4101,17.8415
-155.296,-62.4001,17.0028
-155.889,-62.3881,16.1842
-156.494,-62.3741,15.3865
-157.152,-62.357,14.5824
-157.869,-62.3363,13.7711
-158.565,-62.3206,13.0315
-159.312,-62.3099,12.3055
-160.072,-62.2992,11.5917
-160.881,-62.2885,10.9256
-161.689,-62.2778,10.26
-162.532,-62.2673,9.68206
-163.376,-62.2568,9.1041
-164.242,-62.2464,8.59277
-165.114,-62.2361,8.09734
-166.075,-62.2251,7.61774
-167.045,-62.2141,7.17034
-168.029,-62.2032,6.77887
-169.021,-62.1924,6.42305
-170.024,-62.1816,6.11809
-171.035,-62.1708,5.8497
-172.052,-62.1601,5.62855
-173.075,-62.1495,5.44562
-174.102,-62.1388,5.30805
-175.133,-62.1281,5.21169
-176.166,-62.1175,5.15774
-177.201,-62.1069,5.14702
-178.237,-62.0962,5.17559
-179.273,-62.0856,5.24912
-180.307,-62.0749,5.35659
-181.338,-62.0642,5.50771
-182.364,-62.0535,5.69479
-183.384,-62.0428,5.93393
-184.399,-62.032,6.20333
-185.407,-62.0212,6.52217
-186.409,-62.0103,6.8685
-187.399,-61.9994,7.26567
-188.383,-61.9885,7.68784
-189.351,-61.9774,8.1626
-190.312,-61.9664,8.65989
-191.182,-61.9561,9.16908
-192.082,-61.9432,9.64132
-193.112,-61.9141,9.8247
-194.142,-61.885,10.0081
-195.06,-61.8688,10.5517
-195.91,-61.8575,11.2069
-196.728,-61.8461,11.9143
-197.456,-61.8355,12.6008
-198.175,-61.8248,13.3008
-198.863,-61.8138,14.051
-199.551,-61.8028,14.8012
-200.204,-61.7945,15.6025
-200.848,-61.7868,16.4156
-201.473,-61.7842,17.2546
-202.071,-61.7891,18.1299
-202.667,-61.794,19.0054
-203.185,-61.7993,19.8907
-203.703,-61.8046,20.7761
-204.196,-61.8098,21.7045
-204.651,-61.8147,22.6129
-205.08,-61.8195,23.5261
-205.501,-61.8245,24.4962
-205.887,-61.8291,25.433
-206.235,-61.8338,26.4089
-206.483,-61.8389,27.3861
-206.67,-61.8444,28.3953
-206.819,-61.8492,29.3855
-206.928,-61.854,30.3991
-207.018,-61.8588,31.4288
-207.076,-61.8633,32.4533
-207.114,-61.8689,33.4944
-207.125,-61.8742,34.4957
-207.112,-61.88,35.5352
-207.08,-61.8833,36.5663
-207.012,-61.889,37.5762
-206.928,-61.8939,38.6075
-206.825,-61.8982,39.6063
-206.683,-61.9041,40.618
-206.519,-61.9086,41.6475
-206.332,-61.9137,42.632
-206.121,-61.919,43.6223
-205.887,-61.9232,44.6196
-205.608,-61.928,45.6174
-205.3,-61.9333,46.6144
-204.962,-61.9389,47.6099
-204.599,-61.9435,48.5474
-204.201,-61.9486,49.4774
-203.775,-61.9539,50.4004
-203.304,-61.9593,51.3108
