12.706,-29.6688,92.4924
12.0557,-29.6606,91.6634
11.4359,-29.6516,90.8664
10.8037,-29.642,90.0466
10.1696,-29.6329,89.2184
9.51189,-29.6229,88.3539
8.8547,-29.6128,87.4866
8.18539,-29.6027,86.6004
7.569,-29.5936,85.7818
6.94345,-29.5842,84.9499
6.31084,-29.5744,84.108
5.66642,-29.5647,83.2501
5.04605,-29.5554,82.4246
4.38881,-29.5456,81.5504
3.78613,-29.5363,80.7505
3.12172,-29.526,79.8693
2.46922,-29.5156,79.0049
1.81423,-29.5052,78.1373
1.15791,-29.4949,77.2679
0.49995,-29.4845,76.3963
-0.158806,-29.4746,75.5236
-0.817833,-29.4649,74.6506
-1.47684,-29.4552,73.7776
-2.13503,-29.4454,72.9057
-2.79277,-29.4356,72.0344
-3.45006,-29.4252,71.1637
-4.10726,-29.4158,70.2931
-4.76453,-29.4063,69.4224
-5.42214,-29.3953,68.5513
-6.0804,-29.3847,67.6793
-6.73923,-29.3746,66.8066
-7.39922,-29.3655,65.9323
-8.06057,-29.356,65.0562
-8.72298,-29.346,64.1787
-9.38743,-29.335,63.2985
-10.0539,-29.3249,62.4156
-10.7218,-29.3149,61.5309
-11.392,-29.3039,60.6431
-12.0637,-29.2938,59.7533
-12.7365,-29.284,58.862
-13.4112,-29.2743,57.9683
-14.087,-29.2646,57.0731
-14.7636,-29.2547,56.1768
-15.3662,-29.2449,55.3785
-15.9692,-29.2351,54.5797
-16.5729,-29.2253,53.78
-17.1771,-29.2164,52.9796
-17.7815,-29.2077,52.1789
-18.3864,-29.1979,51.3776
-18.9913,-29.1885,50.5764
-19.5961,-29.1799,49.7752
-20.2005,-29.1658,48.9746
-20.8047,-29.149,48.1742
-21.4076,-29.1329,47.3755
-22.0851,-29.1148,46.478
-22.7614,-29.0966,45.5821
-23.4354,-29.0818,44.6893
-24.1078,-29.0671,43.7985
-24.7782,-29.0516,42.9105
-25.4454,-29.0366,42.0266
-26.1106,-29.0216,41.1455
-26.773,-29.0067,40.2681
-27.433,-28.9924,39.3937
-28.0921,-28.9781,38.5206
-28.7502,-28.9639,37.6488
-29.4095,-28.9496,36.7754
-30.0704,-28.9351,35.9
-30.7341,-28.9202,35.0208
-31.4126,-28.9053,34.1412
-32.1043,-28.8906,33.2629
-32.7393,-28.8779,32.485
-33.4043,-28.8645,31.7189
-34.0858,-28.8507,30.9592
-34.8286,-28.8363,30.23
-35.5914,-28.8221,29.5155
-36.4032,-28.8083,28.8392
-37.2526,-28.7948,28.2024
-38.1316,-28.7815,27.5966
-39.0596,-28.7673,27.0549
-40.0031,-28.7528,26.5364
-40.985,-28.7378,26.0828
-41.9856,-28.7228,25.6719
-43.007,-28.7078,25.3087
-44.0537,-28.6937,25.0256
-45.1098,-28.6799,24.7731
-46.1879,-28.6655,24.6079
-47.272,-28.6513,24.4762
-48.3657,-28.6375,24.3978
-49.466,-28.6224,24.3784
-50.5692,-28.6069,24.3855
-51.6762,-28.5925,24.4761
-52.7824,-28.5779,24.5914
-53.8865,-28.5629,24.7632
-54.9848,-28.5637,24.9821
-56.0793,-28.5746,25.2315
-57.1572,-28.5866,25.5519
-58.2276,-28.5986,25.8962
-59.2767,-28.6101,26.3019
-60.3081,-28.6213,26.7451
-61.3231,-28.6323,27.223
-62.3041,-28.6432,27.7553
-63.272,-28.6542,28.3073
-64.2008,-28.6651,28.9143
-65.1087,-28.6768,29.5475
-65.9891,-28.6895,30.2147
-66.8302,-28.7,30.9236
-67.655,-28.7099,31.6494
-68.4243,-28.722,32.4253
-69.1743,-28.7333,33.2158
-69.8882,-28.7431,34.0334
-70.5676,-28.7533,34.8712
-71.2286,-28.7636,35.7198
-71.8378,-28.7745,36.593
-72.4302,-28.7856,37.4725
-72.9817,-28.7972,38.367
-73.5044,-28.8077,39.2714
-74.0052,-28.8175,40.1835
-74.4657,-28.8278,41.1086
-74.9127,-28.8382,42.0378
-75.3249,-28.8485,42.9776
-75.7187,-28.8592,43.9224
-76.0924,-28.8701,44.8728
-76.4367,-28.8806,45.8304
-76.7696,-28.8909,46.7907
-77.0691,-28.9001,47.7583
-77.3557,-28.9094,48.728
-77.6224,-28.9189,49.7009
-78.0846,-28.9426,50.6511
-78.5695,-28.9671,51.5716
-78.9183,-28.977,52.5389
-79.2576,-28.9869,53.5035
-79.5853,-28.9969,54.4643
-79.9088,-29.0072,55.4459
-80.1037,-29.018,56.4605
-80.2919,-29.0277,57.4841
-80.4774,-29.0378,58.5022
-80.6609,-29.0487,59.5175
-80.8458,-29.0592,60.5306
-81.0325,-29.0696,61.5454
-81.2205,-29.0801,62.5586
-81.4092,-29.0908,63.5728
-81.5987,-29.1019,64.5872
-81.7887,-29.113,65.6005
-81.9797,-29.1231,66.614
-82.1718,-29.1323,67.6278
-82.3643,-29.1427,68.6414
-82.5574,-29.1539,69.6553
-82.7507,-29.165,70.6689
-82.9443,-29.1758,71.6827
-83.1381,-29.186,72.6964
-83.3322,-29.1955,73.7101
-83.5263,-29.206,74.7239
-83.7205,-29.2181,75.7379
-83.9145,-29.2326,76.7519
-84.1084,-29.2471,77.7659
-84.3022,-29.2606,78.7798
-84.496,-29.2716,79.7938
-84.6896,-29.2814,80.8084
-84.8827,-29.2901,81.8225
-85.0751,-29.2987,82.8379
-85.2669,-29.3072,83.8531
-85.4579,-29.3152,84.8676
-85.6486,-29.3232,85.8825
-85.8391,-29.3312,86.8971
-86.0287,-29.3397,87.9132
-86.2177,-29.3483,88.9298
-86.4048,-29.3569,89.9452
-86.5912,-29.3655,90.9618
-86.7767,-29.3742,91.9776
-86.9612,-29.3829,92.9946
-87.145,-29.3915,94.0117
-87.3272,-29.4002,95.0285
-87.5083,-29.4089,96.0472
-87.6879,-29.4173,97.0654
-87.8653,-29.4254,98.0834
-88.0415,-29.4335,99.1021
-88.2159,-29.442,100.121
-88.3889,-29.4511,101.141
-88.5603,-29.4601,102.16
-88.7299,-29.4687,103.18
-88.8975,-29.4774,104.2
-89.0616,-29.4801,105.223
-89.223,-29.4784,106.247
-89.3815,-29.4755,107.268
-89.5381,-29.4724,108.29
-89.6938,-29.4693,109.315
-89.8451,-29.4657,110.337
-89.9935,-29.4626,111.365
-90.1369,-29.4606,112.388
-90.2754,-29.4582,113.417
-90.4108,-29.4556,114.447
-90.5406,-29.4525,115.471
-90.6673,-29.449,116.502
-90.7905,-29.4453,117.527
-90.9084,-29.4433,118.558
-91.022,-29.4406,119.594
-91.1275,-29.4369,120.623
-91.2225,-29.4342,121.666
-91.3096,-29.4316,122.706
-91.3844,-29.429,123.739
-91.4512,-29.426,124.784
-91.5088,-29.4228,125.826
-91.5524,-29.4197,126.863
-91.5875,-29.4165,127.906
-91.6103,-29.4135,128.944
-91.6209,-29.4108,129.994
-91.6214,-29.4075,131.036
-91.6097,-29.4045,132.073
-91.5159,-29.4027,133.148
-91.3552,-29.4004,134.161
-91.1891,-29.3973,135.165
-91.0155,-29.3944,136.173
-90.7573,-29.3857,137.219
-90.4053,-29.3688,138.195
-90.3026,-29.3698,139.247
-90.2219,-29.3722,140.308
-90.1337,-29.3735,141.369
-90.0348,-29.3749,142.431
-89.93,-29.3763,143.493
-89.8179,-29.3776,144.556
-89.6955,-29.379,145.62
-89.5676,-29.3804,146.684
-89.4323,-29.3817,147.749
-89.2873,-29.3831,148.815
-89.1368,-29.3845,149.883
-88.979,-29.3858,150.951
-88.8119,-29.3872,152.021
-88.6393,-29.3886,153.092
-88.4595,-29.39,154.164
-88.2707,-29.3914,155.238
-88.0768,-29.3928,156.312
-87.8759,-29.3941,157.386
-87.6662,-29.3955,158.459
-87.451,-29.3969,159.531
-87.2282,-29.3983,160.602
-86.9961,-29.3997,161.669
-86.7584,-29.4011,162.735
-86.5125,-29.4025,163.798
-86.2587,-29.4039,164.856
-86.0004,-29.4053,165.911
-85.7361,-29.4066,166.962
-85.4657,-29.408,168.009
-85.1915,-29.4094,169.054
-84.9121,-29.4108,170.095
-84.6226,-29.4121,171.132
-84.3254,-29.4135,172.166
-84.0143,-29.4149,173.195
-83.6853,-29.4162,174.218
-83.3432,-29.4176,175.235
-82.9791,-29.419,176.245
-82.5937,-29.4203,177.247
-82.1942,-29.4217,178.244
-81.773,-29.4231,179.233
-81.3325,-29.4245,180.215
-80.8795,-29.4258,181.192
-80.4073,-29.4272,182.161
-79.9174,-29.4286,183.122
-79.4152,-29.4299,184.078
-78.8929,-29.4313,185.023
-78.3522,-29.4327,185.959
-77.7985,-29.4341,186.888
-77.223,-29.4355,187.804
-76.627,-29.4368,188.708
-76.016,-29.4382,189.602
-75.3785,-29.4396,190.479
-74.7219,-29.441,191.343
-74.0519,-29.4424,192.198
-73.3614,-29.4437,193.04
-72.6579,-29.4451,193.875
-71.9453,-29.4465,194.704
-71.2199,-29.4479,195.528
-70.4867,-29.4493,196.348
-69.7479,-29.4507,197.168
-69.001,-29.4521,197.988
-68.2457,-29.4536,198.805
-67.4832,-29.455,199.622
-66.7054,-29.4564,200.433
-66.0065,-29.4577,201.152
-65.302,-29.459,201.868
-64.5883,-29.4602,202.579
-63.872,-29.4615,203.289
-63.1501,-29.4628,203.994
-62.4267,-29.4621,204.698
-61.7017,-29.4592,205.401
-60.9774,-29.4559,206.101
-60.2537,-29.4525,206.801
-59.5343,-29.4502,207.5
-58.8166,-29.4473,208.197
-58.0121,-29.4428,208.979
-57.4705,-29.4383,209.833
-56.9037,-29.434,210.701
-56.238,-29.4305,211.528
-55.5689,-29.4273,212.346
-54.8847,-29.4245,213.163
-54.1494,-29.4331,213.922
-53.3599,-29.4419,214.608
-52.5496,-29.4409,215.29
-51.7404,-29.4445,215.949
-50.914,-29.4508,216.597
-50.0849,-29.457,217.229
-49.2377,-29.4632,217.847
-48.3771,-29.4695,218.458
-47.5228,-29.4757,219.048
-46.6524,-29.482,219.631
-45.7738,-29.4882,220.207
-44.9001,-29.4749,220.763
-44.0121,-29.4989,221.315
-43.1301,-29.5087,221.855
-42.2321,-29.5152,222.39
-41.3287,-29.5213,222.92
-40.4323,-29.5269,223.433
-39.516,-29.5325,223.944
-38.5973,-29.5381,224.447
-37.683,-29.5439,224.931
-36.7549,-29.5505,225.413
-35.8318,-29.5577,225.882
-34.8929,-29.5592,226.345
-33.9553,-29.5538,226.8
-33.0193,-29.578,227.243
-32.0762,-29.5841,227.683
-31.1327,-29.5899,228.114
-30.1788,-29.5962,228.538
-29.2297,-29.6026,228.955
-28.2783,-29.609,229.367
-27.3185,-29.6154,229.775
-26.3605,-29.6217,230.175
-25.3984,-29.6278,230.568
-24.4347,-29.6336,230.955
-23.4644,-29.626,231.332
-22.4847,-29.6384,231.705
-21.5103,-29.653,232.063
-20.5267,-29.6594,232.413
-19.5465,-29.6657,232.752
-18.5524,-29.6727,233.08
-17.5537,-29.6798,233.401
-16.5641,-29.6858,233.706
-15.5621,-29.6917,234.005
-14.5683,-29.6978,234.292
-13.5601,-29.7055,234.572
-12.5496,-29.714,234.846
-11.5492,-29.6952,235.103
-10.5324,-29.7231,235.356
-9.52735,-29.7303,235.596
-8.50736,-29.7364,235.83
-7.49766,-29.7419,236.054
-6.47222,-29.7471,236.267
-5.44788,-29.7536,236.473
-4.42823,-29.7616,236.667
-3.39305,-29.7683,236.85
-2.36922,-29.7743,237.017
-1.32763,-29.7806,237.174
-0.286793,-29.7787,237.318
0.751663,-29.7787,237.439
1.79958,-29.799,237.544
2.84812,-29.8021,237.624
3.90224,-29.7973,237.68
4.96009,-29.7889,237.705
6.01672,-29.7806,237.703
7.07585,-29.7719,237.667
8.0763,-29.7637,237.608
9.11678,-29.7505,237.519
10.167,-29.7286,237.321
11.2019,-29.7136,237.041
12.2283,-29.705,236.731
13.24,-29.6961,236.396
14.1087,-29.6936,235.738
15.1684,-29.6847,235.465
16.1607,-29.6766,235.749
17.0464,-29.6704,236.263
17.986,-29.6638,236.667
18.9877,-29.6571,236.853
20.0043,-29.6497,236.825
21.0228,-29.6434,236.671
22.0179,-29.6357,236.447
22.9693,-29.6274,236.029
23.9105,-29.6194,235.538
24.8286,-29.6101,235.013
25.7402,-29.6006,234.478
26.6259,-29.5922,233.907
27.5067,-29.5842,233.329
28.353,-29.5766,232.72
29.1956,-29.569,232.107
29.9994,-29.5605,231.472
30.8009,-29.5519,230.836
31.573,-29.5444,230.182
32.3428,-29.5367,229.524
33.0901,-29.5281,228.842
33.8331,-29.5197,228.155
34.5527,-29.5116,227.442
35.2658,-29.5035,226.724
35.9552,-29.4955,225.982
36.6354,-29.4877,225.232
37.2924,-29.4806,224.46
37.9375,-29.4736,223.679
38.56,-29.4665,222.878
39.1675,-29.4586,222.067
39.7528,-29.4495,221.24
40.3205,-29.4409,220.402
40.8681,-29.4329,219.552
41.3966,-29.4251,218.69
41.9081,-29.4175,217.818
42.3979,-29.41,216.932
42.8729,-29.4024,216.038
43.3229,-29.3942,215.13
43.7599,-29.3856,214.214
44.1686,-29.3781,213.285
44.5662,-29.3711,212.35
44.9312,-29.3632,211.403
45.2872,-29.3552,210.452
45.6084,-29.3475,209.492
45.9234,-29.34,208.531
46.203,-29.3315,207.561
46.4791,-29.3229,206.589
46.7178,-29.3148,205.609
46.9541,-29.3068,204.628
47.1532,-29.2987,203.64
47.3486,-29.2907,202.652
47.5099,-29.2837,201.658
47.6652,-29.2763,200.665
47.7893,-29.2672,199.669
47.9055,-29.2584,198.673
47.9941,-29.2503,197.676
48.0731,-29.2422,196.68
48.1359,-29.233,195.539
48.1738,-29.2249,194.54
48.194,-29.2169,193.539
48.1941,-29.2094,192.537
48.1781,-29.2023,191.534
48.1379,-29.1949,190.529
48.0828,-29.1874,189.524
47.9992,-29.1788,188.519
47.9021,-29.1697,187.515
47.7722,-29.1625,186.513
47.631,-29.156,185.512
47.4526,-29.1478,184.515
47.2652,-29.1392,183.52
47.0365,-29.132,182.531
46.8016,-29.1249,181.544
46.5213,-29.1169,180.568
46.2377,-29.1088,179.592
45.9049,-29.1173,178.63
45.569,-29.1258,177.669
45.1851,-29.1329,176.72
44.7945,-29.1399,175.773
44.3545,-29.1464,174.839
43.9041,-29.1532,173.909
43.4072,-29.1613,172.999
42.8983,-29.169,172.097
42.3529,-29.1755,171.22
41.7935,-29.1823,170.353
41.2028,-29.1893,169.507
40.595,-29.1964,168.674
39.9582,-29.2034,167.86
39.3027,-29.2107,167.064
38.6228,-29.2183,166.289
37.9249,-29.2218,165.535
37.2087,-29.2213,164.802
36.4284,-29.2222,164.164
35.5744,-29.2231,163.632
34.6445,-29.2239,163.199
33.6549,-29.2242,162.976
32.6381,-29.225,163.04
31.6232,-29.2239,163.304
30.6769,-29.2271,163.645
29.8536,-29.2271,163.066
28.9972,-29.2271,162.452
28.1176,-29.2271,161.854
27.2379,-29.2271,161.268
26.3577,-29.2271,160.704
25.4754,-29.2279,160.16
24.5917,-29.229,159.629
23.7021,-29.2291,159.126
22.7871,-29.2291,158.622
21.7873,-29.2291,158.102
20.8341,-29.2294,157.627
19.9215,-29.23,157.19
18.909,-29.2296,156.741
17.8892,-29.2293,156.3
16.9415,-29.2311,155.923
15.9355,-29.2315,155.54
14.9925,-29.2305,155.201
13.9327,-29.2308,154.844
12.8836,-29.232,154.506
11.8071,-29.2331,154.195
10.7735,-29.234,153.905
9.77152,-29.234,153.652
8.75679,-29.2344,153.438
7.73273,-29.2348,153.253
6.69262,-29.2342,153.116
5.63111,-29.2344,153.023
4.52379,-29.2383,152.961
3.39728,-29.2543,152.958
2.33893,-29.2693,152.997
1.18928,-29.2857,153.088
0.154411,-29.2973,153.206
-0.947769,-29.3057,153.377
-2.05909,-29.3142,153.561
-3.21729,-29.3231,153.811
-4.37548,-29.332,154.06
-5.40667,-29.34,154.316
-6.40904,-29.3478,154.568
-7.42396,-29.3556,154.843
-8.48126,-29.3639,155.135
-9.46877,-29.3716,155.414
-10.4998,-29.3797,155.71
-11.5458,-29.3878,156.013
-12.5531,-29.395,156.306
-13.5617,-29.401,156.598
-14.6709,-29.4066,156.596
-15.6938,-29.4127,156.692
-16.7361,-29.4201,156.852
-17.774,-29.4283,157.012
-18.8225,-29.4363,157.172
-19.8281,-29.4619,157.423
-20.8136,-29.4759,157.705
-21.8063,-29.4838,157.982
-22.7914,-29.4916,158.247
-23.7704,-29.4994,158.498
-24.7719,-29.5067,158.738
-25.7536,-29.514,158.944
-26.7885,-29.5224,159.127
-27.8197,-29.531,159.264
-28.8353,-29.5386,159.335
-29.8613,-29.5399,159.34
-30.8829,-29.5411,159.288
-31.9363,-29.5626,159.169
-32.9734,-29.5813,158.972
-33.9506,-29.6072,158.707
-34.9007,-29.6337,158.376
-35.8264,-29.6617,157.977
-36.7336,-29.6838,157.496
-37.5851,-29.712,156.942
-38.3894,-29.7383,156.331
-39.1466,-29.7643,155.665
-39.8764,-29.782,154.919
-40.5527,-29.8,154.101
-41.1306,-29.8225,153.267
-41.6622,-29.8326,152.39
-42.1465,-29.8432,151.477
-42.5834,-29.8544,150.535
-42.9568,-29.8635,149.577
-43.2871,-29.8745,148.582
-43.5747,-29.8843,147.57
-43.8224,-29.894,146.544
-44.0197,-29.9042,145.563
-44.18,-29.9066,144.559
-44.3025,-29.9117,143.509
-44.3853,-29.9344,142.456
-44.4285,-29.9446,141.401
-44.4306,-29.9554,140.384
-44.3817,-29.9651,139.319
-44.2818,-29.9749,138.28
-44.1312,-29.985,137.253
-43.9237,-29.9951,136.244
-43.651,-30.0063,135.239
-43.3148,-30.0161,134.284
-42.9119,-30.0184,133.351
-42.4486,-30.025,132.454
-41.9232,-30.0476,131.597
-41.287,-30.0576,130.741
-40.5991,-30.0679,129.97
-39.8699,-30.0789,129.271
-39.0887,-30.0896,128.619
-38.2547,-30.0993,128.019
-37.3853,-30.1089,127.483
-36.4779,-30.1186,127.016
-35.5415,-30.1292,126.6
-34.5785,-30.1297,126.236
-33.556,-30.1404,125.919
-32.5222,-30.1609,125.665
-31.5002,-30.1717,125.464
-30.4656,-30.1816,125.303
-29.445,-30.1905,125.198
-28.4459,-30.2003,125.122
-27.433,-30.203,125.062
-26.4023,-30.1918,125.012
-25.3826,-30.181,124.975
-24.3618,-30.1703,124.945
-23.34,-30.1571,124.922
-22.3094,-30.1288,124.909
-21.289,-30.1382,124.904
-20.2667,-30.1274,124.907
-19.2332,-30.1096,124.888
-18.1906,-30.0824,124.771
-17.1531,-30.072,124.666
-16.113,-30.0611,124.498
-15.1184,-30.0538,124.196
-14.0812,-30.0454,124.178
-12.9989,-30.034,124.256
-11.9172,-30.0226,124.345
-10.8382,-30.0111,124.451
-9.76204,-29.9997,124.568
-8.68827,-29.9883,124.697
-7.61662,-29.977,124.838
-6.54692,-29.9656,124.997
-5.47793,-29.9542,125.17
-4.40934,-29.9427,125.355
-3.34074,-29.9313,125.555
-2.27143,-29.9198,125.776
-1.20116,-29.9082,126.011
-0.129734,-29.8966,126.262
0.94352,-29.885,126.533
1.91144,-29.8744,126.797
2.88013,-29.8638,127.073
3.84952,-29.8531,127.367
4.81844,-29.8424,127.683
5.78659,-29.8316,128.014
6.75309,-29.8208,128.367
7.71642,-29.8099,128.744
8.6776,-29.7989,129.136
9.63549,-29.788,129.55
10.5895,-29.7769,129.986
11.5412,-29.7658,130.435
12.4894,-29.7547,130.903
13.4345,-29.7435,131.388
14.3775,-29.7323,131.883
15.3171,-29.721,132.392
16.2532,-29.7097,132.915
17.1867,-29.6984,133.444
18.1161,-29.6871,133.986
19.0414,-29.6757,134.536
19.9636,-29.6644,135.093
20.8808,-29.653,135.659
21.7931,-29.6417,136.231
22.7017,-29.6304,136.808
23.6038,-29.619,137.393
24.4991,-29.6077,137.984
25.3899,-29.5964,138.579
26.2742,-29.5852,139.181
27.1543,-29.5739,139.787
28.0313,-29.5627,140.397
28.904,-29.5514,141.011
29.7735,-29.5402,141.63
30.641,-29.5289,142.251
31.5052,-29.5177,142.878
32.3672,-29.5064,143.51
33.2278,-29.4952,144.144
34.0858,-29.4839,144.785
34.9422,-29.4726,145.431
35.7972,-29.4613,146.08
36.6496,-29.45,146.736
37.4995,-29.4386,147.397
38.3477,-29.4273,148.061
39.1925,-29.4159,148.731
40.035,-29.4046,149.404
40.8755,-29.3932,150.079
41.712,-29.3818,150.759
42.5456,-29.3705,151.442
43.3765,-29.3591,152.128
44.2024,-29.3478,152.817
45.0245,-29.3365,153.51
45.8433,-29.3252,154.204
46.6551,-29.3139,154.902
47.4615,-29.3026,155.602
48.2634,-29.2914,156.304
49.0551,-29.2802,157.009
49.8398,-29.2691,157.716
50.6183,-29.258,158.424
51.3838,-29.247,159.134
52.141,-29.2361,159.845
52.8909,-29.2252,160.557
53.6269,-29.2144,161.268
54.3552,-29.2037,161.977
55.0764,-29.1931,162.684
55.8638,-29.1814,163.468
56.6423,-29.1641,164.251
57.4123,-29.1443,165.035
58.1737,-29.1245,165.819
58.9233,-29.1048,166.608
59.6661,-29.0851,167.399
60.4029,-29.0655,168.193
61.1335,-29.0459,168.992
61.8581,-29.0263,169.797
62.5791,-29.0067,170.606
63.2969,-28.987,171.421
64.0111,-28.9673,172.242
64.7222,-28.9475,173.07
65.4315,-28.9277,173.904
66.1391,-28.9078,174.743
66.8452,-28.8879,175.591
67.5509,-28.8678,176.445
68.186,-28.8497,177.218
68.8215,-28.8315,177.997
69.458,-28.8132,178.782
70.0954,-28.7948,179.572
70.7342,-28.7763,180.368
71.3741,-28.7692,181.17
72.0146,-28.7646,181.976
72.6557,-28.7601,182.787
73.2972,-28.7556,183.602
73.939,-28.7512,184.42
74.581,-28.7473,185.241
75.2229,-28.7419,186.064
75.8646,-28.7355,186.889
76.5058,-28.7278,187.716
77.146,-28.7195,188.544
77.7854,-28.7107,189.373
78.4234,-28.701,190.202
79.0595,-28.6903,191.032
79.6944,-28.6827,191.862
80.3274,-28.6853,192.693
80.9581,-28.6884,193.525
81.5872,-28.6919,194.357
82.2137,-28.6964,195.191
82.8372,-28.7,196.025
83.4586,-28.7033,196.86
84.0765,-28.7065,197.697
84.6905,-28.7107,198.535
85.3017,-28.7146,199.375
85.9082,-28.7162,200.216
86.3219,-28.7312,201.151
86.6889,-28.7485,202.125
87.1551,-28.7517,203.017
87.6153,-28.7552,203.907
88.0725,-28.7588,204.802
88.5229,-28.7614,205.706
89.0861,-28.7641,206.557
89.6485,-28.7668,207.421
90.1912,-28.7707,208.281
90.7282,-28.7743,209.147
91.2613,-28.7779,210.027
91.775,-28.7823,210.903
92.2819,-28.7859,211.786
92.7808,-28.789,212.683
93.2581,-28.7929,213.576
93.7292,-28.7966,214.48
94.19,-28.8001,215.396
94.6314,-28.8035,216.308
95.0633,-28.8065,217.226
95.4866,-28.8093,218.157
95.8933,-28.8125,219.093
96.2787,-28.8159,220.022
96.6521,-28.819,220.971
96.9957,-28.8225,221.922
97.3263,-28.8261,222.933
97.6252,-28.8295,223.948
97.8809,-28.8325,224.941
98.0968,-28.8372,225.978
98.2642,-28.8406,227.012
98.3844,-28.8431,228.045
98.4526,-28.8466,229.099
98.459,-28.8512,230.11
98.4069,-28.855,231.146
98.3024,-28.8574,232.179
98.1454,-28.86,233.207
97.9385,-28.8637,234.196
97.6614,-28.8676,235.218
97.3329,-28.8707,236.205
96.9522,-28.875,237.174
96.5149,-28.8797,238.127
96.0298,-28.8832,239.064
95.5026,-28.8865,239.981
94.9657,-28.8901,240.828
94.3861,-28.8939,241.664
93.7446,-28.8971,242.51
93.0694,-28.9001,243.331
92.3613,-28.9036,244.122
91.6208,-28.9073,244.879
90.848,-28.9113,245.601
90.0437,-28.9142,246.285
89.2072,-28.9174,246.926
88.344,-28.9214,247.522
87.4534,-28.9257,248.071
86.5335,-28.9295,248.575
85.6302,-28.9325,249.013
84.704,-28.936,249.408
83.7188,-28.9396,249.775
82.7197,-28.9428,250.098
81.7095,-28.9461,250.377
80.6865,-28.9509,250.613
79.6732,-28.9534,250.791
78.6281,-28.9565,250.93
77.5792,-28.9605,251.031
76.5134,-28.9641,251.094
75.4928,-28.964,251.113
74.4241,-28.9611,251.105
73.4087,-28.9575,251.076
72.3845,-28.9535,251.028
71.3628,-28.9489,250.972
70.2989,-28.9445,250.989
69.2898,-28.9415,251.062
68.2869,-28.9395,251.131
67.2802,-28.9376,251.201
66.2069,-28.9274,251.353
65.2038,-28.9079,251.589
64.1823,-28.908,251.542
63.1574,-28.9089,251.483
62.1294,-28.9095,251.424
61.0977,-28.9102,251.364
60.0706,-28.9111,251.306
59.0499,-28.9124,251.247
57.9436,-28.9145,251.184
56.8662,-28.9171,251.123
55.8226,-28.9202,251.064
54.7288,-28.9241,251.002
53.7211,-28.9258,250.945
52.7136,-28.9295,250.889
51.6709,-28.9335,250.83
50.5944,-28.9373,250.77
49.5612,-28.9412,250.712
48.5198,-28.9462,250.654
47.4953,-28.9518,250.596
46.4316,-28.9569,250.537
45.4212,-28.9633,250.481
44.3741,-28.969,250.423
43.307,-28.9751,250.363
42.2424,-28.9814,250.304
41.2267,-28.9866,250.248
40.1765,-28.9928,250.189
39.0964,-29.0006,250.13
38.097,-29.0058,250.074
37.0899,-29.0117,250.018
36.0763,-29.0182,249.962
35.0627,-29.0253,249.906
34.0483,-29.0314,249.849
33.0331,-29.0366,249.793
32.0148,-29.0425,249.736
30.9941,-29.048,249.68
29.9709,-29.0532,249.623
28.9413,-29.0596,249.565
27.9077,-29.0658,249.508
26.87,-29.0716,249.45
25.8228,-29.0775,249.391
24.7699,-29.0833,249.332
23.7111,-29.0891,249.273
22.6398,-29.095,249.212
21.563,-29.1005,249.152
20.4804,-29.1057,249.091
19.3888,-29.1115,249.029
18.2935,-29.1164,248.968
17.194,-29.1203,248.906
16.0891,-29.1254,248.844
14.9821,-29.1303,248.781
13.8729,-29.1349,248.719
12.7614,-29.1394,248.657
11.6496,-29.1434,248.594
10.5375,-29.1466,248.531
9.42641,-29.1499,248.469
8.31632,-29.1534,248.406
7.20744,-29.1573,248.344
6.10138,-29.1612,248.282
4.99723,-29.1648,248.22
3.89546,-29.168,248.158
2.7982,-29.1713,248.096
1.70378,-29.1753,248.035
0.612965,-29.1805,247.973
-0.471718,-29.1833,247.912
-1.55263,-29.1864,247.851
-2.62866,-29.1903,247.791
-3.69698,-29.1942,247.731
-4.76157,-29.1986,247.671
-5.82166,-29.2038,247.611
-6.87709,-29.2067,247.552
-7.93046,-29.2095,247.493
-8.98146,-29.2128,247.433
-10.0308,-29.216,247.374
-11.0797,-29.2195,247.315
-12.1285,-29.2234,247.256
-13.1784,-29.2262,247.197
-14.2296,-29.2292,247.138
-15.283,-29.2331,247.079
-16.3404,-29.2359,247.019
-17.4,-29.2387,246.96
-18.4627,-29.2419,246.9
-19.5285,-29.2457,246.84
-20.5961,-29.2492,246.78
-21.6661,-29.2518,246.72
-22.7385,-29.2559,246.66
-23.8121,-29.2603,246.599
-24.8876,-29.2642,246.539
-25.9646,-29.2686,246.478
-27.0424,-29.2731,246.417
-28.1213,-29.2776,246.357
-29.201,-29.2822,246.296
-30.2811,-29.2867,246.235
-31.3615,-29.2913,246.174
-32.4419,-29.2968,246.114
-33.522,-29.3029,246.053
-34.6017,-29.31,245.992
-35.6805,-29.3162,245.932
-36.7586,-29.3221,245.871
-37.8353,-29.3279,245.81
-38.9104,-29.3342,245.75
-39.9841,-29.3408,245.689
-41.0557,-29.3479,245.629
-42.1248,-29.3541,245.569
-43.1922,-29.3605,245.509
-44.2572,-29.3689,245.449
-45.32,-29.3769,245.389
-46.3815,-29.3846,245.33
-47.4408,-29.3917,245.27
-48.4984,-29.3988,245.21
-49.5549,-29.4061,245.151
-50.6095,-29.4138,245.092
-51.6628,-29.4216,245.033
-52.7152,-29.4294,244.973
-53.7662,-29.4372,244.914
-54.8162,-29.4467,244.855
-55.8649,-29.4566,244.796
-56.9091,-29.4644,244.737
-57.9474,-29.4734,244.679
-58.9806,-29.4829,244.621
-60.0026,-29.4907,244.563
-61.0141,-29.4997,244.506
-62.0171,-29.5096,244.45
-63.112,-29.5226,244.388
-64.1875,-29.5339,244.328
-65.2449,-29.5447,244.267
-66.2831,-29.5555,244.205
-67.2897,-29.5656,244.138
-68.3704,-29.5769,244.053
-69.374,-29.5981,243.813
-70.3139,-29.63,243.407
-71.3456,-29.6461,243.106
-72.3031,-29.6624,242.787
-73.2805,-29.675,242.409
-74.2398,-29.6866,241.98
-75.2191,-29.7001,241.628
-76.1706,-29.7124,241.22
-77.0774,-29.7213,240.753
-77.937,-29.7265,240.218
-78.7521,-29.7297,239.612
-79.5141,-29.7312,238.946
-80.2089,-29.7321,238.223
-80.8449,-29.7371,237.418
-81.3929,-29.7428,236.577
-81.8789,-29.7441,235.688
-82.3043,-29.74,234.759
-82.6787,-29.7329,233.783
-82.9855,-29.7258,232.812
-83.2619,-29.7175,231.793
-83.5008,-29.7086,230.819
-83.7916,-29.6997,229.811
-84.1333,-29.6915,228.854
-84.4681,-29.6832,227.905
-84.8038,-29.6775,226.952
-85.1942,-29.6688,225.994
-85.6885,-29.6472,225.088
-85.9567,-29.6419,224.12
-86.1683,-29.6399,223.132
-86.3822,-29.636,222.134
-86.5982,-29.6331,221.125
-86.8155,-29.6305,220.111
-87.0344,-29.6279,219.09
-87.2547,-29.6248,218.061
-87.4758,-29.6218,217.03
-87.6977,-29.6192,215.993
-87.9203,-29.6151,214.955
-88.1431,-29.6109,213.915
-88.366,-29.6077,212.874
-88.5891,-29.6049,211.833
-88.8123,-29.6022,210.791
-89.0357,-29.5989,209.749
-89.2593,-29.5957,208.705
-89.4829,-29.5924,207.661
-89.7067,-29.5892,206.617
-89.9306,-29.5864,205.572
-90.1547,-29.5837,204.526
-90.3789,-29.5805,203.48
-90.6032,-29.5772,202.432
-90.8277,-29.574,201.385
-91.0523,-29.5707,200.337
-91.277,-29.5675,199.288
-91.5019,-29.5641,198.238
-91.727,-29.5602,197.187
-91.9523,-29.5568,196.136
-92.1778,-29.5537,195.083
-92.4036,-29.5511,194.029
-92.6297,-29.5476,192.974
-92.856,-29.5439,191.918
-93.0827,-29.5413,190.86
-93.3097,-29.5383,189.8
-93.537,-29.5351,188.739
-93.7648,-29.5318,187.676
-93.9928,-29.5286,186.612
-94.2211,-29.5253,185.546
-94.4498,-29.5214,184.479
-94.6787,-29.5175,183.411
-94.9077,-29.5138,182.342
-95.137,-29.5112,181.272
-95.3663,-29.5082,180.201
-95.5958,-29.5049,179.13
-95.8253,-29.5017,178.059
-96.0549,-29.4985,176.987
-96.2845,-29.4952,175.915
-96.5141,-29.492,174.844
-96.7436,-29.4891,173.773
-96.9731,-29.4864,172.702
-97.2024,-29.4825,171.631
-97.4315,-29.4786,170.562
-97.6606,-29.4748,169.493
-97.8893,-29.4722,168.425
-98.1178,-29.4689,167.359
-98.3461,-29.4651,166.293
-98.574,-29.4618,165.229
-98.8017,-29.4582,164.167
-99.029,-29.4544,163.106
-99.2558,-29.4511,162.047
-99.4809,-29.4486,160.99
-99.7043,-29.4466,159.933
-99.9219,-29.4427,158.879
-100.134,-29.4392,157.825
-100.339,-29.4359,156.772
-100.528,-29.4327,155.719
-100.708,-29.4298,154.667
-100.879,-29.4272,153.615
-101.034,-29.4246,152.564
-101.18,-29.4213,151.513
-101.319,-29.4175,150.464
-101.442,-29.4148,149.416
-101.558,-29.4119,148.369
-101.666,-29.4087,147.322
-101.761,-29.4055,146.276
-101.849,-29.4022,145.23
-101.929,-29.399,144.184
-101.998,-29.3957,143.138
-102.06,-29.3925,142.091
-102.115,-29.3893,141.043
-102.159,-29.3866,139.993
-102.198,-29.3826,138.942
-102.229,-29.3768,137.89
-102.25,-29.3764,136.834
-102.266,-29.375,135.777
-102.275,-29.3718,134.717
-102.275,-29.3691,133.653
-102.271,-29.3663,132.588
-102.262,-29.363,131.519
-102.245,-29.3598,130.447
-102.224,-29.3568,129.372
-102.199,-29.3542,128.294
-102.167,-29.351,127.211
-102.131,-29.3475,126.126
-102.092,-29.3437,125.037
-102.048,-29.3409,123.944
-102.001,-29.3383,122.848
-101.952,-29.3357,121.749
-101.901,-29.3331,120.646
-101.85,-29.3303,119.542
-101.799,-29.3271,118.436
-101.747,-29.3238,117.328
-101.695,-29.3208,116.22
-101.643,-29.3182,115.11
-101.591,-29.3145,114.0
-101.539,-29.3109,112.89
-101.487,-29.3076,111.78
-101.435,-29.3049,110.672
-101.384,-29.3021,109.565
-101.332,-29.2989,108.459
-101.28,-29.2951,107.357
-101.229,-29.2918,106.258
-101.178,-29.2899,105.163
-101.127,-29.2869,104.073
-101.076,-29.2836,102.987
-101.025,-29.2804,101.908
-100.975,-29.2777,100.836
-100.925,-29.2751,99.7699
-100.876,-29.2725,98.7121
-100.827,-29.2689,97.6643
-100.778,-29.2652,96.6224
-100.73,-29.2619,95.5885
-100.682,-29.2597,94.5613
-100.634,-29.2574,93.5378
-100.586,-29.2542,92.5193
-100.539,-29.2514,91.5042
-100.491,-29.2488,90.4907
-100.444,-29.2462,89.4791
-100.397,-29.2427,88.4675
-100.349,-29.2392,87.4557
-100.302,-29.2373,86.4422
-100.254,-29.2339,85.4259
-100.207,-29.2305,84.4072
-100.159,-29.2285,83.3842
-100.111,-29.2261,82.3562
-100.063,-29.2234,81.3244
-100.014,-29.2202,80.2858
-99.9651,-29.2174,79.2403
-99.9159,-29.2147,78.1896
-99.8663,-29.2114,77.1295
-99.8163,-29.2082,76.0607
-99.766,-29.2049,74.9852
-99.7152,-29.2017,73.8978
-99.6638,-29.1985,72.7998
-99.6121,-29.1953,71.6945
-99.5599,-29.1927,70.5785
-99.5074,-29.1897,69.4564
-99.4606,-29.1868,68.4559
-99.4136,-29.1839,67.4501
-99.3665,-29.1811,66.4435
-99.3193,-29.1782,65.4352
-99.2722,-29.1749,64.4271
-99.225,-29.1715,63.4192
-99.178,-29.1691,62.4143
-99.1311,-29.1668,61.4112
-99.0785,-29.1642,60.2879
-99.0263,-29.1612,59.1719
-98.9744,-29.1579,58.0608
-98.9227,-29.1547,56.9571
-98.8714,-29.1519,55.8594
-98.8202,-29.149,54.7657
-98.7694,-29.1452,53.6782
-98.7187,-29.1417,52.5954
-98.6682,-29.1386,51.5159
-98.618,-29.136,50.4412
-98.5679,-29.1334,49.37
-98.5179,-29.1307,48.3012
-98.468,-29.1275,47.2361
-98.4183,-29.1242,46.1732
-98.3687,-29.121,45.1117
-98.3191,-29.1177,44.0511
-98.2694,-29.1149,42.9899
-98.2198,-29.1122,41.9278
-98.1699,-29.109,40.8627
-98.1199,-29.1062,39.794
-98.0698,-29.1036,38.7223
-98.0194,-29.101,37.6435
-97.9686,-29.0976,36.5584
-97.9176,-29.0938,35.4679
-97.8661,-29.0905,34.3663
-97.8141,-29.0877,33.2556
-97.7618,-29.085,32.1379
-97.7149,-29.0821,31.1355
-97.6679,-29.0795,30.1303
-97.6207,-29.0772,29.1212
-97.5734,-29.0741,28.1095
-97.526,-29.0706,27.097
-97.4787,-29.0683,26.0842
-97.4313,-29.0656,25.0725
-97.3841,-29.0622,24.0628
-97.3371,-29.0591,23.0571
-97.2901,-29.0562,22.0537
-97.2378,-29.053,20.9352
-97.1858,-29.0497,19.8236
-97.1342,-29.0465,18.7201
-97.0831,-29.0439,17.6275
-97.0322,-29.0413,16.5396
-96.9816,-29.0387,15.4567
-96.9312,-29.0349,14.3796
-96.8809,-29.0315,13.3044
-96.8307,-29.0289,12.2312
-96.7805,-29.0258,11.1587
-96.7303,-29.0228,10.0854
-96.68,-29.0202,9.01095
-96.6296,-29.0176,7.93223
-96.579,-29.0148,6.8501
-96.5281,-29.0115,5.76338
-96.477,-29.0083,4.67019
-96.4257,-29.0053,3.57344
-96.3742,-29.0027,2.47221
-96.3224,-28.999,1.36491
-96.2704,-28.9955,0.254214
-96.2183,-28.993,-0.860841
-96.1658,-28.992,-1.98159
-96.1133,-28.9918,-3.10557
-96.0664,-28.9924,-4.10844
-96.0193,-28.9918,-5.11522
-95.9721,-28.9906,-6.12372
-95.9247,-28.99,-7.1377
-95.8772,-28.9891,-8.15331
-95.8295,-28.9874,-9.1726
-95.7816,-28.986,-10.195
-95.7337,-28.9849,-11.2195
-95.6856,-28.9842,-12.2485
-95.6374,-28.9837,-13.279
-95.589,-28.9831,-14.3133
-95.5405,-28.9822,-15.35
-95.4919,-28.9811,-16.3889
-95.4431,-28.9799,-17.4316
-95.3943,-28.9788,-18.4756
-95.3453,-28.9783,-19.5234
-95.2962,-28.9774,-20.573
-95.247,-28.9763,-21.6249
-95.1976,-28.9755,-22.6798
-95.1483,-28.9749,-23.736
-95.0987,-28.9738,-24.7959
-95.049,-28.973,-25.8571
-94.9993,-28.973,-26.9207
-94.9494,-28.9727,-27.9867
-94.8995,-28.9721,-29.0539
-94.8494,-28.9726,-30.1245
-94.7993,-28.973,-31.1961
-94.7491,-28.973,-32.2701
-94.6987,-28.9724,-33.3459
-94.6483,-28.9712,-34.4231
-94.5978,-28.9716,-35.503
-94.5473,-28.9721,-36.5838
-94.4966,-28.9721,-37.667
-94.4459,-28.9721,-38.7514
-94.3951,-28.9721,-39.8373
-94.3442,-28.9721,-40.9252
-94.2933,-28.972,-42.0139
-94.2422,-28.9714,-43.1048
-94.1912,-28.9711,-44.1966
-94.14,-28.9711,-45.2897
-94.0889,-28.9711,-46.3844
-94.0376,-28.9711,-47.4796
-93.9863,-28.9705,-48.5769
-93.9349,-28.9699,-49.6746
-93.8835,-28.9694,-50.7736
-93.8322,-28.9691,-51.8715
-93.7809,-28.9691,-52.9687
-93.7298,-28.9691,-54.0608
-93.6788,-28.969,-55.1503
-93.6282,-28.9684,-56.233
-93.5779,-28.9685,-57.3088
-93.5278,-28.9691,-58.3788
-93.4784,-28.9682,-59.435
-93.4293,-28.967,-60.4856
-93.3809,-28.9659,-61.5194
-93.3331,-28.9658,-62.5425
-93.2858,-28.9669,-63.5527
-93.2338,-28.9672,-64.6651
-93.1824,-28.9672,-65.7636
-93.1319,-28.9672,-66.8428
-93.0823,-28.9672,-67.9042
-93.0331,-28.9672,-68.9552
-92.9846,-28.9672,-69.9923
-92.9366,-28.9667,-71.0176
-92.889,-28.966,-72.0362
-92.8417,-28.9654,-73.0462
-92.7948,-28.9652,-74.0503
-92.7479,-28.9651,-75.0514
-92.6961,-28.9644,-76.1604
-92.6442,-28.9649,-77.2691
-92.5975,-28.9652,-78.2684
-92.5506,-28.9652,-79.2696
-92.5035,-28.9646,-80.2776
-92.4561,-28.9643,-81.2909
-92.4084,-28.9643,-82.3103
-92.3601,-28.9643,-83.3433
-92.3113,-28.9643,-84.3852
-92.2621,-28.9643,-85.4377
-92.2119,-28.9637,-86.5106
-92.1612,-28.9633,-87.5959
-92.1097,-28.9633,-88.6966
-92.0628,-28.9628,-89.6984
-92.0156,-28.9623,-90.7076
-91.9676,-28.9623,-91.7351
-91.919,-28.9623,-92.7721
-91.8701,-28.9623,-93.8188
-91.8205,-28.9623,-94.8779
-91.7708,-28.9622,-95.9413
-91.7206,-28.9617,-97.0153
-91.6702,-28.9611,-98.0928
-91.6195,-28.9605,-99.1751
-91.5687,-28.9604,-100.261
-91.5179,-28.9604,-101.348
-91.467,-28.9609,-102.436
-91.4162,-28.9611,-103.523
-91.3654,-28.9606,-104.608
-91.3147,-28.9604,-105.692
-91.2641,-28.9604,-106.775
-91.2135,-28.9604,-107.854
-91.1631,-28.9602,-108.933
-91.1127,-28.9596,-110.01
-91.0624,-28.9594,-111.085
-91.0122,-28.9594,-112.159
-90.9621,-28.9594,-113.229
-90.9121,-28.9593,-114.299
-90.8622,-28.9587,-115.366
-90.8124,-28.9584,-116.43
-90.7627,-28.9584,-117.493
-90.7131,-28.9584,-118.554
-90.6635,-28.9584,-119.612
-90.6142,-28.9578,-120.668
-90.5648,-28.9574,-121.722
-90.5156,-28.9574,-122.774
-90.4665,-28.9574,-123.824
-90.4175,-28.9574,-124.872
-90.3686,-28.9569,-125.918
-90.3197,-28.9564,-126.962
-90.271,-28.9564,-128.004
-90.2223,-28.9564,-129.044
-90.1737,-28.9564,-130.084
-90.1252,-28.9564,-131.12
-90.0768,-28.9564,-132.156
-90.0285,-28.9564,-133.189
-89.9802,-28.9564,-134.221
-89.932,-28.9564,-135.251
-89.884,-28.9564,-136.278
-89.836,-28.9564,-137.303
-89.7883,-28.9558,-138.324
-89.7406,-28.9552,-139.343
-89.6931,-28.9546,-140.359
-89.6458,-28.9545,-141.37
-89.5986,-28.9545,-142.38
-89.5516,-28.9545,-143.383
-89.5048,-28.9541,-144.384
-89.4524,-28.9528,-145.504
-89.4003,-28.9536,-146.617
-89.3485,-28.9543,-147.726
-89.2969,-28.9537,-148.829
-89.2457,-28.9525,-149.924
-89.1946,-28.9514,-151.015
-89.1439,-28.9507,-152.099
-89.0935,-28.9506,-153.177
-89.0433,-28.9504,-154.25
-88.9934,-28.9498,-155.316
-88.9439,-28.9491,-156.376
-88.8945,-28.9486,-157.431
-88.8455,-28.9486,-158.48
-88.7968,-28.9482,-159.521
-88.7482,-28.9472,-160.559
-88.6999,-28.9452,-161.592
-88.6517,-28.9438,-162.622
-88.6037,-28.9423,-163.65
-88.5557,-28.9404,-164.676
-88.5076,-28.9389,-165.703
-88.4596,-28.9368,-166.73
-88.4114,-28.9316,-167.759
-88.3631,-28.9282,-168.792
-88.3147,-28.9257,-169.827
-88.266,-28.9231,-170.869
-88.217,-28.92,-171.917
-88.1677,-28.9167,-172.969
-88.1182,-28.9128,-174.029
-88.0683,-28.9098,-175.095
-88.0183,-28.9069,-176.164
-87.9679,-28.9031,-177.24
-87.9174,-28.9,-178.321
-87.8667,-28.8974,-179.405
-87.8157,-28.8948,-180.495
-87.7646,-28.8923,-181.588
-87.7133,-28.8897,-182.685
-87.6618,-28.8871,-183.786
-87.6101,-28.8853,-184.89
-87.5584,-28.884,-185.996
-87.5065,-28.8827,-187.105
-87.4545,-28.881,-188.216
-87.4025,-28.8793,-189.328
-87.3504,-28.8793,-190.443
-87.2983,-28.8797,-191.557
-87.2465,-28.8803,-192.665
-87.1983,-28.8803,-193.709
-87.1487,-28.881,-194.787
-87.098,-28.8823,-195.894
-87.0504,-28.8829,-196.933
-87.0005,-28.886,-198.024
-86.9545,-28.8918,-199.027
-86.9049,-28.8914,-200.108
-86.8577,-28.8916,-201.134
-86.8086,-28.8945,-202.199
-86.7569,-28.8977,-203.317
-86.7086,-28.9018,-204.359
-86.6606,-28.9088,-205.39
-86.6122,-28.9116,-206.426
-86.5611,-28.9157,-207.515
-86.5096,-28.9215,-208.607
-86.4583,-28.9284,-209.687
-86.4088,-28.9329,-210.721
-86.3592,-28.937,-211.75
-86.2553,-28.9446,-212.776
-85.9124,-28.9681,-213.773
-85.2535,-28.9614,-216.942
-84.908,-28.9572,-218.885
-84.3636,-28.9679,-220.413
-83.26,-28.9786,-220.996
-82.0047,-28.9851,-221.189
-80.7522,-28.988,-220.595
-79.7874,-28.9896,-218.795
-78.8439,-28.9988,-216.818
-78.0136,-29.0177,-215.002
-77.436,-28.9993,-214.12
-76.988,-28.9921,-213.112
-76.6741,-28.9936,-212.089
-76.3635,-28.9936,-211.077
-76.0352,-28.9941,-210.009
-75.7174,-28.9952,-208.974
-75.3994,-28.9974,-207.939
-75.0992,-28.9981,-206.961
-74.7802,-28.9988,-205.923
-74.4739,-28.9993,-204.927
-74.1586,-28.9986,-203.901
-73.8349,-28.9994,-202.848
-73.5089,-29.0006,-201.788
-73.2072,-29.0012,-200.806
-72.8999,-29.0024,-199.807
-72.5892,-29.0035,-198.796
-72.2737,-29.0041,-197.77
-71.9539,-29.0038,-196.73
-71.6428,-29.0033,-195.718
-71.3323,-29.0033,-194.709
-71.0098,-29.005,-193.66
-70.7154,-29.0063,-192.703
-70.4187,-29.0063,-191.738
-70.1126,-29.007,-190.743
-69.7811,-29.0085,-189.665
-69.4799,-29.0096,-188.686
-69.1694,-29.0109,-187.677
-68.8451,-29.0128,-186.623
-68.5201,-29.0164,-185.566
-68.2259,-29.0183,-184.61
-67.9263,-29.0202,-183.636
-67.6013,-29.0246,-182.58
-67.2769,-29.0273,-181.525
-66.9532,-29.0295,-180.473
-66.6302,-29.0317,-179.423
-66.3307,-29.034,-178.45
-66.0133,-29.0365,-177.418
-65.6951,-29.0394,-176.384
-65.3797,-29.0423,-175.359
-65.0701,-29.0453,-174.353
-64.7475,-29.0484,-173.304
-64.4403,-29.0498,-172.306
-64.1354,-29.052,-171.315
-63.8274,-29.0547,-170.314
-63.5307,-29.0583,-169.35
-63.2336,-29.061,-168.384
-62.9306,-29.0634,-167.4
-62.6332,-29.0654,-166.433
-62.3102,-29.0675,-165.383
-62.0096,-29.0697,-164.407
-61.6905,-29.0723,-163.369
-61.3828,-29.0755,-162.369
-61.0818,-29.0783,-161.391
-60.7573,-29.0804,-160.336
-60.4474,-29.083,-159.329
-60.1467,-29.0853,-158.352
-59.8245,-29.0874,-157.305
-59.529,-29.089,-156.344
-59.3913,-29.1017,-155.334
-59.3698,-29.1219,-154.306
-59.1926,-29.1244,-153.291
-59.0158,-29.1264,-152.281
-58.8394,-29.1278,-151.273
-58.6655,-29.1296,-150.25
-58.3765,-29.1319,-149.248
-58.073,-29.1345,-148.261
-57.7695,-29.1377,-147.275
-57.4663,-29.1407,-146.288
-57.1634,-29.1433,-145.301
-56.8616,-29.1459,-144.315
-56.5632,-29.1483,-143.332
-56.2684,-29.1504,-142.345
-55.985,-29.1534,-141.364
-55.7096,-29.1559,-140.383
-55.4449,-29.1574,-139.39
-55.1997,-29.1598,-138.41
-54.9654,-29.1625,-137.421
-54.7461,-29.1652,-136.42
-54.5447,-29.1678,-135.43
-54.3555,-29.1705,-134.43
-54.1829,-29.173,-133.421
-54.0266,-29.1751,-132.424
-53.8835,-29.1775,-131.414
-53.7576,-29.1797,-130.4
-53.6461,-29.1811,-129.396
-53.5486,-29.1812,-128.378
-53.4675,-29.18,-127.362
-53.3986,-29.1782,-126.352
-53.3445,-29.1767,-125.328
-53.3045,-29.1749,-124.31
-53.2745,-29.1724,-123.297
-53.2604,-29.1708,-122.269
-53.2581,-29.1698,-121.251
-53.2656,-29.1691,-120.222
-53.2869,-29.1669,-119.203
-53.3151,-29.165,-118.184
-53.3514,-29.1642,-117.153
-53.3953,-29.1627,-116.131
-53.4422,-29.1608,-115.1
-53.4895,-29.1589,-114.069
-53.527,-29.1574,-113.033
-53.4397,-29.156,-111.998
-53.3594,-29.1542,-110.978
-53.279,-29.152,-109.956
-53.1979,-29.1496,-108.929
-52.9787,-29.1332,-107.953
-52.8371,-29.1213,-106.921
-52.887,-29.1223,-105.864
-52.936,-29.121,-104.827
-52.9854,-29.1194,-103.785
-53.0356,-29.1181,-102.728
-53.0859,-29.1164,-101.67
-53.1363,-29.1144,-100.612
-53.1867,-29.1118,-99.5533
-53.2371,-29.1104,-98.4947
-53.2875,-29.1096,-97.4358
-53.3379,-29.1084,-96.3767
-53.3883,-29.1063,-95.3173
-53.4386,-29.1039,-94.2577
-53.4889,-29.1032,-93.1978
-53.539,-29.1022,-92.1377
-53.5892,-29.1009,-91.0774
-53.6391,-29.0989,-90.0167
-53.6889,-29.0973,-88.9558
-53.7387,-29.096,-87.8948
-53.7881,-29.0947,-86.8333
-53.8375,-29.0934,-85.7717
-53.8867,-29.0921,-84.7099
-53.9355,-29.0902,-83.6477
-53.9842,-29.0882,-82.5853
-54.0328,-29.0863,-81.5227
-54.0812,-29.085,-80.4597
-54.1295,-29.0837,-79.3966
-54.1778,-29.0824,-78.3332
-54.2258,-29.0811,-77.2695
-54.2739,-29.0798,-76.2056
-54.3218,-29.0785,-75.1415
-54.3696,-29.0759,-74.077
-54.4174,-29.0743,-73.0123
-54.4651,-29.0736,-71.9475
-54.5127,-29.0755,-70.8823
-54.5602,-29.0763,-69.8169
-54.6078,-29.0756,-68.7512
-54.6553,-29.0762,-67.6853
-54.7027,-29.0772,-66.6191
-54.7501,-29.0785,-65.5528
-54.7975,-29.0791,-64.4861
-54.8449,-29.0795,-63.4192
-54.8923,-29.0795,-62.3521
-54.9397,-29.0801,-61.2846
-54.987,-29.0808,-60.217
-55.0345,-29.0814,-59.1491
-55.0819,-29.082,-58.081
-55.1293,-29.0827,-57.0126
-55.1768,-29.0833,-55.944
-55.2243,-29.0834,-54.8751
-55.2719,-29.0842,-53.806
-55.3195,-29.0861,-52.7367
-55.3672,-29.0863,-51.6671
-55.4173,-29.0871,-50.5445
-55.4651,-29.0888,-49.4744
-55.5146,-29.0898,-48.3696
-55.5627,-29.0902,-47.2927
-55.611,-29.0902,-46.2145
-55.6593,-29.0907,-45.1339
-55.7078,-29.091,-44.0514
-55.7563,-29.0904,-42.9655
-55.8052,-29.0878,-41.8743
-55.8542,-29.0844,-40.779
-55.9035,-29.0805,-39.6763
-55.9533,-29.0776,-38.5629
-56.0035,-29.0745,-37.4414
-56.0487,-29.0705,-36.4315
-56.0845,-29.0668,-35.411
-56.1131,-29.0633,-34.3822
-56.1121,-29.0589,-33.3354
-56.0899,-29.0538,-32.2861
-55.9885,-29.0463,-31.2376
-55.8116,-29.0388,-30.2003
-55.5523,-29.0313,-29.1749
-55.2057,-29.0247,-28.1656
-54.8293,-29.0182,-27.1621
-54.3937,-29.0102,-26.1747
-53.9373,-29.003,-25.1942
-53.4485,-28.9972,-24.2245
-52.9308,-28.9939,-23.2673
-52.4005,-28.9916,-22.3155
-51.8357,-28.9916,-21.3799
-51.2623,-28.9912,-20.4487
-50.6699,-28.9901,-19.5274
-50.0614,-28.9907,-18.6155
-49.4427,-28.9924,-17.7095
-48.8012,-28.9931,-16.8184
-48.1522,-28.9938,-15.9324
-47.4835,-28.995,-15.0598
-46.8012,-28.9958,-14.197
-46.1068,-28.9964,-13.3428
-45.3889,-28.9979,-12.5065
-44.6618,-28.9973,-11.6772
-43.9081,-28.9824,-10.8689
-43.1375,-28.9801,-10.0764
-42.3458,-28.994,-9.30371
-41.5205,-28.9953,-8.56597
-40.6813,-28.9924,-7.84361
-39.794,-28.9883,-7.1858
-38.8864,-28.9843,-6.56008
-37.9425,-28.9803,-5.99191
-36.9562,-28.9774,-5.51918
-35.9482,-28.9751,-5.09503
-34.871,-28.9744,-4.86282
-33.8682,-28.9795,-4.46759
-33.1105,-28.9975,-3.70522
-32.1041,-28.9982,-3.52516
-31.0729,-28.9994,-3.46233
-30.0248,-29.0013,-3.40539
-28.9934,-29.0047,-3.36108
-27.9619,-29.0089,-3.31676
-26.9305,-29.0135,-3.27243
-25.899,-29.0183,-3.22812
-24.8675,-29.0239,-3.1838
-23.8361,-29.0311,-3.13949
-22.8046,-29.038,-3.09517
-21.7731,-29.044,-3.05085
-20.7417,-29.048,-3.00653
-19.7103,-29.0505,-2.96221
-18.6788,-29.0513,-2.91789
-17.6473,-29.0511,-2.87358
-16.6159,-29.052,-2.82926
-15.5844,-29.0544,-2.78494
-14.5529,-29.0565,-2.74062
-13.5215,-29.059,-2.6963
-12.49,-29.0624,-2.65199
-11.4585,-29.067,-2.60767
-10.4271,-29.0721,-2.56335
-9.39563,-29.0775,-2.51904
-8.36423,-29.0845,-2.47472
-7.33275,-29.0925,-2.4304
-6.30127,-29.1007,-2.38608
-5.26981,-29.1099,-2.34176
-4.23835,-29.1194,-2.29745
-3.20688,-29.1288,-2.25313
-2.17542,-29.1386,-2.20881
-1.14396,-29.1485,-2.1645
-0.112507,-29.1578,-2.12018
0.918957,-29.167,-2.07586
1.95042,-29.1761,-2.03153
2.98188,-29.1838,-1.98722
4.01326,-29.1928,-1.94291
5.04478,-29.2046,-1.89858
6.07624,-29.2141,-1.85426
7.1077,-29.2225,-1.80994
8.13917,-29.2323,-1.76564
9.17062,-29.2419,-1.72132
10.2021,-29.2512,-1.677
11.2336,-29.2602,-1.63268
12.265,-29.2697,-1.58836
13.2965,-29.2797,-1.54405
14.3279,-29.289,-1.49973
15.3594,-29.2983,-1.45541
16.3897,-29.3079,-1.41114
17.466,-29.3176,-1.44403
18.4934,-29.3272,-1.53114
19.5148,-29.3373,-1.61514
20.5396,-29.3471,-1.69966
21.6369,-29.3476,-1.87063
22.6557,-29.337,-2.12058
23.6882,-29.3479,-2.08288
24.7222,-29.3574,-2.03845
25.7576,-29.3648,-1.99395
26.7728,-29.3907,-1.66724
27.8115,-29.4104,-1.40242
28.8471,-29.4211,-1.22924
29.8789,-29.4312,-1.05698
30.9146,-29.4405,-0.88213
31.9343,-29.4491,-0.743243
32.9659,-29.4581,-0.698929
33.9973,-29.4676,-0.65461
35.0288,-29.4775,-0.610286
36.0602,-29.487,-0.565968
37.0917,-29.4964,-0.521649
38.1232,-29.5059,-0.477335
39.152,-29.5154,-0.432724
40.1808,-29.5247,-0.385312
41.2059,-29.5334,-0.331732
42.2157,-29.5423,-0.269656
43.2345,-29.5523,-0.189832
44.2311,-29.5623,-0.0795712
45.27,-29.5722,0.0721245
46.291,-29.5817,0.258015
47.286,-29.592,0.50408
48.2817,-29.6017,0.804815
49.2548,-29.6115,1.15331
50.2227,-29.6221,1.55964
51.1324,-29.6317,2.00913
52.0324,-29.6419,2.52003
52.9049,-29.6517,3.07899
53.7469,-29.6625,3.68591
54.5555,-29.6726,4.34044
55.3036,-29.6814,5.02538
56.0422,-29.6819,5.78268
56.729,-29.6783,6.56882
57.373,-29.6824,7.39168
57.9732,-29.6926,8.24874
58.5315,-29.7032,9.13462
59.0548,-29.7135,10.0644
59.5064,-29.7234,10.9697
59.9293,-29.7334,11.9297
60.3119,-29.7426,12.9071
60.6558,-29.7523,13.8999
60.9441,-29.7615,14.8763
61.2017,-29.7717,15.9088
61.419,-29.7819,16.9383
61.6008,-29.7918,17.9789
61.7288,-29.7989,18.9986
61.8265,-29.8057,20.0492
61.9271,-29.8113,21.0693
62.0996,-29.8154,22.1083
62.2451,-29.8196,23.1238
62.3854,-29.8233,24.161
62.5482,-29.8248,25.2357
62.8513,-29.811,26.2609
62.9771,-29.8088,27.306
62.9849,-29.8143,28.3644
62.991,-29.8188,29.4231
62.9959,-29.8234,30.4821
62.9999,-29.8279,31.5519
63.0018,-29.8313,32.6113
63.0028,-29.8345,33.6243
63.0025,-29.8378,34.6842
63.0004,-29.8432,35.7443
62.9971,-29.8482,36.8046
62.9924,-29.8514,37.8652
62.9859,-29.8552,38.9038
62.9786,-29.8593,39.9511
62.9691,-29.8645,41.0125
62.9581,-29.8685,42.074
62.946,-29.8719,43.1358
62.9317,-29.8764,44.1978
62.9167,-29.8798,45.2047
62.8997,-29.8827,46.2672
62.8802,-29.8876,47.3494
62.8597,-29.8928,48.4123
62.8375,-29.898,49.4756
62.8131,-29.9021,50.5391
62.7861,-29.9058,51.6471
62.7582,-29.9086,52.7111
62.7271,-29.9133,53.813
62.6956,-29.9182,54.8774
62.6619,-29.9221,55.942
62.6264,-29.9269,57.0069
62.5895,-29.9318,58.0719
62.5506,-29.9357,59.1372
62.51,-29.9396,60.2028
62.4672,-29.9435,61.2928
62.4234,-29.9469,62.3589
62.381,-29.951,63.3647
62.3348,-29.9562,64.4312
62.2867,-29.9601,65.498
62.2375,-29.964,66.565
62.1873,-29.9679,67.6322
62.1353,-29.9718,68.6998
62.0825,-29.9757,69.7676
62.0286,-29.9796,70.8357
61.9743,-29.9846,71.8851
61.9214,-29.9888,72.8902
61.8645,-29.9926,73.959
61.8061,-29.9965,75.0282
61.751,-30.0004,76.0293
61.6929,-30.0047,77.0693
61.6339,-30.0091,78.1096
61.5746,-30.0122,79.1423
61.4471,-30.0191,80.1916
61.0761,-30.0408,81.1629
60.8001,-30.0496,82.1692
60.5566,-30.0538,83.1528
60.2965,-30.0584,84.1198
60.0132,-30.0629,85.0837
59.7665,-30.0673,86.1082
59.5615,-30.072,87.0998
59.322,-30.0774,88.1428
59.0689,-30.0825,89.1347
58.79,-30.0877,90.0996
58.4669,-30.0925,91.1152
58.1176,-30.0967,92.1197
57.7454,-30.1012,93.0806
57.3238,-30.1067,94.0528
56.8729,-30.1118,95.0075
56.3807,-30.1155,95.9584
55.8774,-30.1178,96.8362
55.3152,-30.1201,97.7205
54.7202,-30.1216,98.5778
54.1075,-30.1221,99.3801
53.4179,-30.1184,100.185
52.7028,-30.1119,100.934
51.9544,-30.104,101.644
51.1657,-30.095,102.315
50.3392,-30.0873,102.922
49.4767,-30.0795,103.482
48.587,-30.0715,103.995
47.6419,-30.0627,104.466
46.6573,-30.0542,104.874
45.6922,-30.0456,105.199
44.7026,-30.0354,105.468
43.7104,-30.0259,105.678
42.6655,-30.0166,105.837
41.6208,-30.0064,105.952
40.5648,-29.9959,106.028
39.5032,-29.9859,106.066
38.4832,-29.9765,106.055
37.437,-29.9666,105.996
36.388,-29.9571,105.897
35.3894,-29.9476,105.765
34.3917,-29.9375,105.595
33.3491,-29.9271,105.381
32.3128,-29.9175,105.137
31.2869,-29.9076,104.864
30.3082,-29.8981,104.559
29.3297,-29.8879,104.199
28.3553,-29.8771,103.778
27.4001,-29.8665,103.322
26.4452,-29.8563,102.832
25.5524,-29.8471,102.335
24.636,-29.8371,101.783
23.7329,-29.8267,101.209
22.9001,-29.8168,100.652
22.0678,-29.8077,100.064
21.254,-29.7988,99.4588
20.461,-29.7894,98.8451
19.665,-29.7792,98.2031
18.8924,-29.7701,97.5481
18.1418,-29.7611,96.8825
17.3532,-29.7398,96.1591
16.5456,-29.7392,95.536
15.7596,-29.7323,94.9152
14.9385,-29.7223,94.2289
14.174,-29.7129,93.5518
13.3436,-29.6896,92.9362
