-96.1906,-29.4471,237.241
-96.7727,-29.4678,236.379
-97.269,-29.4786,235.483
-97.6844,-29.4798,234.549
-98.0918,-29.4805,233.616
-98.4992,-29.4805,232.676
-98.853,-29.4805,231.733
-99.1389,-29.4802,230.726
-99.4265,-29.4793,229.721
-99.715,-29.4789,228.712
-100.003,-29.4793,227.7
-100.287,-29.4799,226.688
-100.566,-29.4801,225.67
-100.838,-29.4792,224.654
-101.102,-29.478,223.627
-101.357,-29.4768,222.607
-101.603,-29.4761,221.578
-101.844,-29.4758,220.55
-102.079,-29.4763,219.528
-102.31,-29.4754,218.499
-102.536,-29.4735,217.475
-102.757,-29.4711,216.443
-102.975,-29.4689,215.413
-103.189,-29.467,214.387
-103.402,-29.4651,213.358
-103.613,-29.4631,212.329
-103.822,-29.4606,211.301
-104.028,-29.4581,210.27
-104.232,-29.4554,209.241
-104.435,-29.4523,208.212
-104.636,-29.4492,207.183
-104.837,-29.4462,206.153
-105.037,-29.4436,205.123
-105.234,-29.4411,204.091
-105.429,-29.4385,203.058
-105.622,-29.4355,202.028
-105.815,-29.4323,200.997
-106.007,-29.4292,199.967
-106.199,-29.4255,198.936
-106.39,-29.4222,197.903
-106.578,-29.4196,196.872
-106.766,-29.4162,195.838
-106.952,-29.4126,194.806
-107.138,-29.4096,193.774
-107.323,-29.4071,192.742
-107.507,-29.4051,191.71
-107.691,-29.4028,190.678
-107.875,-29.4,189.645
-108.057,-29.397,188.611
-108.237,-29.3939,187.577
-108.416,-29.3906,186.544
-108.571,-29.3869,185.543
-116.976,-29.3614,185.273
-116.94,-29.3576,184.447
-116.899,-29.3549,183.855
-116.905,-29.3526,182.939
-116.714,-29.3524,181.83
-116.6,-29.3529,180.922
-116.613,-29.3523,179.614
-116.521,-29.3517,178.74
-116.532,-29.3511,178.01
-116.531,-29.3497,176.998
-116.529,-29.348,175.986
-116.527,-29.3468,174.973
-116.525,-29.3452,173.96
-116.521,-29.3428,172.946
-116.515,-29.343,171.932
-116.508,-29.3441,170.918
-116.499,-29.3429,169.904
-116.49,-29.3404,168.89
-116.481,-29.3357,167.876
-116.48,-29.3214,166.788
-116.481,-29.3039,165.679
-116.452,-29.3,164.656
-116.43,-29.2946,163.568
-116.415,-29.2887,162.556
-116.398,-29.2874,161.543
-116.38,-29.2855,160.531
-116.362,-29.282,159.518
-116.342,-29.2767,158.506
-116.321,-29.2703,157.494
-116.298,-29.2672,156.482
-116.273,-29.2646,155.47
-116.246,-29.2628,154.458
-116.217,-29.2607,153.445
-116.186,-29.2584,152.433
-116.152,-29.2555,151.419
-116.117,-29.2524,150.406
-116.08,-29.2489,149.393
-116.04,-29.2461,148.379
-115.997,-29.2437,147.365
-115.946,-29.2403,146.352
-115.893,-29.2374,145.338
-115.834,-29.2362,144.325
-115.766,-29.2344,143.312
-115.657,-29.232,142.271
-115.619,-29.2297,141.254
-115.574,-29.2275,140.239
-115.506,-29.2257,139.224
-115.447,-29.2316,138.208
-115.393,-29.2431,137.191
-115.384,-29.2211,136.249
-115.351,-29.2697,135.185
-115.3,-29.2693,134.139
-115.249,-29.2662,133.092
-115.199,-29.2632,132.045
-115.148,-29.2606,130.998
-115.098,-29.2585,129.951
-115.048,-29.2561,128.905
-114.997,-29.2532,127.858
-114.947,-29.2501,126.811
-114.897,-29.247,125.764
-114.847,-29.2441,124.718
-114.797,-29.2406,123.671
-114.747,-29.237,122.624
-114.697,-29.234,121.577
-114.648,-29.2313,120.531
-114.598,-29.2287,119.484
-114.548,-29.2259,118.437
-114.499,-29.2232,117.39
-114.45,-29.2213,116.343
-114.4,-29.2187,115.297
-114.351,-29.2159,114.25
-114.302,-29.2133,113.203
-114.253,-29.2109,112.156
-114.205,-29.2086,111.109
-114.156,-29.2066,110.063
-114.108,-29.2044,109.016
-114.059,-29.2018,107.969
-114.011,-29.199,106.922
-113.963,-29.1961,105.875
-113.914,-29.1935,104.828
-113.866,-29.1917,103.781
-113.818,-29.1902,102.735
-113.769,-29.1879,101.688
-113.721,-29.1857,100.641
-113.673,-29.1839,99.5938
-113.625,-29.183,98.5468
-113.576,-29.1818,97.4999
-113.528,-29.1799,96.453
-113.48,-29.1769,95.4061
-113.431,-29.1748,94.3592
-113.383,-29.1746,93.3122
-113.335,-29.1725,92.2653
-113.287,-29.1703,91.2184
-113.238,-29.1689,90.1714
-113.19,-29.167,89.1245
-113.142,-29.165,88.0776
-113.093,-29.1633,87.0307
-113.045,-29.1623,85.9837
-112.997,-29.1613,84.9368
-112.949,-29.1598,83.8899
-112.9,-29.1579,82.843
-112.852,-29.1559,81.796
-112.804,-29.1542,80.7491
-112.755,-29.1528,79.7022
-112.707,-29.1515,78.6552
-112.659,-29.1502,77.6083
-112.611,-29.1489,76.5615
-112.562,-29.1472,75.5145
-112.514,-29.1454,74.4676
-112.466,-29.1441,73.4206
-112.417,-29.1422,72.3737
-112.369,-29.1399,71.3268
-112.321,-29.1385,70.2798
-112.273,-29.1373,69.2329
-112.224,-29.1361,68.186
-112.176,-29.1349,67.1391
-112.128,-29.1337,66.0921
-112.079,-29.1325,65.0452
-112.031,-29.131,63.9987
-111.924,-29.1293,62.999
-111.742,-29.1275,61.9702
-111.566,-29.1259,60.9495
-111.388,-29.1246,59.9256
-111.142,-29.1165,58.8697
-110.797,-29.0968,57.8665
-110.712,-29.0931,56.76
-110.66,-29.0917,55.6435
-110.609,-29.0903,54.5323
-110.558,-29.089,53.4281
-110.507,-29.0874,52.3276
-110.457,-29.0855,51.231
-110.407,-29.0835,50.1402
-110.356,-29.0818,49.0521
-110.306,-29.0805,47.9667
-110.256,-29.0779,46.8856
-110.207,-29.0759,45.8063
-110.157,-29.0746,44.7288
-110.107,-29.0726,43.6524
-110.058,-29.071,42.5753
-110.008,-29.0696,41.4976
-109.958,-29.0663,40.4165
-109.908,-29.0637,39.3322
-109.858,-29.0618,38.2446
-109.807,-29.0598,37.1496
-109.757,-29.0582,36.0483
-109.706,-29.0568,34.9415
-109.654,-29.0548,33.8232
-109.608,-29.0531,32.8214
-109.561,-29.0513,31.8139
-109.514,-29.0485,30.7973
-109.467,-29.046,29.7781
-109.42,-29.0448,28.7537
-109.373,-29.0437,27.7273
-109.325,-29.0425,26.6994
-109.278,-29.0398,25.6713
-109.231,-29.037,24.6439
-109.183,-29.0346,23.6189
-109.136,-29.0329,22.5974
-109.089,-29.0318,21.5789
-109.043,-29.0301,20.5689
-108.996,-29.0282,19.5629
-108.945,-29.0256,18.4426
-108.893,-29.0229,17.3308
-108.842,-29.0208,16.2244
-108.792,-29.0201,15.1251
-108.741,-29.018,14.0303
-108.691,-29.0157,12.9381
-108.64,-29.0144,11.8485
-108.59,-29.0125,10.7594
-108.54,-29.0104,9.66996
-108.49,-29.0077,8.57905
-108.439,-29.0062,7.48425
-108.389,-29.0049,6.38607
-108.338,-29.0035,5.28271
-108.286,-29.0017,4.17314
-108.235,-28.9999,3.05977
-108.184,-28.9986,1.94168
-108.137,-28.9979,0.942446
-108.091,-28.9971,-0.058845
-108.045,-28.9954,-1.06519
-107.998,-28.9939,-2.07461
-107.952,-28.9928,-3.08698
-107.905,-28.9916,-4.10427
-107.858,-28.9904,-5.12349
-107.81,-28.9893,-6.14744
-107.763,-28.9881,-7.17418
-107.716,-28.9869,-8.2037
-107.668,-28.9853,-9.23771
-107.62,-28.9837,-10.2735
-107.572,-28.9831,-11.3136
-107.524,-28.9822,-12.3563
-107.476,-28.9811,-13.4015
-107.428,-28.9804,-14.4507
-107.379,-28.9798,-15.5016
-107.33,-28.9792,-16.5564
-107.282,-28.9783,-17.6135
-107.233,-28.9772,-18.6729
-107.184,-28.976,-19.7359
-107.135,-28.9751,-20.8003
-107.085,-28.9757,-21.8683
-107.036,-28.976,-22.9383
-106.987,-28.976,-24.0105
-106.937,-28.975,-25.0858
-106.887,-28.9739,-26.1624
-106.838,-28.9734,-27.2423
-106.788,-28.973,-28.3239
-106.738,-28.973,-29.4075
-106.688,-28.973,-30.4938
-106.637,-28.973,-31.5813
-106.587,-28.9724,-32.6718
-106.537,-28.9718,-33.7637
-106.486,-28.9712,-34.8574
-106.436,-28.9716,-35.9536
-106.385,-28.9721,-37.0507
-106.335,-28.9721,-38.1504
-106.284,-28.9721,-39.2514
-106.233,-28.9721,-40.3539
-106.182,-28.9716,-41.4585
-106.131,-28.9711,-42.5638
-106.08,-28.9711,-43.6714
-106.029,-28.9711,-44.78
-105.978,-28.9711,-45.8899
-105.926,-28.9711,-47.0014
-105.875,-28.971,-48.1137
-105.824,-28.9704,-49.2277
-105.772,-28.9701,-50.3425
-105.721,-28.9701,-51.4583
-105.669,-28.9692,-52.5727
-105.618,-28.9682,-53.6862
-105.567,-28.9688,-54.7947
-105.516,-28.9689,-55.8992
-105.465,-28.9683,-56.9985
-105.415,-28.9682,-58.088
-105.365,-28.9682,-59.173
-105.316,-28.9682,-60.2429
-105.267,-28.9677,-61.3043
-105.218,-28.9665,-62.3539
-105.171,-28.9666,-63.3857
-105.123,-28.9672,-64.4093
-105.072,-28.9672,-65.5322
-105.021,-28.9672,-66.6393
-104.97,-28.9671,-67.7327
-104.921,-28.9665,-68.8051
-104.872,-28.9662,-69.8655
-104.823,-28.9662,-70.9163
-104.775,-28.9662,-71.9536
-104.728,-28.9662,-72.9832
-104.681,-28.9661,-74.0073
-104.634,-28.9654,-75.0248
-104.587,-28.9652,-76.0394
-104.54,-28.9652,-77.0527
-104.494,-28.9652,-78.0658
-104.447,-28.9652,-79.0813
-104.4,-28.9649,-80.0995
-104.353,-28.9636,-81.1234
-104.305,-28.9633,-82.1555
-104.257,-28.9635,-83.1944
-104.209,-28.9641,-84.2443
-104.16,-28.9643,-85.3088
-104.11,-28.9641,-86.384
-104.06,-28.9634,-87.4751
-104.008,-28.9633,-88.5876
-103.962,-28.9631,-89.5873
-103.915,-28.9626,-90.6074
-103.867,-28.962,-91.6407
-103.819,-28.9614,-92.6839
-103.77,-28.9619,-93.7446
-103.721,-28.9622,-94.8109
-103.672,-28.9616,-95.8893
-103.621,-28.9613,-96.9745
-103.571,-28.9613,-98.065
-103.521,-28.9613,-99.1629
-103.47,-28.9612,-100.263
-103.419,-28.9606,-101.366
-103.368,-28.9607,-102.471
-103.317,-28.9613,-103.575
-103.266,-28.9608,-104.678
-103.215,-28.9604,-105.779
-103.165,-28.9604,-106.878
-103.114,-28.9604,-107.976
-103.064,-28.9604,-109.072
-103.013,-28.9598,-110.166
-102.963,-28.9594,-111.258
-102.912,-28.9594,-112.348
-102.862,-28.9594,-113.436
-102.812,-28.9594,-114.523
-102.762,-28.9589,-115.607
-102.712,-28.9584,-116.689
-102.662,-28.9584,-117.768
-102.613,-28.9584,-118.845
-102.563,-28.9584,-119.921
-102.514,-28.9584,-120.993
-102.464,-28.9583,-122.064
-102.415,-28.9577,-123.132
-102.366,-28.9574,-124.198
-102.317,-28.9574,-125.263
-102.268,-28.9574,-126.325
-102.219,-28.9573,-127.385
-102.17,-28.9567,-128.444
-102.121,-28.9564,-129.5
-102.073,-28.9564,-130.555
-102.024,-28.9564,-131.608
-101.976,-28.9563,-132.659
-101.927,-28.9558,-133.708
-101.879,-28.9555,-134.756
-101.831,-28.9555,-135.802
-101.783,-28.9555,-136.844
-101.735,-28.9555,-137.885
-101.687,-28.9555,-138.922
-101.639,-28.9555,-139.956
-101.592,-28.9555,-140.988
-101.544,-28.955,-142.014
-101.497,-28.9545,-143.038
-101.45,-28.9545,-144.057
-101.403,-28.9542,-145.072
-101.357,-28.9536,-146.083
-101.31,-28.9535,-147.088
-101.264,-28.9535,-148.089
-101.212,-28.9535,-149.209
-101.161,-28.9531,-150.322
-101.11,-28.9524,-151.431
-101.059,-28.9518,-152.532
-101.009,-28.9516,-153.627
-100.958,-28.9514,-154.717
-100.908,-28.9508,-155.8
-100.859,-28.9501,-156.876
-100.809,-28.9496,-157.948
-100.76,-28.9496,-159.012
-100.711,-28.9491,-160.07
-100.663,-28.9481,-161.124
-100.614,-28.9462,-162.172
-100.566,-28.9447,-163.218
-100.518,-28.9436,-164.261
-100.47,-28.9429,-165.303
-100.422,-28.9422,-166.345
-100.374,-28.941,-167.389
-100.326,-28.9383,-168.434
-100.277,-28.9368,-169.483
-100.229,-28.9357,-170.535
-100.18,-28.935,-171.593
-100.131,-28.9332,-172.659
-100.081,-28.9313,-173.729
-100.032,-28.9293,-174.805
-99.9818,-28.9267,-175.889
-99.9317,-28.9241,-176.977
-99.8813,-28.9215,-178.069
-99.8306,-28.9188,-179.169
-99.7797,-28.9153,-180.271
-99.7287,-28.9107,-181.378
-99.6774,-28.9061,-182.49
-99.626,-28.9015,-183.605
-99.5744,-28.8969,-184.722
-99.5227,-28.8936,-185.845
-99.4766,-28.8894,-186.844
-99.4304,-28.8835,-187.846
-99.3841,-28.877,-188.849
-99.8356,-28.8687,-189.768
-100.838,-28.865,-189.824
-101.908,-28.8617,-189.884
-102.297,-28.8573,-190.812
-102.25,-28.8535,-191.818
-102.204,-28.8488,-192.825
-102.157,-28.8435,-193.833
-102.111,-28.8376,-194.84
-102.06,-28.8289,-195.934
-102.008,-28.8196,-197.055
-101.96,-28.8112,-198.089
-101.913,-28.8019,-199.094
-101.861,-28.7911,-200.21
-101.81,-28.7797,-201.305
-101.757,-28.7685,-202.425
-101.705,-28.758,-203.524
-101.66,-28.7489,-204.536
-101.612,-28.7381,-205.628
-101.56,-28.7287,-206.698
-101.503,-28.7197,-207.82
-101.459,-28.7099,-208.861
-101.415,-28.7,-209.891
-101.368,-28.69,-210.939
-101.319,-28.6801,-212.008
-101.268,-28.6703,-213.109
-101.217,-28.6626,-214.209
-101.17,-28.6567,-215.214
-101.118,-28.6493,-216.308
-101.066,-28.6422,-217.366
-101.013,-28.6357,-218.418
-100.95,-28.6303,-219.516
-100.884,-28.626,-220.608
-100.818,-28.6221,-221.672
-100.756,-28.6179,-222.757
-100.689,-28.6143,-223.811
-100.615,-28.6114,-224.895
-100.534,-28.6094,-226.007
-100.43,-28.6075,-227.041
-100.319,-28.6054,-228.104
-100.11,-28.603,-229.204
-99.8943,-28.6005,-230.316
-99.6009,-28.5986,-231.425
-99.2761,-28.5971,-232.533
-98.8648,-28.596,-233.633
-98.446,-28.5955,-234.542
-98.0272,-28.595,-235.451
-97.431,-28.5949,-236.335
-96.8275,-28.5949,-237.202
-96.0696,-28.5957,-238.029
-95.2933,-28.5967,-238.794
-94.432,-28.597,-239.424
-93.554,-28.5971,-240.029
-92.5795,-28.5977,-240.524
-91.5998,-28.5982,-241.007
-90.6052,-28.5989,-241.384
-89.6583,-28.5991,-241.718
-88.6935,-28.5987,-242.004
-87.6673,-28.5994,-242.26
-86.6713,-28.6003,-242.468
-85.5884,-28.6013,-242.661
-84.539,-28.6023,-242.815
-83.465,-28.6034,-242.926
-82.3415,-28.6042,-243.004
-81.2647,-28.6045,-243.036
-80.2179,-28.6039,-243.016
-79.1805,-28.6032,-242.971
-78.0611,-28.604,-242.814
-77.0041,-28.6051,-242.622
-75.936,-28.6069,-242.339
-74.9077,-28.6085,-241.877
-73.9832,-28.6099,-241.429
-73.093,-28.6136,-240.805
-72.2669,-28.6179,-240.145
-71.485,-28.6235,-239.378
-70.7116,-28.6292,-238.589
-70.0519,-28.6356,-237.757
-69.4039,-28.642,-236.924
-68.8196,-28.6486,-236.072
-68.2615,-28.6553,-235.207
-67.7506,-28.6627,-234.29
-67.3189,-28.6707,-233.353
-66.9414,-28.6787,-232.416
-66.5873,-28.6869,-231.437
-66.2675,-28.6948,-230.453
-65.9527,-28.7027,-229.437
-65.6614,-28.7096,-228.454
-65.3775,-28.7157,-227.46
-65.0943,-28.7216,-226.435
-64.8122,-28.7274,-225.413
-64.5327,-28.7334,-224.394
-64.2582,-28.7395,-223.38
-63.9849,-28.7458,-222.367
-63.7118,-28.752,-221.354
-63.4393,-28.7581,-220.341
-63.1681,-28.7637,-219.331
-62.9029,-28.7692,-218.344
-62.6415,-28.7747,-217.37
-62.3701,-28.7804,-216.359
-62.0987,-28.7854,-215.348
-61.8284,-28.7903,-214.341
-61.5555,-28.7952,-213.325
-61.2818,-28.7989,-212.305
-61.0118,-28.8015,-211.3
-60.7403,-28.8042,-210.288
-60.4682,-28.8068,-209.275
-60.1968,-28.8093,-208.264
-59.9206,-28.8116,-207.235
-59.6456,-28.814,-206.211
-59.382,-28.8163,-205.229
-59.1095,-28.8186,-204.214
-58.8382,-28.821,-203.204
-58.5667,-28.8234,-202.192
-58.2949,-28.8257,-201.18
-58.0229,-28.8281,-200.167
-57.7509,-28.8305,-199.154
-57.4796,-28.8328,-198.143
-57.2078,-28.8352,-197.131
-56.9362,-28.8376,-196.119
-56.6725,-28.8398,-195.137
-56.4117,-28.8421,-194.166
-56.1417,-28.8444,-193.16
-55.8712,-28.8468,-192.152
-55.5999,-28.8492,-191.142
-55.3252,-28.8514,-190.118
-55.0548,-28.8525,-189.111
-54.775,-28.8529,-188.069
-54.5103,-28.8556,-187.083
-54.2492,-28.8583,-186.111
-53.9853,-28.8606,-185.128
-53.706,-28.8559,-184.087
-53.4325,-28.8477,-183.067
-53.1642,-28.8368,-182.067
-52.8977,-28.8306,-181.074
-52.6326,-28.8327,-180.086
-52.3684,-28.8348,-179.102
-52.1044,-28.8368,-178.119
-51.8407,-28.8389,-177.136
-51.5769,-28.841,-176.153
-51.3343,-28.8461,-175.171
-51.0866,-28.8545,-174.072
-50.854,-28.8588,-173.089
-51.5974,-28.8712,-172.359
-52.6451,-28.8834,-172.109
-53.4278,-28.8956,-171.479
-53.162,-28.8977,-170.489
-52.8958,-28.9002,-169.498
-52.6292,-28.9029,-168.505
-52.3624,-28.9055,-167.511
-52.095,-28.9081,-166.515
-51.8271,-28.9105,-165.517
-51.5589,-28.9124,-164.518
-51.2899,-28.9144,-163.516
-51.0203,-28.9164,-162.512
-50.7503,-28.9184,-161.506
-50.4792,-28.9223,-160.497
-50.2075,-28.9249,-159.485
-49.9353,-28.9263,-158.471
-49.6618,-28.9289,-157.452
-49.3876,-28.9319,-156.431
-49.1127,-28.935,-155.407
-48.8364,-28.9364,-154.378
-48.5592,-28.9384,-153.345
-48.2813,-28.9411,-152.31
-48.0026,-28.9437,-151.269
-47.7236,-28.9459,-150.224
-47.4443,-28.9479,-149.175
-47.1647,-28.9499,-148.121
-46.8847,-28.9531,-147.064
-46.6051,-28.9568,-146.005
-46.3285,-28.9587,-144.941
-46.0571,-28.9607,-143.874
-45.7903,-28.9628,-142.805
-45.5333,-28.9654,-141.731
-45.2875,-28.9676,-140.653
-45.0511,-28.9697,-139.573
-44.8306,-28.9723,-138.488
-44.6283,-28.975,-137.4
-44.4392,-28.9778,-136.31
-44.2698,-28.9811,-135.216
-44.1218,-28.9828,-134.118
-43.9881,-28.9845,-133.018
-43.8743,-28.9872,-131.916
-43.7821,-28.9898,-130.811
-43.7044,-28.992,-129.705
-43.6465,-28.9933,-128.598
-43.6139,-28.9957,-127.49
-43.5949,-28.9986,-126.382
-43.5918,-29.0019,-125.273
-43.6045,-29.004,-124.165
-43.6239,-29.006,-123.058
-43.6502,-29.008,-121.951
-43.6799,-29.0105,-120.845
-43.7107,-29.0132,-119.738
-43.7426,-29.0158,-118.631
-43.7746,-29.0178,-117.524
-43.8066,-29.0204,-116.415
-43.8386,-29.0237,-115.305
-43.8707,-29.0257,-114.193
-43.9028,-29.0277,-113.08
-43.9349,-29.0297,-111.965
-43.9672,-29.0323,-110.847
-43.9995,-29.0349,-109.727
-44.0318,-29.0375,-108.607
-44.0642,-29.0395,-107.486
-44.0965,-29.0422,-106.365
-44.1288,-29.0454,-105.245
-44.1611,-29.0481,-104.126
-44.1933,-29.0507,-103.01
-44.2254,-29.0533,-101.896
-44.2574,-29.056,-100.786
-44.2893,-29.0578,-99.6807
-44.3212,-29.0593,-98.5785
-44.3527,-29.0626,-97.4834
-44.3842,-29.0651,-96.3924
-44.4156,-29.0673,-95.3047
-44.4469,-29.0705,-94.2218
-44.478,-29.073,-93.1416
-44.5091,-29.0752,-92.0635
-44.5401,-29.0785,-90.9878
-44.5711,-29.0804,-89.9134
-44.6021,-29.0822,-88.8397
-44.6331,-29.0862,-87.7665
-44.6641,-29.0882,-86.6928
-44.695,-29.0899,-85.6186
-44.7261,-29.0925,-84.5429
-44.7572,-29.0951,-83.466
-44.7882,-29.0976,-82.3883
-44.8194,-29.0996,-81.3094
-44.8505,-29.1015,-80.2295
-44.8817,-29.1037,-79.149
-44.9129,-29.1063,-78.0676
-44.9441,-29.109,-76.9855
-44.9753,-29.1116,-75.9028
-45.0066,-29.1142,-74.8196
-45.0379,-29.1163,-73.7358
-45.0692,-29.118,-72.6517
-45.1004,-29.1194,-71.5672
-45.1317,-29.1235,-70.4825
-45.163,-29.1274,-69.3978
-45.1943,-29.13,-68.313
-45.2256,-29.1326,-67.2284
-45.2569,-29.135,-66.1441
-45.2882,-29.137,-65.0599
-45.3194,-29.139,-63.9764
-45.3507,-29.1418,-62.8934
-45.3819,-29.1458,-61.8109
-45.4131,-29.1472,-60.7296
-45.4443,-29.1494,-59.6489
-45.4754,-29.1527,-58.569
-45.5065,-29.1547,-57.4925
-45.5375,-29.157,-56.4185
-45.5684,-29.1596,-55.3474
-45.5991,-29.1616,-54.283
-45.6297,-29.1627,-53.2235
-45.6427,-29.1642,-52.1681
-45.3733,-29.186,-51.1121
-45.1999,-29.1968,-50.0729
-45.0942,-29.1993,-49.0068
-44.9896,-29.2015,-47.9427
-44.8837,-29.2036,-46.8719
-44.8341,-29.2056,-45.8408
-44.8596,-29.2077,-44.7974
-44.8811,-29.2099,-43.7534
-44.8912,-29.212,-42.7151
-44.8844,-29.2139,-41.6911
-44.8608,-29.2156,-40.6782
-44.8064,-29.2176,-39.644
-44.7175,-29.2186,-38.636
-44.5983,-29.2183,-37.6426
-44.4427,-29.217,-36.6149
-44.2498,-29.2142,-35.6237
-44.0301,-29.2104,-34.6401
-43.7854,-29.2068,-33.6572
-43.5049,-29.206,-32.6495
-43.2004,-29.2038,-31.6864
-42.8717,-29.2015,-30.7345
-42.514,-29.1986,-29.7876
-42.1133,-29.1951,-28.8314
-41.657,-29.1928,-27.8623
-41.1681,-29.1913,-26.9126
-40.666,-29.189,-26.0223
-40.1273,-29.1867,-25.1544
-39.5669,-29.1851,-24.3219
-38.9816,-29.1837,-23.5049
-38.3726,-29.1827,-22.7063
-37.712,-29.1801,-21.9077
-37.0392,-29.177,-21.1537
-36.2995,-29.1739,-20.3825
-35.5303,-29.1715,-19.6448
-34.7435,-29.1698,-18.9634
-33.9073,-29.1673,-18.3218
-33.0455,-29.1647,-17.7285
-32.1565,-29.1617,-17.1841
-31.2613,-29.1593,-16.7147
-30.3425,-29.1572,-16.3037
-29.3656,-29.1542,-15.9268
-28.3651,-29.1516,-15.595
-27.3628,-29.1493,-15.328
-26.3852,-29.1465,-15.1114
-25.3993,-29.1441,-14.9254
-24.3983,-29.1425,-14.7658
-23.36,-29.1396,-14.637
-22.3429,-29.138,-14.5278
-21.3143,-29.136,-14.4315
-20.2528,-29.1324,-14.3157
-19.2015,-29.1315,-14.1011
-18.1571,-29.1297,-13.8969
-17.1071,-29.1269,-13.6935
-16.1224,-29.1235,-13.4957
-15.0962,-29.1035,-13.1257
-14.0867,-29.0944,-12.9223
-12.978,-29.0938,-12.8451
-11.9715,-29.0918,-12.775
-10.9577,-29.0898,-12.7044
-9.93834,-29.0877,-12.6335
-8.91045,-29.0851,-12.5619
-7.87451,-29.0834,-12.4898
-6.83281,-29.0823,-12.4172
-5.78255,-29.0816,-12.3441
-4.72356,-29.0809,-12.2704
-3.65856,-29.0801,-12.1962
-2.585,-29.0788,-12.1215
-1.50195,-29.078,-12.0461
-0.413635,-29.0775,-11.9703
0.680904,-29.0775,-11.8941
1.78026,-29.0759,-11.8176
2.88161,-29.0753,-11.7409
3.98481,-29.0772,-11.6641
5.08778,-29.0792,-11.5873
6.18945,-29.0805,-11.5106
7.28901,-29.0805,-11.4341
8.38288,-29.0816,-11.3579
9.47221,-29.0829,-11.2821
10.5558,-29.0843,-11.2066
11.6279,-29.0862,-11.132
12.6946,-29.0882,-11.0577
13.7554,-29.0901,-10.9839
14.8089,-29.0915,-10.9105
15.8594,-29.0934,-10.8374
16.907,-29.096,-10.7645
17.9515,-29.0993,-10.6917
18.9957,-29.1019,-10.619
20.0395,-29.1039,-10.5464
21.0851,-29.1066,-10.4736
22.1327,-29.1092,-10.4006
23.1825,-29.1119,-10.3275
24.2385,-29.1165,-10.254
25.2973,-29.12,-10.1803
26.3587,-29.1226,-10.1064
27.4238,-29.1253,-10.0323
28.4904,-29.1298,-9.958
29.5583,-29.1357,-9.88365
30.6276,-29.1409,-9.80921
31.6969,-29.1454,-9.73476
32.7663,-29.1495,-9.66031
33.8349,-29.1548,-9.58592
34.9021,-29.1605,-9.51161
35.9681,-29.1665,-9.4374
37.0315,-29.1731,-9.36337
38.0944,-29.1797,-9.28937
39.1572,-29.1862,-9.21538
40.2211,-29.1928,-9.14131
41.2882,-29.1994,-9.06701
42.3583,-29.2061,-8.99251
43.4342,-29.2134,-8.91761
44.5191,-29.2206,-8.84208
45.6113,-29.2282,-8.76604
46.716,-29.2367,-8.68913
47.7136,-29.2465,-8.61967
48.7188,-29.2568,-8.54969
49.7495,-29.265,-8.47793
50.7906,-29.2744,-8.40222
51.847,-29.2855,-8.32063
52.9208,-29.2953,-8.22606
54.0018,-29.3049,-8.12433
55.0968,-29.3178,-7.98616
56.1942,-29.3309,-7.8245
57.2951,-29.3443,-7.62638
58.3897,-29.3578,-7.37082
59.4805,-29.3713,-7.08799
60.5488,-29.3859,-6.71107
61.5989,-29.4005,-6.28892
62.6196,-29.4151,-5.79354
63.5894,-29.4322,-5.20014
64.5352,-29.4503,-4.56186
65.2936,-29.4646,-3.89933
66.0406,-29.4789,-3.22335
66.717,-29.4933,-2.46416
67.3713,-29.5064,-1.68551
67.9512,-29.5156,-0.841863
68.4954,-29.5248,0.0250325
68.9642,-29.534,0.94094
69.3939,-29.5437,1.87453
69.7682,-29.5539,2.83323
70.1032,-29.5636,3.79865
70.3997,-29.5728,4.77067
70.6549,-29.5821,5.74281
70.9145,-29.5926,6.85393
71.1151,-29.6026,7.95251
71.2954,-29.6127,9.04621
71.4316,-29.6232,10.1277
71.5481,-29.6334,11.2015
71.6457,-29.6433,12.2679
71.7179,-29.6518,13.3241
71.7815,-29.6603,14.3768
71.827,-29.6702,15.422
71.8641,-29.6749,16.4639
71.8926,-29.6743,17.5026
71.911,-29.6737,18.5384
71.9257,-29.6731,19.5734
71.9322,-29.6722,20.607
72.0982,-29.681,21.6893
72.3821,-29.6968,22.6859
72.5122,-29.6967,23.7175
72.6412,-29.6972,24.7442
72.7697,-29.6955,25.7688
72.9055,-29.6949,26.8087
72.9132,-29.6959,27.8611
72.9114,-29.6954,28.9096
72.9092,-29.6944,29.9583
72.9062,-29.6949,31.0063
72.9029,-29.6946,32.055
72.8988,-29.6931,33.1031
72.894,-29.6933,34.1519
72.8884,-29.6937,35.2002
72.8818,-29.6923,36.2496
72.8743,-29.6914,37.2984
72.8657,-29.6914,38.3471
72.856,-29.6914,39.3958
72.845,-29.6911,40.4447
72.8328,-29.6906,41.4946
72.8191,-29.6904,42.5433
72.8041,-29.6903,43.5927
72.7876,-29.6898,44.6411
72.7692,-29.6891,45.6908
72.7494,-29.6886,46.7413
72.7274,-29.689,47.7893
72.704,-29.6896,48.8397
72.6786,-29.6903,49.8874
72.6507,-29.6895,50.9379
72.6213,-29.6883,51.9885
72.5891,-29.6878,53.0363
72.5549,-29.6879,54.0864
72.5189,-29.6884,55.1344
72.4807,-29.6884,56.1846
72.4409,-29.6876,57.2336
72.3991,-29.6862,58.2815
72.3558,-29.6861,59.33
72.3109,-29.686,60.378
72.2644,-29.685,61.4271
72.2167,-29.6846,62.4749
72.1676,-29.6846,63.5227
72.1175,-29.6846,64.57
72.0662,-29.6837,65.6177
72.0138,-29.6828,66.6657
71.9607,-29.6826,67.7126
71.9068,-29.6826,68.76
71.8523,-29.6826,69.8067
71.797,-29.682,70.8539
71.7414,-29.6814,71.9009
71.6853,-29.6808,72.9473
71.6289,-29.6801,73.9941
71.5724,-29.6797,75.0405
71.5158,-29.6774,76.0868
71.4254,-29.67,77.1467
71.2341,-29.6795,78.1744
71.0497,-29.6789,79.1907
70.865,-29.6787,80.2096
70.6368,-29.6753,81.2877
70.2819,-29.6567,82.2846
70.1303,-29.6519,83.3451
70.0647,-29.6534,84.4351
69.9966,-29.6567,85.5347
69.9182,-29.661,86.6451
69.8297,-29.6631,87.7639
69.7343,-29.6585,88.77
69.6166,-29.6595,89.7823
69.4846,-29.6642,90.7984
69.3048,-29.6639,91.8185
69.1082,-29.6591,92.8391
68.8742,-29.6427,93.8606
68.6095,-29.6351,94.8808
68.3242,-29.6333,95.9001
67.9948,-29.6321,96.9176
67.6508,-29.6313,97.9345
67.2744,-29.6313,98.95
66.8665,-29.6361,99.9609
66.4364,-29.6443,100.969
65.9478,-29.6412,101.964
65.4358,-29.6375,102.951
64.8684,-29.6352,103.917
64.2529,-29.6321,104.857
63.6023,-29.6286,105.778
62.8825,-29.6278,106.653
62.1392,-29.6262,107.509
61.3435,-29.6215,108.321
60.5155,-29.6169,109.1
59.6631,-29.6122,109.855
58.7708,-29.6075,110.56
57.8655,-29.6036,111.248
56.9311,-29.6025,111.895
55.9796,-29.6023,112.514
55.0145,-29.6029,113.112
54.0228,-29.6024,113.662
53.0213,-29.602,114.194
51.9972,-29.602,114.683
50.9588,-29.602,115.14
49.9087,-29.602,115.572
48.8388,-29.6014,115.953
47.7621,-29.6009,116.315
46.6702,-29.6003,116.629
45.5698,-29.6,116.91
44.4621,-29.6,117.162
43.3445,-29.5995,117.357
42.2239,-29.5989,117.531
41.0975,-29.5983,117.65
39.9697,-29.5977,117.734
38.8406,-29.5972,117.787
37.7131,-29.5976,117.786
36.5871,-29.5982,117.765
35.4661,-29.5987,117.694
34.3507,-29.5987,117.591
33.2404,-29.5981,117.459
32.1433,-29.5976,117.275
31.0521,-29.597,117.073
29.9778,-29.5964,116.82
28.9157,-29.5955,116.54
27.8654,-29.5943,116.233
26.8383,-29.5941,115.884
25.8205,-29.5941,115.518
24.8265,-29.5941,115.113
23.8472,-29.5944,114.685
22.8827,-29.595,114.235
21.9465,-29.5946,113.744
21.0223,-29.594,113.237
20.1309,-29.5935,112.687
19.2604,-29.5932,112.112
18.412,-29.5932,111.512
17.6024,-29.5922,110.872
16.8072,-29.5912,110.218
16.0455,-29.5912,109.537
15.2988,-29.5915,108.849
14.5684,-29.5921,108.152
13.86,-29.5917,107.445
13.0749,-29.5897,106.644
12.3096,-29.5831,105.834
11.5623,-29.5753,105.017
10.7738,-29.5724,104.253
9.85456,-29.5846,103.647
9.03947,-29.5823,102.935
8.31239,-29.5763,102.235
7.59421,-29.5703,101.528
6.88221,-29.5643,100.814
6.18863,-29.5579,100.033
5.55447,-29.5515,99.1912
4.92687,-29.5448,98.3486
4.3017,-29.5379,97.5045
3.67815,-29.5312,96.6624
3.05455,-29.5251,95.8203
2.43092,-29.5192,94.9782
1.80728,-29.5129,94.1361
1.18365,-29.5064,93.294
0.560009,-29.5,92.4519
-0.0636292,-29.4936,91.6098
-0.687214,-29.4872,90.7678
-1.31088,-29.4808,89.9256
-1.93452,-29.4745,89.0835
-2.55816,-29.4684,88.2414
-3.1818,-29.4627,87.3993
-3.80544,-29.4566,86.5572
-4.42908,-29.4504,85.7151
-5.05272,-29.4441,84.873
-5.67636,-29.4373,84.0309
-6.3,-29.4302,83.1888
-6.92363,-29.4242,82.3467
-7.54725,-29.4184,81.5047
-8.17088,-29.4121,80.6626
-8.79456,-29.4055,79.8204
-9.41859,-29.3989,78.9778
-10.0426,-29.3926,78.1351
-10.6667,-29.3868,77.2925
-11.2907,-29.3808,76.4499
-11.9147,-29.3742,75.6072
-12.5388,-29.3677,74.7646
-13.1628,-29.3614,73.9219
-13.7869,-29.354,73.0793
-14.4109,-29.3473,72.2366
-15.0349,-29.3417,71.394
-15.659,-29.3356,70.5513
-16.283,-29.3293,69.7087
-16.9071,-29.3226,68.8661
-17.5311,-29.3162,68.0234
-18.1551,-29.3101,67.1808
-18.7792,-29.3039,66.3381
-19.4032,-29.2976,65.4955
-20.0272,-29.2909,64.6529
-20.6513,-29.2842,63.8102
-21.2753,-29.278,62.9676
-21.8993,-29.2723,62.125
-22.5234,-29.2661,61.2823
-23.1474,-29.2594,60.4397
-23.7715,-29.2528,59.597
-24.3955,-29.2458,58.7544
-25.0195,-29.2386,57.9117
-25.6436,-29.2323,57.0691
-26.2676,-29.2263,56.2265
-26.8917,-29.2202,55.3838
-27.5157,-29.2145,54.5411
-28.1397,-29.2089,53.6985
-28.7638,-29.2016,52.8559
-29.3878,-29.1949,52.0133
-30.0118,-29.1892,51.1706
-30.6359,-29.1831,50.328
-31.2599,-29.1769,49.4853
-31.8839,-29.1709,48.6428
-32.508,-29.1641,47.8004
-33.1323,-29.1573,46.9583
-33.7557,-29.151,46.1203
-34.3828,-29.1443,45.2846
-35.0149,-29.1377,44.4595
-35.6509,-29.1314,43.6511
-36.2925,-29.1255,42.8567
-36.9657,-29.1195,42.0638
-37.6462,-29.1131,41.3021
-38.3365,-29.1064,40.5674
-39.0458,-29.1001,39.8534
-39.8115,-29.0938,39.1432
-40.5727,-29.0868,38.4818
-41.4058,-29.0794,37.8116
-42.2097,-29.0734,37.2166
-43.071,-29.0681,36.6432
-43.9823,-29.0608,36.1217
-44.9161,-29.0535,35.662
-45.8732,-29.0477,35.2671
-46.8488,-29.041,34.9422
-47.8422,-29.0341,34.6992
-48.8713,-29.0267,34.5474
-49.8745,-29.0206,34.4997
-50.9271,-29.0133,34.5724
-51.9176,-29.0045,34.7396
-52.9385,-28.9941,35.0135
-53.8821,-28.9886,35.3585
-54.8199,-28.9918,35.7889
-55.7359,-28.9994,36.2817
-56.6258,-29.0065,36.832
-57.486,-29.0129,37.4346
-58.2961,-29.0211,38.0955
-59.0727,-29.0298,38.8063
-59.8093,-29.0375,39.5558
-60.5067,-29.0445,40.3453
-61.1351,-29.0517,41.1423
-61.7287,-29.0598,41.9764
-62.3151,-29.0679,42.8727
-62.8345,-29.0749,43.7311
-63.3396,-29.0825,44.6345
-63.799,-29.0893,45.5401
-64.2215,-29.0968,46.4503
-64.6192,-29.1046,47.3772
-64.9947,-29.111,48.3201
-65.3489,-29.1177,49.3014
-65.8094,-29.125,50.2591
-66.2417,-29.1328,51.2206
-66.6547,-29.1407,52.1991
-67.0508,-29.1483,53.2069
-67.5267,-29.1408,54.1152
-67.951,-29.1365,55.0804
-68.1798,-29.1464,56.1653
-68.3838,-29.1537,57.1564
-68.5876,-29.1607,58.1547
-68.7915,-29.1672,59.1602
-68.9977,-29.1751,60.1771
-69.2049,-29.1846,61.199
-69.4131,-29.1958,62.226
-69.6229,-29.207,63.2607
-69.8334,-29.2179,64.2987
-70.0444,-29.2284,65.3395
-70.2562,-29.2396,66.384
-70.4684,-29.2508,67.4307
-70.6811,-29.2621,68.4794
-70.8944,-29.2739,69.5318
-71.1083,-29.2854,70.5866
-71.3226,-29.2966,71.6436
-71.5377,-29.3085,72.7043
-71.7533,-29.3199,73.7677
-71.9694,-29.3311,74.8335
-72.1862,-29.3423,75.9029
-72.4037,-29.3539,76.9754
-72.6217,-29.3655,78.0503
-72.8404,-29.3761,79.1291
-73.0596,-29.388,80.2103
-73.2792,-29.4003,81.2932
-73.4991,-29.4122,82.3779
-73.7192,-29.419,83.4636
-73.9395,-29.4239,84.5497
-74.1597,-29.4289,85.6358
-74.3798,-29.4338,86.7213
-74.5997,-29.4387,87.806
-74.8193,-29.4436,88.8891
-75.0384,-29.4485,89.9697
-75.2571,-29.4534,91.0483
-75.4752,-29.4583,92.1237
-75.6925,-29.4632,93.1958
-75.9095,-29.468,94.2657
-76.1258,-29.4728,95.3329
-76.3415,-29.4777,96.3967
-76.5568,-29.4825,97.4585
-76.7716,-29.4873,98.5179
-76.9858,-29.4921,99.574
-77.1996,-29.4969,100.628
-77.4129,-29.5016,101.681
-77.6256,-29.5064,102.73
-77.838,-29.5111,103.777
-78.05,-29.5159,104.823
-78.2614,-29.5206,105.865
-78.4723,-29.5253,106.905
-78.6828,-29.53,107.943
-78.8923,-29.5347,108.977
-79.1014,-29.5394,110.008
-79.3098,-29.5441,111.037
-79.5114,-29.5487,112.061
-79.7059,-29.5533,113.083
-79.8936,-29.5579,114.103
-80.0662,-29.5625,115.118
-80.2281,-29.5671,116.131
-80.3805,-29.5716,117.142
-80.5179,-29.5761,118.149
-80.6468,-29.5807,119.154
-80.7683,-29.5851,120.157
-80.876,-29.5896,121.157
-80.9728,-29.5941,122.156
-81.0608,-29.5985,123.154
-81.1431,-29.6035,124.262
-81.2114,-29.6084,125.369
-81.2673,-29.6133,126.475
-81.3102,-29.6182,127.582
-81.335,-29.6229,128.689
-81.1229,-29.6254,129.791
-80.8954,-29.6275,130.791
-80.7352,-29.6314,131.849
-80.5631,-29.6356,132.891
-80.3791,-29.64,133.937
-80.2342,-29.6539,134.991
-80.1729,-29.6729,136.03
-80.1085,-29.6778,137.075
-80.0411,-29.6823,138.119
-79.971,-29.6867,139.162
-79.8984,-29.6913,140.206
-79.8201,-29.697,141.246
-79.7355,-29.7024,142.28
-79.643,-29.7062,143.321
-79.5384,-29.7102,144.353
-79.4245,-29.7148,145.378
-79.299,-29.6991,146.417
-79.1581,-29.7244,147.439
-79.0066,-29.7298,148.457
-78.84,-29.7345,149.491
-78.6581,-29.7386,150.503
-78.4653,-29.7431,151.517
-78.2571,-29.7477,152.541
-78.0367,-29.7519,153.547
-77.8061,-29.7567,154.558
-77.5623,-29.7619,155.572
-77.3094,-29.7667,156.574
-77.0466,-29.761,157.581
-76.7725,-29.7647,158.586
-76.4908,-29.7802,159.581
-76.1986,-29.7853,160.582
-75.8965,-29.7904,161.577
-75.5875,-29.7953,162.565
-75.2671,-29.8001,163.559
-74.9375,-29.805,164.543
-74.6003,-29.8097,165.521
-74.2506,-29.814,166.507
-73.8908,-29.8182,167.477
-73.5221,-29.8225,168.439
-73.1434,-29.8051,169.398
-72.7417,-29.8318,170.365
-72.3349,-29.8364,171.31
-71.9153,-29.841,172.253
-71.4764,-29.8461,173.201
-71.0299,-29.8511,174.129
-70.5732,-29.8558,175.054
-70.1017,-29.8602,175.978
-69.6149,-29.8648,176.899
-69.1231,-29.8698,177.804
-68.6155,-29.8745,178.711
-68.0945,-29.8654,179.608
-67.5654,-29.8743,180.49
-67.0258,-29.8882,181.363
-66.4622,-29.8925,182.239
-65.8894,-29.8968,183.096
-65.3079,-29.9016,183.939
-64.6992,-29.906,184.787
-64.0837,-29.9109,185.608
-63.4568,-29.9158,186.418
-62.8036,-29.9208,187.237
-62.1469,-29.925,188.028
-61.4796,-29.9267,188.816
-60.7949,-29.9144,189.607
-60.1078,-29.9389,190.381
-59.4131,-29.9439,191.154
-58.7085,-29.9486,191.928
-58.0032,-29.9533,192.692
-57.2924,-29.9584,193.453
-56.5744,-29.9631,194.211
-55.8553,-29.9673,194.957
-55.1267,-29.9721,195.703
-54.3923,-29.977,196.441
-53.6565,-29.9816,197.17
-52.9082,-29.9704,197.899
-52.1572,-29.985,198.618
-51.3979,-29.996,199.337
-50.636,-30.0023,200.045
-49.8711,-30.0085,200.748
-49.096,-30.0139,201.453
-48.3206,-30.0187,202.149
-47.5434,-30.023,202.85
-46.8687,-30.0052,203.628
-46.1711,-30.0093,204.427
-45.4684,-30.014,205.223
-44.7972,-30.0197,206.001
-44.2301,-30.0292,206.84
-43.4564,-30.0336,207.601
-42.5927,-30.0347,208.269
-41.7815,-30.0352,208.859
-40.8823,-30.0347,209.49
-39.9835,-30.0336,210.105
-39.0842,-30.0319,210.703
-38.1831,-30.0297,211.281
-37.2778,-30.0272,211.839
-36.3679,-30.0246,212.381
-35.4527,-30.022,212.909
-34.53,-30.0196,213.42
-33.5965,-30.0175,213.912
-32.6536,-30.0159,214.391
-31.6298,-30.015,214.889
-30.5956,-30.0149,215.367
-29.667,-30.0156,215.782
-28.7355,-30.0174,216.177
-27.7994,-30.0198,216.566
-26.8266,-30.023,216.956
-25.832,-30.0266,217.345
-24.8211,-30.0307,217.733
-23.7884,-30.0351,218.119
-22.8249,-30.0394,218.474
-21.8604,-30.0437,218.821
-20.8019,-30.0484,219.198
-19.8571,-30.0525,219.528
-18.8736,-30.0566,219.868
-17.9072,-30.0604,220.197
-16.8542,-30.0641,220.551
-15.8144,-30.0672,220.896
-14.8057,-30.0693,221.227
-13.8544,-30.0696,221.537
-12.7971,-30.0648,221.592
-11.7475,-30.0601,221.691
-10.6951,-30.0567,221.873
-9.64465,-30.0548,222.052
-8.59135,-30.0508,222.215
-7.58167,-30.0638,222.455
-6.58907,-30.0686,222.722
-5.57576,-30.0661,222.974
-4.56558,-30.0618,223.215
-3.55031,-30.0569,223.451
-2.52821,-30.0552,223.684
-1.51529,-30.0537,223.904
-0.507801,-30.0513,224.112
0.518551,-30.0478,224.307
1.52075,-30.0448,224.464
2.51557,-30.0373,224.594
3.51855,-30.0232,224.692
4.54498,-30.0369,224.743
5.5973,-30.034,224.737
6.65175,-30.0299,224.686
7.66925,-30.0268,224.584
8.67048,-30.0245,224.435
9.72163,-30.0215,224.235
10.7663,-30.0168,224.001
11.774,-30.0079,223.727
12.7294,-29.9992,223.424
13.7344,-29.9861,223.063
14.6659,-29.9605,222.688
15.6083,-29.9696,222.259
16.5462,-29.959,221.769
17.4553,-29.9488,221.239
18.3057,-29.94,220.685
19.1201,-29.9314,220.086
19.9339,-29.9212,219.415
20.7245,-29.9102,218.705
21.4907,-29.8999,217.959
22.2014,-29.892,217.192
22.8599,-29.8816,216.431
23.497,-29.8515,215.651
24.1166,-29.8621,214.845
24.7238,-29.8528,213.998
25.2864,-29.8439,213.16
25.8248,-29.8343,212.308
26.343,-29.8245,211.431
26.8343,-29.8152,210.523
27.2789,-29.8062,209.624
27.6991,-29.7978,208.708
28.1002,-29.7882,207.761
28.4699,-29.7785,206.802
28.8064,-29.7553,205.848
29.1215,-29.7522,204.883
29.4193,-29.7496,203.889
29.6853,-29.7402,202.899
29.9254,-29.7317,201.912
30.1441,-29.7235,200.92
30.3434,-29.7138,199.895
30.5066,-29.7038,198.891
30.6454,-29.6947,197.887
30.7603,-29.6861,196.878
30.8492,-29.6768,195.837
30.9037,-29.6627,194.826
30.9336,-29.6384,193.814
30.9373,-29.6472,192.794
30.9094,-29.638,191.757
30.8501,-29.6292,190.747
30.7654,-29.6199,189.737
30.6562,-29.6104,188.725
30.519,-29.6013,187.7
30.3562,-29.5918,186.681
30.1724,-29.5806,185.681
29.9651,-29.5685,184.689
29.7245,-29.5607,183.682
29.4512,-29.5359,182.7
29.1462,-29.5388,181.746
28.7825,-29.5333,180.744
28.375,-29.5221,179.766
27.9221,-29.5121,178.827
27.3993,-29.5014,177.918
26.8272,-29.4937,177.035
26.2081,-29.4855,176.178
25.5734,-29.479,175.383
24.8993,-29.4754,174.616
24.1569,-29.4728,173.846
23.4365,-29.4535,173.15
22.6916,-29.461,172.476
21.897,-29.4623,171.806
21.0985,-29.4584,171.181
20.2888,-29.4549,170.586
19.4634,-29.4515,170.015
18.5808,-29.4463,169.453
17.7152,-29.4429,168.95
16.8355,-29.4395,168.473
15.9334,-29.4356,168.02
14.9857,-29.4316,167.591
14.057,-29.4233,167.204
13.1064,-29.4094,166.837
12.1298,-29.4209,166.495
11.1666,-29.419,166.194
10.1977,-29.4149,165.918
9.20398,-29.4104,165.667
8.19236,-29.4068,165.437
7.18827,-29.4036,165.226
6.18396,-29.4004,165.03
5.15946,-29.3967,164.855
4.14486,-29.3925,164.709
3.14341,-29.3889,164.595
2.08927,-29.3645,164.51
1.04651,-29.3801,164.48
0.0278435,-29.3814,164.536
-0.987518,-29.3836,164.706
-1.99743,-29.3853,164.98
-2.98587,-29.386,165.316
-3.96853,-29.3871,165.657
-4.9551,-29.3888,166.004
-5.94217,-29.3901,166.354
-6.92921,-29.3909,166.705
-7.917,-29.3922,167.057
-8.90512,-29.3766,167.408
-9.89585,-29.3906,167.759
-10.8879,-29.3973,168.109
-11.8783,-29.3981,168.455
-12.8842,-29.3786,168.677
-13.8757,-29.3777,168.877
-14.9301,-29.3793,169.065
-15.9877,-29.3808,169.247
-16.9979,-29.3836,169.27
-18.0384,-29.3867,169.397
-19.0748,-29.3899,169.676
-20.1299,-29.3914,169.927
-21.2127,-29.3928,170.164
-22.2029,-29.3941,170.362
-23.2644,-29.3955,170.538
-24.3594,-29.3969,170.703
-25.4015,-29.3983,170.823
-26.4594,-29.3997,170.928
-27.555,-29.4011,170.995
-28.6513,-29.4025,171.034
-29.7488,-29.404,171.027
-30.8482,-29.4054,170.984
-31.9497,-29.4068,170.904
-33.0534,-29.4083,170.773
-34.1588,-29.4097,170.604
-35.3562,-29.4113,170.341
-36.4872,-29.4128,170.059
-37.5928,-29.4143,169.778
-38.5917,-29.4157,169.406
-39.5742,-29.417,169.03
-40.5777,-29.4185,168.56
-41.4761,-29.4198,168.103
-42.409,-29.4212,167.569
-43.2887,-29.4225,167.023
-44.2238,-29.424,166.383
-45.0224,-29.4253,165.772
-45.8124,-29.4266,165.139
-46.5801,-29.4279,164.449
-47.342,-29.4293,163.743
-48.1188,-29.4307,162.938
-48.8975,-29.4322,162.121
-49.6253,-29.44,161.269
-50.326,-29.4478,160.419
-50.9737,-29.4554,159.568
-51.5579,-29.4627,158.734
-52.1539,-29.4703,157.84
-52.6906,-29.4777,156.944
-53.1999,-29.485,156.048
-53.6712,-29.4926,155.094
-54.1315,-29.5002,154.123
-54.515,-29.5077,153.151
-54.887,-29.5151,152.179
-55.1806,-29.5223,151.206
-55.4672,-29.5295,150.232
-55.7141,-29.5376,149.12
-55.9319,-29.5457,148.007
-56.1017,-29.5536,146.894
-56.2129,-29.561,145.869
-56.3054,-29.5685,144.82
-56.3511,-29.5759,143.77
-56.3821,-29.5834,142.72
-56.3679,-29.5914,141.595
-56.3321,-29.5995,140.46
-56.2514,-29.607,139.394
-56.1559,-29.6143,138.372
-56.0117,-29.6219,137.312
-55.8216,-29.6299,136.201
-55.6302,-29.6372,135.201
-55.38,-29.6448,134.16
-55.1148,-29.6525,133.107
-54.8108,-29.6598,132.123
-54.5019,-29.6671,131.147
-54.1213,-29.6746,130.158
-53.7376,-29.6821,129.178
-53.2738,-29.69,128.174
-52.8274,-29.6971,127.266
-52.2904,-29.705,126.292
-51.7467,-29.7127,125.371
-51.1931,-29.7198,124.529
-50.6017,-29.727,123.702
-49.9716,-29.7343,122.892
-49.2941,-29.7417,122.106
-48.5833,-29.7491,121.338
-47.8145,-29.7567,120.605
-47.0184,-29.7643,119.89
-46.1324,-29.7723,119.2
-45.2227,-29.7803,118.539
-44.2549,-29.7883,117.948
-43.297,-29.7962,117.391
-42.3701,-29.8035,116.939
-41.417,-29.811,116.511
-40.4121,-29.8186,116.128
-39.4412,-29.8259,115.794
-38.3835,-29.8337,115.487
-37.2763,-29.8418,115.228
-36.2895,-29.849,115.018
-35.2829,-29.8562,114.866
-34.2755,-29.8634,114.735
-33.2288,-29.8709,114.645
-32.1363,-29.8787,114.574
-31.01,-29.8867,114.517
-30.022,-29.9078,114.222
-29.0257,-29.9038,113.973
-27.9625,-29.8768,113.81
-26.8973,-29.8634,113.661
-25.8901,-29.8508,113.533
-24.8201,-29.851,113.483
-23.7617,-29.8485,113.513
-22.7073,-29.8354,113.552
-21.6509,-29.8224,113.602
-20.5849,-29.8093,113.661
-19.5339,-29.796,113.734
-18.4771,-29.7829,113.819
-17.4305,-29.7699,113.91
-16.3755,-29.7565,114.012
-15.3209,-29.743,114.12
-14.2783,-29.7289,114.236
-13.2256,-29.6965,114.361
-12.1835,-29.7045,114.492
-11.1324,-29.6919,114.635
-10.085,-29.6787,114.783
-9.04504,-29.6651,114.938
-7.99888,-29.6527,115.102
-6.95803,-29.6399,115.271
-5.92002,-29.626,115.447
-4.88166,-29.6125,115.629
-3.84482,-29.5997,115.818
-2.80446,-29.5874,116.015
-1.77161,-29.5602,116.217
-0.736816,-29.5539,116.427
0.293037,-29.548,116.643
1.32614,-29.5344,116.869
2.36155,-29.521,117.104
3.38448,-29.5084,117.344
4.41531,-29.4953,117.597
5.44865,-29.4817,117.857
6.46204,-29.4694,118.13
7.49015,-29.4568,118.415
8.49921,-29.4434,118.71
9.52073,-29.4264,119.025
10.5243,-29.3989,119.348
11.4699,-29.405,119.676
12.4797,-29.3919,120.042
13.4661,-29.3784,120.426
14.459,-29.366,120.834
15.4303,-29.3539,121.257
16.4081,-29.3414,121.702
17.3673,-29.3281,122.155
18.3174,-29.3141,122.618
19.2626,-29.3004,123.089
20.2036,-29.2871,123.57
21.1386,-29.2588,124.055
22.0722,-29.2547,124.55
23.0062,-29.2482,125.051
23.9283,-29.2353,125.556
24.8525,-29.2226,126.068
25.7679,-29.2102,126.582
26.6871,-29.1968,127.106
27.5962,-29.1827,127.63
28.5086,-29.1696,128.166
29.4184,-29.1566,128.704
30.318,-29.1436,129.245
31.2204,-29.1262,129.794
32.1153,-29.1011,130.345
33.013,-29.1046,130.904
33.9054,-29.0913,131.467
34.7919,-29.0786,132.034
35.6772,-29.0653,132.608
36.5575,-29.0518,133.186
37.4347,-29.039,133.77
38.3083,-29.0264,134.359
39.1827,-29.0136,134.955
40.0482,-28.9998,135.553
40.9126,-28.9862,136.157
41.771,-28.956,136.763
42.6296,-28.9571,137.378
43.4874,-28.9473,137.997
44.3321,-28.9342,138.616
45.064,-28.9017,139.312
45.8281,-28.8868,140.059
46.5916,-28.8733,140.815
47.0411,-28.866,141.782
47.8701,-28.8532,142.495
48.6788,-28.8406,143.128
49.4825,-28.8278,143.768
50.2811,-28.815,144.412
51.0766,-28.8022,145.06
51.8635,-28.7895,145.716
52.6474,-28.7767,146.374
53.4246,-28.764,147.037
54.196,-28.7513,147.703
54.9636,-28.7386,148.371
55.7215,-28.726,149.043
56.4804,-28.7133,149.72
57.2433,-28.7005,150.411
57.9883,-28.6879,151.09
58.819,-28.6739,151.848
59.6373,-28.6601,152.601
60.5454,-28.6465,153.379
61.3475,-28.6333,154.073
62.1207,-28.6205,154.75
62.8861,-28.6078,155.423
63.6408,-28.5967,156.109
64.3458,-28.5962,156.916
65.0779,-28.5969,157.699
65.825,-28.5979,158.47
66.5718,-28.5973,159.241
67.3184,-28.5966,160.014
68.0647,-28.5958,160.787
68.8106,-28.5945,161.562
69.556,-28.5932,162.339
70.2802,-28.5919,163.095
71.0039,-28.5904,163.854
71.7338,-28.5891,164.621
72.477,-28.5876,165.405
73.2194,-28.5856,166.191
73.9609,-28.583,166.98
74.6645,-28.5807,167.731
75.3864,-28.5785,168.504
76.1221,-28.5785,169.302
76.8606,-28.5774,170.102
77.608,-28.5755,170.901
78.3621,-28.5742,171.703
79.1249,-28.5717,172.505
79.8969,-28.5686,173.307
80.6761,-28.5673,174.11
81.4642,-28.5644,174.914
82.2616,-28.5606,175.717
83.0668,-28.558,176.522
83.8809,-28.5549,177.327
84.7046,-28.5517,178.132
85.5365,-28.5491,178.938
86.3776,-28.5465,179.744
87.42,-28.8955,180.312
88.2492,-28.8914,181.122
88.8895,-28.888,181.931
89.5615,-28.8847,182.801
90.221,-28.8827,183.678
90.8787,-28.8807,184.554
91.5346,-28.8788,185.431
92.1883,-28.8775,186.306
92.8414,-28.8761,187.181
93.4939,-28.8748,188.054
94.1454,-28.8728,188.927
94.7965,-28.8708,189.799
95.4471,-28.8689,190.67
96.0971,-28.8676,191.54
96.7467,-28.8667,192.41
97.3961,-28.8659,193.28
98.0454,-28.8639,194.15
98.6951,-28.8623,195.02
99.3451,-28.8609,195.89
99.996,-28.8589,196.762
100.648,-28.857,197.635
101.301,-28.8552,198.509
101.956,-28.8546,199.386
102.613,-28.8535,200.266
103.271,-28.8518,201.148
103.933,-28.8492,202.034
104.598,-28.8476,202.924
105.265,-28.8454,203.819
105.935,-28.8408,204.718
106.533,-28.8415,205.522
107.13,-28.8438,206.33
107.721,-28.8456,207.149
108.306,-28.8483,207.976
108.881,-28.8524,208.814
109.435,-28.856,209.67
109.98,-28.8594,210.534
110.853,-28.7998,211.626
111.564,-28.8037,212.535
112.198,-28.8086,213.353
112.814,-28.8125,214.203
113.951,-28.5261,215.987
114.62,-28.5299,216.793
115.279,-28.534,217.612
115.922,-28.5387,218.447
116.546,-28.543,219.302
117.161,-28.5472,220.165
117.75,-28.5527,221.052
118.585,-28.557,222.272
112.395,-28.5593,225.518
112.604,-28.5612,226.571
112.801,-28.563,227.629
112.966,-28.5648,228.698
113.126,-28.566,229.778
113.277,-28.5666,230.875
113.402,-28.5664,231.981
113.59,-28.5657,233.959
113.666,-28.5634,235.079
113.726,-28.561,236.204
113.759,-28.5587,237.335
113.758,-28.5563,238.474
113.742,-28.5539,239.615
113.683,-28.5498,240.622
113.617,-28.5464,241.629
113.507,-28.5469,242.641
113.382,-28.5476,243.654
113.213,-28.5492,244.669
113.022,-28.551,245.684
112.787,-28.5536,246.698
112.517,-28.5562,247.704
112.198,-28.5587,248.7
111.826,-28.5613,249.678
111.404,-28.5638,250.64
110.927,-28.567,251.577
110.415,-28.5706,252.499
109.847,-28.5756,253.389
109.255,-28.5813,254.266
108.618,-28.5877,255.116
107.969,-28.5944,255.959
107.289,-28.5988,256.783
106.606,-28.6028,257.605
105.884,-28.6084,258.403
105.159,-28.6141,259.199
104.395,-28.6197,259.971
103.623,-28.6253,260.735
102.81,-28.631,261.464
101.186,-28.6366,262.957
100.318,-28.6422,263.627
99.4321,-28.6482,264.27
98.3549,-28.6549,264.941
97.4134,-28.6613,265.493
96.445,-28.6675,265.993
95.458,-28.6727,266.441
94.4552,-28.6773,266.845
93.5502,-28.6952,267.339
92.4119,-28.7197,267.68
91.1503,-28.7269,268.062
90.1548,-28.7344,268.14
89.0386,-28.7423,268.213
88.0292,-28.7506,268.494
87.0023,-28.7578,268.597
85.9539,-28.7652,268.681
84.9301,-28.7731,268.718
83.8795,-28.7695,268.743
82.8682,-28.7888,268.732
81.7949,-28.7966,268.714
80.7459,-28.8033,268.672
79.6849,-28.8099,268.625
78.637,-28.8163,268.568
77.5863,-28.8236,268.507
76.5391,-28.8314,268.445
75.4909,-28.8383,268.381
74.4445,-28.8435,268.316
73.3983,-28.8469,268.252
72.3519,-28.8513,268.189
71.3055,-28.8569,268.125
70.259,-28.8629,268.062
69.2126,-28.8684,267.999
68.1663,-28.8736,267.936
67.1198,-28.8795,267.874
66.0733,-28.8852,267.812
65.0267,-28.8904,267.75
63.9804,-28.8949,267.688
62.934,-28.8995,267.627
61.8872,-28.9045,267.566
60.8407,-28.9088,267.505
59.7943,-28.9127,267.444
58.7475,-28.9172,267.384
57.701,-28.9222,267.324
56.6542,-28.9273,267.264
55.6077,-28.9315,267.204
54.5611,-28.9355,267.145
53.5145,-28.94,267.086
52.4677,-28.9456,267.027
51.4211,-28.9509,266.989
50.3744,-28.9559,266.951
49.3277,-28.9613,266.913
48.281,-28.9673,266.876
47.2342,-28.9738,266.839
46.1874,-28.9791,266.802
45.1406,-28.9845,266.766
44.0938,-28.9909,266.729
43.047,-28.997,266.693
42.0002,-29.0032,266.657
40.9534,-29.009,266.621
39.9065,-29.0142,266.586
38.8596,-29.0216,266.55
37.8128,-29.0278,266.515
36.7658,-29.0328,266.48
35.7193,-29.0395,266.446
34.6606,-29.047,266.379
33.6338,-29.0544,266.209
32.6498,-29.0597,266.168
31.6641,-29.0649,266.161
30.5278,-29.0673,266.209
29.5304,-29.0545,266.24
28.4991,-29.0577,266.095
27.4512,-29.0668,266.041
26.397,-29.0714,265.987
25.3357,-29.077,265.932
24.269,-29.0829,265.878
23.1938,-29.0888,265.823
22.1086,-29.0942,265.768
21.0172,-29.0995,265.712
19.9178,-29.1048,265.656
18.8108,-29.1111,265.6
17.6995,-29.1166,265.543
16.5829,-29.1199,265.487
15.4613,-29.1254,265.429
14.4625,-29.1308,265.379
13.461,-29.1367,265.328
12.4582,-29.1411,265.277
11.4545,-29.1446,265.225
10.4503,-29.1482,265.174
9.44622,-29.1517,265.123
8.443,-29.1552,265.072
7.44078,-29.1583,265.021
6.43941,-29.1613,264.97
5.44048,-29.1653,264.919
4.31828,-29.1694,264.862
3.19888,-29.1727,264.805
2.08368,-29.176,264.749
0.971436,-29.1796,264.692
-0.136902,-29.1835,264.636
-1.23915,-29.1869,264.579
-2.33739,-29.1902,264.524
-3.43073,-29.1935,264.468
-4.51595,-29.1962,264.413
-5.5973,-29.1994,264.358
-6.67443,-29.2033,264.303
-7.74644,-29.2054,264.248
-8.81643,-29.2077,264.194
-9.88432,-29.2103,264.14
-10.9503,-29.2129,264.085
-12.0161,-29.2162,264.031
-13.0818,-29.2202,263.977
-14.1488,-29.2241,263.923
-15.2176,-29.2277,263.868
-16.2881,-29.231,263.814
-17.3633,-29.235,263.759
-18.441,-29.2386,263.704
-19.521,-29.2419,263.649
-20.6046,-29.2459,263.594
-21.6903,-29.249,263.539
-22.7778,-29.2519,263.483
-23.8679,-29.2572,263.428
-24.9596,-29.2621,263.372
-26.0525,-29.2669,263.317
-27.1471,-29.2728,263.261
-28.2428,-29.2778,263.205
-29.3392,-29.2826,263.149
-30.4364,-29.2878,263.094
-31.5341,-29.2936,263.038
-32.6319,-29.2992,262.982
-33.7297,-29.3038,262.926
-34.8272,-29.3084,262.87
-35.9243,-29.3133,262.814
-37.0206,-29.3193,262.759
-38.1159,-29.3247,262.703
-39.2102,-29.3301,262.647
-40.303,-29.3361,262.592
-41.3939,-29.3415,262.536
-42.4833,-29.3467,262.481
-43.5705,-29.352,262.425
-44.6564,-29.3573,262.37
-45.7418,-29.3623,262.315
-46.8269,-29.3669,262.26
-47.9129,-29.371,262.204
-48.9997,-29.3752,262.149
-50.088,-29.3798,262.094
-51.1794,-29.3832,262.038
-52.2732,-29.3865,261.982
-53.3698,-29.3898,261.927
-54.4722,-29.3943,261.87
-55.5784,-29.3977,261.814
-56.6887,-29.3997,261.758
-58.2285,-29.4023,260.578
-59.2624,-29.405,259.72
-59.934,-29.4073,259.294
-60.9457,-29.4081,259.243
-61.9608,-29.4088,259.191
-62.9847,-29.41,259.139
-64.0155,-29.4115,259.086
-65.0522,-29.4132,259.034
-66.1015,-29.4115,258.98
-67.1558,-29.41,258.925
-68.2224,-29.4123,258.86
-69.2973,-29.4135,258.785
-70.3797,-29.4135,258.7
-71.4712,-29.414,258.589
-72.5653,-29.4145,258.468
-73.6637,-29.4145,258.315
-74.7613,-29.4142,258.135
-75.8578,-29.4136,257.931
-76.9467,-29.415,257.674
-78.0315,-29.4163,257.394
-79.1032,-29.4157,257.055
-80.164,-29.4157,256.677
-81.2137,-29.4163,256.26
-82.2404,-29.4169,255.772
-83.2571,-29.4176,255.256
-84.1224,-29.4186,254.738
-84.9768,-29.4193,254.198
-85.8035,-29.4193,253.603
-86.6122,-29.4195,252.98
-87.3906,-29.42,252.311
-88.1435,-29.4208,251.61
-88.8669,-29.4218,250.874
-89.5559,-29.4228,250.107
-90.2176,-29.4239,249.315
-90.8375,-29.4252,248.494
-91.4352,-29.4268,247.658
-91.9834,-29.4291,246.798
-92.5147,-29.4316,245.929
-92.9942,-29.4333,245.044
-93.4638,-29.4349,244.156
-93.9391,-29.4366,243.133
-94.3962,-29.4387,242.108
-94.8148,-29.4416,241.081
-95.2093,-29.4445,240.053
-95.5877,-29.4475,239.025
-95.9359,-29.4474,237.998
-95.6132,-29.4477,238.956
