-0.00147629, -0.00625801, -0.00346375
-0.00204468, -0.00595188, -0.00756836
-0.00261211, -0.00564623, -0.0116959
-0.00318146, -0.00533962, -0.0158157
-0.0037508, -0.00503349, -0.0199356
-0.00431919, -0.00472689, -0.0240555
-0.00488758, -0.00442076, -0.0281677
-0.00545597, -0.00411463, -0.0322952
-0.00602341, -0.00380898, -0.0363998
-0.00659275, -0.00350285, -0.0405273
-0.00716305, -0.00319624, -0.0446472
-0.00773144, -0.00288916, -0.0487595
-0.00830078, -0.00258303, -0.052887
-0.00886822, -0.0022769, -0.0569992
-0.00943756, -0.00197077, -0.0611191
-0.010006, -0.00166512, -0.0652313
-0.0105734, -0.00135946, -0.0693436
-0.0111437, -0.0010519, -0.0734787
-0.0117121, -0.000745773, -0.0775909
-0.0122805, -0.000439644, -0.0817108
-0.0128489, -0.000133514, -0.0858231
-0.0134172, 0.000173092, -0.0899429
-0.0139847, 0.000479221, -0.0940552
-0.014554, 0.000784874, -0.098175
-0.0151234, 0.00109148, -0.102303
-0.0156927, 0.00139761, -0.106422
-0.0162611, 0.00170422, -0.110542
-0.0168295, 0.00200987, -0.114655
-0.0173979, 0.00231647, -0.118774
-0.0179663, 0.0026226, -0.122887
-0.0185337, 0.00292826, -0.127007
-0.0191031, 0.00323486, -0.131126
-0.0196714, 0.00354099, -0.135246
-0.0202408, 0.0038476, -0.139374
-0.0208082, 0.00415373, -0.143486
-0.0213776, 0.00445986, -0.147606
-0.021944, 0.00476599, -0.151718
-0.0225134, 0.00507164, -0.15583
-0.0230837, 0.0053792, -0.159958
-0.0236521, 0.00568485, -0.16407
-0.0242205, 0.00599146, -0.16819
-0.0247879, 0.00629759, -0.17231
-0.0253572, 0.00660372, -0.17643
-0.0259247, 0.00690985, -0.180542
-0.026494, 0.0072155, -0.184662
-0.0270624, 0.00752211, -0.188789
-0.0276308, 0.00782871, -0.192902
-0.0282001, 0.00813532, -0.197029
-0.0287676, 0.00844097, -0.201134
-0.0293369, 0.00874758, -0.205254
-0.0299034, 0.00905323, -0.209366
-0.0304728, 0.00935936, -0.213486
-0.031044, 0.00966549, -0.217613
-0.0316114, 0.0099721, -0.221733
-0.0321798, 0.0102787, -0.225853
-0.0327482, 0.0105844, -0.229965
-0.0333166, 0.010891, -0.234085
-0.033886, 0.0111966, -0.238197
-0.0344534, 0.0115032, -0.242317
-0.0350218, 0.0118098, -0.246437
-0.0355911, 0.012116, -0.250557
-0.0361595, 0.0124221, -0.254677
-0.036727, 0.0127282, -0.258797
-0.0372963, 0.0130343, -0.262917
-0.0378637, 0.0133405, -0.267021
-0.0384331, 0.0136466, -0.271141
-0.0390024, 0.0139532, -0.275269
-0.0395708, 0.0142598, -0.279381
-0.0401392, 0.0145659, -0.283501
-0.0407076, 0.0148716, -0.287621
-0.041276, 0.0151782, -0.29174
-0.0418444, 0.0154839, -0.295853
-0.0424128, 0.01579, -0.299973
-0.0429811, 0.0160966, -0.3041
-0.0435505, 0.0164037, -0.308212
-0.0441189, 0.0167098, -0.31234
-0.0446863, 0.0170155, -0.316444
-0.0452557, 0.0173221, -0.320564
-0.0458231, 0.0176277, -0.324669
-0.0463915, 0.0179338, -0.328789
-0.0469618, 0.0182405, -0.332924
-0.0475302, 0.0185466, -0.337044
-0.0480986, 0.0188527, -0.341164
-0.048667, 0.0191588, -0.345276
-0.0492353, 0.0194654, -0.349396
-0.0498028, 0.0197711, -0.3535
-0.0503712, 0.0200777, -0.357628
-0.0509405, 0.0203843, -0.361748
-0.0515099, 0.0206904, -0.365868
-0.0520792, 0.020997, -0.369987
-0.0526457, 0.0213027, -0.374107
-0.053215, 0.0216088, -0.378227
-0.0537825, 0.021915, -0.382339
-0.0543518, 0.0222211, -0.386452
-0.0549212, 0.0225277, -0.390579
-0.0554895, 0.0228343, -0.394691
-0.0560579, 0.0231409, -0.398811
-0.0566263, 0.0234466, -0.402931
-0.0571947, 0.0237527, -0.407051
-0.0577631, 0.0240588, -0.411163
-0.0583305, 0.0243645, -0.415276
-0.0588999, 0.0246711, -0.419403
-0.0594683, 0.0249777, -0.423531
-0.0600386, 0.0252843, -0.427643
-0.060605, 0.0255899, -0.431755
-0.0611744, 0.0258965, -0.435875
-0.0617428, 0.0262022, -0.439995
-0.0623112, 0.0265083, -0.444107
-0.0628796, 0.0268149, -0.448235
-0.063448, 0.0271211, -0.452354
-0.0640173, 0.0274277, -0.456474
-0.0645857, 0.0277333, -0.460587
-0.0651541, 0.0280399, -0.464706
-0.0657225, 0.0283456, -0.468819
-0.0662909, 0.0286522, -0.472931
-0.0668602, 0.0289588, -0.477066
-0.0674286, 0.0292645, -0.481178
-0.0679979, 0.0295711, -0.485298
-0.0685644, 0.0298772, -0.489418
-0.0691338, 0.0301833, -0.493538
-0.0697021, 0.0304894, -0.49765
-0.0702686, 0.0307956, -0.501762
-0.070838, 0.0311022, -0.50589
-0.0714083, 0.0314088, -0.51001
-0.0719767, 0.0317149, -0.51413
-0.0725451, 0.032021, -0.518242
-0.0731134, 0.0323272, -0.522362
-0.0736809, 0.0326328, -0.526482
-0.0742483, 0.032939, -0.530602
-0.0748196, 0.033246, -0.534721
-0.075387, 0.0335517, -0.538841
-0.0759573, 0.0338588, -0.542961
-0.0765247, 0.0341644, -0.547066
-0.0770931, 0.034471, -0.551186
-0.0776606, 0.0347767, -0.555305
-0.078229, 0.0350828, -0.559418
-0.0787983, 0.0353894, -0.563545
-0.0793676, 0.0356956, -0.567657
-0.079936, 0.0360022, -0.571785
-0.0805035, 0.0363078, -0.575897
-0.0810728, 0.0366144, -0.580017
-0.0816402, 0.0369205, -0.584137
-0.0822086, 0.0372262, -0.588249
-0.082778, 0.0375333, -0.592369
-0.0833464, 0.0378389, -0.596489
-0.0839167, 0.0381455, -0.600616
-0.0844831, 0.0384517, -0.604729
-0.0850525, 0.0387578, -0.608849
-0.0856209, 0.0390639, -0.612968
-0.0861883, 0.0393701, -0.617073
-0.0867577, 0.0396767, -0.621201
-0.087326, 0.0399833, -0.625328
-0.0878954, 0.0402894, -0.629448
-0.0884638, 0.0405955, -0.633568
-0.0890322, 0.0409017, -0.637688
-0.0896006, 0.0412078, -0.641808
-0.090168, 0.0415139, -0.64592
-0.0907383, 0.04182, -0.650047
-0.0913057, 0.0421267, -0.654167
-0.091876, 0.0424333, -0.658287
-0.0924425, 0.0427389, -0.662399
-0.0930119, 0.0430455, -0.666527
-0.0935793, 0.0433517, -0.670639
-0.0941467, 0.0436568, -0.674767
-0.094718, 0.0439644, -0.678886
-0.0952854, 0.04427, -0.683006
-0.0958548, 0.0445766, -0.687134
-0.0964231, 0.0448823, -0.691246
-0.0969915, 0.0451889, -0.695366
-0.097559, 0.045495, -0.699486
-0.0981274, 0.0458012, -0.703606
-0.0986967, 0.0461073, -0.707726
-0.0992651, 0.0464144, -0.711845
-0.0998344, 0.04672, -0.715965
-0.100402, 0.0470262, -0.720085
-0.100971, 0.0473323, -0.724205
-0.10154, 0.0476384, -0.728317
-0.102107, 0.0479441, -0.732437
-0.102676, 0.0482512, -0.736565
-0.103246, 0.0485578, -0.740685
-0.103814, 0.0488639, -0.744804
-0.104382, 0.0491695, -0.748924
-0.104951, 0.0494761, -0.753044
-0.105518, 0.0497818, -0.757156
-0.106087, 0.0500884, -0.761276
-0.106657, 0.050395, -0.765404
-0.107224, 0.0507011, -0.769524
-0.107794, 0.0510077, -0.773643
-0.108361, 0.0513134, -0.777763
-0.108931, 0.05162, -0.781883
-0.109499, 0.0519257, -0.785995
-0.110065, 0.0522318, -0.790108
-0.110636, 0.0525384, -0.794243
-0.111206, 0.0528445, -0.798363
-0.111773, 0.0531511, -0.80249
-0.112342, 0.0534568, -0.806602
-0.11291, 0.0537634, -0.810722
-0.113478, 0.054069, -0.814842
-0.114046, 0.0543761, -0.818954
-0.114616, 0.0546827, -0.823074
-0.115186, 0.0549884, -0.827202
-0.115753, 0.0552945, -0.831329
-0.116321, 0.0556006, -0.835442
-0.11689, 0.0559068, -0.839561
-0.117457, 0.0562119, -0.843681
-0.118026, 0.0565186, -0.847794
-0.118595, 0.0568261, -0.851921
-0.119164, 0.0571318, -0.856041
-0.119733, 0.0574384, -0.860161
-0.120301, 0.0577445, -0.864281
-0.12087, 0.0580506, -0.868401
-0.121437, 0.0583568, -0.872513
-0.122005, 0.0586624, -0.876633
-0.122575, 0.0589685, -0.88076
-0.123144, 0.0592756, -0.88488
-0.123713, 0.0595822, -0.889008
-0.12428, 0.0598879, -0.89312
-0.124849, 0.0601945, -0.89724
-0.125417, 0.0605006, -0.901352
-0.125986, 0.0608058, -0.905479
-0.126554, 0.0611124, -0.909599
-0.127123, 0.061419, -0.913719
-0.127692, 0.0617251, -0.917839
-0.128261, 0.0620313, -0.921959
-0.128829, 0.0623379, -0.926079
-0.129397, 0.0626435, -0.930191
-0.129965, 0.0629501, -0.934311
-0.130535, 0.0632567, -0.938438
-0.131104, 0.0635629, -0.942558
-0.131672, 0.0638695, -0.946678
-0.132239, 0.0641751, -0.950798
-0.132809, 0.0644813, -0.954918
-0.133376, 0.0647874, -0.95903
-0.133945, 0.0650935, -0.96315
-0.134515, 0.0653996, -0.967278
-0.135083, 0.0657067, -0.97139
-0.135652, 0.0660129, -0.975525
-0.13622, 0.066319, -0.979637
-0.136788, 0.0666251, -0.983757
-0.137357, 0.0669312, -0.987869
-0.137925, 0.0672369, -0.991989
-0.138494, 0.0675435, -0.996117
-0.139063, 0.0678496, -1.00024
-0.139632, 0.0681567, -1.00436
-0.140199, 0.0684624, -1.00848
-0.140768, 0.068769, -1.0126
-0.141335, 0.0690746, -1.01672
-0.141904, 0.0693808, -1.02083
-0.142473, 0.0696874, -1.02496
-0.143043, 0.069994, -1.02908
-0.143611, 0.0703001, -1.0332
-0.144179, 0.0706058, -1.03732
-0.144748, 0.0709124, -1.04144
-0.145316, 0.071218, -1.04556
-0.145884, 0.0715241, -1.04967
-0.146453, 0.0718312, -1.05379
-0.147021, 0.0721374, -1.05791
-0.147592, 0.0724435, -1.06203
-0.148158, 0.0727496, -1.06615
-0.148727, 0.0730557, -1.07027
-0.149294, 0.0733619, -1.07439
-0.149863, 0.073667, -1.07851
-0.150433, 0.0739746, -1.08263
-0.151001, 0.0742812, -1.08675
-0.15157, 0.0745873, -1.09088
-0.152139, 0.0748935, -1.09499
-0.152707, 0.0751996, -1.09911
-0.153276, 0.0755057, -1.10323
-0.153843, 0.0758114, -1.10735
-0.154412, 0.076118, -1.11147
-0.154982, 0.0764246, -1.11559
-0.155551, 0.0767312, -1.11972
-0.156117, 0.0770369, -1.12383
-0.156687, 0.0773435, -1.12795
-0.157255, 0.0776491, -1.13206
-0.157823, 0.0779557, -1.13618
-0.158393, 0.0782619, -1.14031
-0.158961, 0.078568, -1.14443
-0.15953, 0.0788746, -1.14855
-0.160098, 0.0791807, -1.15267
-0.160666, 0.0794868, -1.15679
-0.161235, 0.079793, -1.1609
-0.161803, 0.0800991, -1.16503
-0.162372, 0.0804052, -1.16915
-0.16294, 0.0807118, -1.17327
-0.163509, 0.0810184, -1.1774
-0.164077, 0.0813241, -1.18151
-0.164646, 0.0816302, -1.18563
-0.165214, 0.0819364, -1.18974
-0.165782, 0.0822425, -1.19386
-0.166351, 0.0825491, -1.19799
-0.166921, 0.0828557, -1.20211
-0.167489, 0.0831618, -1.20624
-0.168057, 0.083468, -1.21035
-0.168626, 0.0837741, -1.21447
-0.169194, 0.0840797, -1.21859
-0.169761, 0.0843863, -1.2227
-0.170332, 0.084693, -1.22683
-0.170899, 0.0849991, -1.23095
-0.171469, 0.0853052, -1.23507
-0.172036, 0.0856113, -1.23919
-0.172606, 0.0859179, -1.24331
-0.173172, 0.0862236, -1.24742
-0.173741, 0.0865297, -1.25154
-0.174311, 0.0868368, -1.25568
-0.174879, 0.0871425, -1.25979
-0.175448, 0.0874491, -1.26391
-0.176016, 0.0877547, -1.26803
-0.176585, 0.0880613, -1.27215
-0.177155, 0.0883675, -1.27625
-0.177721, 0.0886731, -1.28038
-0.178291, 0.0889802, -1.28451
-0.178859, 0.0892868, -1.28863
-0.179428, 0.0895925, -1.29275
-0.179996, 0.0898986, -1.29687
-0.180565, 0.0902047, -1.30099
-0.181132, 0.0905104, -1.3051
-0.1817, 0.090817, -1.30922
-0.18227, 0.0911241, -1.31335
-0.182838, 0.0914302, -1.31747
-0.183408, 0.0917368, -1.32159
-0.183976, 0.092042, -1.32571
-0.184545, 0.0923486, -1.32983
-0.185113, 0.0926538, -1.33394
-0.18568, 0.0929604, -1.33806
-0.18625, 0.0932674, -1.34219
-0.186819, 0.0935736, -1.34631
-0.187387, 0.0938802, -1.35043
-0.187955, 0.0941858, -1.35455
-0.188524, 0.0944924, -1.35867
-0.189092, 0.0947986, -1.36278
-0.18966, 0.0951042, -1.36691
-0.190229, 0.0954103, -1.37103
-0.190799, 0.0957165, -1.37514
-0.191368, 0.0960231, -1.37927
-0.191936, 0.0963292, -1.38338
-0.192504, 0.0966353, -1.3875
-0.19307, 0.096941, -1.39162
-0.19364, 0.0972471, -1.39574
-0.194209, 0.0975537, -1.39986
-0.194777, 0.0978603, -1.40398
-0.195348, 0.0981665, -1.40811
-0.195914, 0.0984721, -1.41222
-0.196484, 0.0987782, -1.41634
-0.197051, 0.0990844, -1.42046
-0.19762, 0.0993896, -1.42458
-0.19819, 0.0996962, -1.4287
-0.198758, 0.100003, -1.43282
-0.199327, 0.100309, -1.43694
-0.199895, 0.100615, -1.44106
-0.200463, 0.100921, -1.44518
-0.201032, 0.101227, -1.4493
-0.201599, 0.101533, -1.45341
-0.202168, 0.101839, -1.45754
-0.202737, 0.102146, -1.46166
-0.203306, 0.102452, -1.46578
-0.203874, 0.102758, -1.46989
-0.204443, 0.103064, -1.47402
-0.205976, 0.10389, -1.48513
-0.207512, 0.104715, -1.49624
-0.209055, 0.105542, -1.50735
-0.210597, 0.106369, -1.51846
-0.212142, 0.107195, -1.52956
-0.213688, 0.108022, -1.54067
-0.215239, 0.108849, -1.55178
-0.216791, 0.109675, -1.56288
-0.218345, 0.110504, -1.57398
-0.219903, 0.111331, -1.58509
-0.221463, 0.112159, -1.5962
-0.223025, 0.112987, -1.6073
-0.224589, 0.113815, -1.6184
-0.226156, 0.114644, -1.6295
-0.227726, 0.115472, -1.64059
-0.229296, 0.1163, -1.6517
-0.230871, 0.11713, -1.66281
-0.232449, 0.117959, -1.67391
-0.234027, 0.118788, -1.68501
-0.235607, 0.119617, -1.69611
-0.237191, 0.120447, -1.70721
-0.238776, 0.121276, -1.71831
-0.240365, 0.122107, -1.72942
-0.241957, 0.122937, -1.74052
-0.24355, 0.123767, -1.75161
-0.245146, 0.124598, -1.76272
-0.246742, 0.125429, -1.77381
-0.248343, 0.12626, -1.78491
-0.249945, 0.12709, -1.79601
-0.251548, 0.127922, -1.8071
-0.253157, 0.128753, -1.8182
-0.254766, 0.129585, -1.8293
-0.256376, 0.130417, -1.8404
-0.257989, 0.131249, -1.85149
-0.259604, 0.132082, -1.86259
-0.261221, 0.132914, -1.87367
-0.26284, 0.133746, -1.88477
-0.264463, 0.134579, -1.89587
-0.266088, 0.135412, -1.90696
-0.267715, 0.136245, -1.91807
-0.269342, 0.137078, -1.92915
-0.270973, 0.137912, -1.94025
-0.272606, 0.138745, -1.95134
-0.27424, 0.139579, -1.96243
-0.275877, 0.140413, -1.97353
-0.277516, 0.141247, -1.98462
-0.279158, 0.142082, -1.99571
-0.2808, 0.142915, -2.0068
-0.282445, 0.14375, -2.01789
-0.28409, 0.144584, -2.02898
-0.28574, 0.145419, -2.04007
-0.287393, 0.146255, -2.05116
-0.289045, 0.14709, -2.06225
-0.290702, 0.147926, -2.07335
-0.292357, 0.14876, -2.08443
-0.294017, 0.149596, -2.09552
-0.295678, 0.150432, -2.10661
-0.297339, 0.151268, -2.11769
-0.299006, 0.152103, -2.12878
-0.300673, 0.15294, -2.13987
-0.302342, 0.153777, -2.15096
-0.304013, 0.154613, -2.16204
-0.305686, 0.15545, -2.17313
-0.30736, 0.156286, -2.18422
-0.309036, 0.157123, -2.1953
-0.310716, 0.157961, -2.2064
-0.312396, 0.158798, -2.21748
-0.314078, 0.159636, -2.22857
-0.315761, 0.160473, -2.23965
-0.317448, 0.161311, -2.25073
-0.319135, 0.162148, -2.26182
-0.320824, 0.162986, -2.2729
-0.322515, 0.163825, -2.28399
-0.324208, 0.164663, -2.29507
-0.325904, 0.165502, -2.30615
-0.3276, 0.16634, -2.31723
-0.329298, 0.167179, -2.32832
-0.330997, 0.168018, -2.33939
-0.332698, 0.168857, -2.35048
-0.334403, 0.169695, -2.36156
-0.336107, 0.170535, -2.37264
-0.337815, 0.171375, -2.38373
-0.339522, 0.172214, -2.39481
-0.341233, 0.173054, -2.40589
-0.342943, 0.173893, -2.41697
-0.344657, 0.174733, -2.42804
-0.346373, 0.175573, -2.43913
-0.34809, 0.176413, -2.45021
-0.349809, 0.177254, -2.46129
-0.351527, 0.178094, -2.47237
-0.35325, 0.178935, -2.48344
-0.354971, 0.179775, -2.49452
-0.356696, 0.180615, -2.5056
-0.358423, 0.181457, -2.51668
-0.360151, 0.182298, -2.52776
-0.361881, 0.183139, -2.53884
-0.36361, 0.18398, -2.54991
-0.365343, 0.184821, -2.56099
-0.367077, 0.185662, -2.57206
-0.368811, 0.186503, -2.58314
-0.370549, 0.187346, -2.59422
-0.372287, 0.188187, -2.60529
-0.374027, 0.18903, -2.61637
-0.375768, 0.189871, -2.62744
-0.377511, 0.190713, -2.63852
-0.379254, 0.191556, -2.64959
-0.381001, 0.192397, -2.66066
-0.382749, 0.19324, -2.67174
-0.384497, 0.194082, -2.68282
-0.386247, 0.194926, -2.69389
-0.387998, 0.195768, -2.70496
-0.38975, 0.196611, -2.71604
-0.391503, 0.197454, -2.72711
-0.393258, 0.198298, -2.73819
-0.395018, 0.199141, -2.74926
-0.396774, 0.199984, -2.76034
-0.398534, 0.200828, -2.77142
-0.400293, 0.201671, -2.78248
-0.402056, 0.202515, -2.79356
-0.403817, 0.203359, -2.80463
-0.405581, 0.204203, -2.81569
-0.407349, 0.205047, -2.82677
-0.409116, 0.20589, -2.83784
-0.410884, 0.206735, -2.84892
-0.412653, 0.207579, -2.85999
-0.414424, 0.208424, -2.87106
-0.416195, 0.209268, -2.88213
-0.417968, 0.210112, -2.8932
-0.419744, 0.210957, -2.90427
-0.421519, 0.211802, -2.91534
-0.423296, 0.212646, -2.92641
-0.425073, 0.213491, -2.93748
-0.426852, 0.214336, -2.94855
-0.428633, 0.215181, -2.95962
-0.430413, 0.216026, -2.97068
-0.432196, 0.216872, -2.98176
-0.433979, 0.217718, -2.99283
-0.435764, 0.218563, -3.0039
-0.437548, 0.219408, -3.01497
-0.439335, 0.220254, -3.02604
-0.441121, 0.221099, -3.03709
-0.442909, 0.221945, -3.04816
-0.4447, 0.222791, -3.05924
-0.44649, 0.223637, -3.0703
-0.448283, 0.224483, -3.08138
-0.450075, 0.225329, -3.09244
-0.451869, 0.226175, -3.10351
-0.453663, 0.227022, -3.11458
-0.455458, 0.227868, -3.12564
-0.457255, 0.228714, -3.13671
-0.459053, 0.22956, -3.14779
-0.460853, 0.230408, -3.15885
-0.462651, 0.231254, -3.16991
-0.464452, 0.2321, -3.18098
-0.466252, 0.232947, -3.19205
-0.468055, 0.233794, -3.20311
-0.469858, 0.234641, -3.21418
-0.471662, 0.235487, -3.22525
-0.473468, 0.236335, -3.23632
-0.475272, 0.237181, -3.24738
-0.477079, 0.238029, -3.25845
-0.478887, 0.238875, -3.2695
-0.480694, 0.239723, -3.28057
-0.482504, 0.24057, -3.29164
-0.484313, 0.241417, -3.3027
-0.486125, 0.242265, -3.31377
-0.487935, 0.243113, -3.32483
-0.489747, 0.24396, -3.3359
-0.491559, 0.244808, -3.34696
-0.493372, 0.245655, -3.35802
-0.495187, 0.246504, -3.36909
-0.497003, 0.247352, -3.38016
-0.498818, 0.2482, -3.39123
-0.500634, 0.249047, -3.40228
-0.502452, 0.249896, -3.41335
-0.504268, 0.250743, -3.42441
-0.506087, 0.251592, -3.43547
-0.507908, 0.25244, -3.44653
-0.509727, 0.253289, -3.4576
-0.511549, 0.254137, -3.46867
-0.51337, 0.254984, -3.47973
-0.515191, 0.255833, -3.49079
-0.517013, 0.25668, -3.50186
-0.518835, 0.257529, -3.51292
-0.52066, 0.258377, -3.52398
-0.522484, 0.259226, -3.53504
-0.524308, 0.260075, -3.54611
-0.526133, 0.260923, -3.55717
-0.527959, 0.261772, -3.56823
-0.529785, 0.26262, -3.57929
-0.53161, 0.263469, -3.59035
-0.533439, 0.264318, -3.60142
-0.535266, 0.265167, -3.61248
-0.537095, 0.266016, -3.62354
-0.538922, 0.266865, -3.63461
-0.540752, 0.267714, -3.64567
-0.542583, 0.268563, -3.65672
-0.544411, 0.269411, -3.66779
-0.546244, 0.27026, -3.67885
-0.548074, 0.27111, -3.68991
-0.549905, 0.271959, -3.70098
-0.551736, 0.272808, -3.71203
-0.553569, 0.273657, -3.7231
-0.5554, 0.274506, -3.73415
-0.557232, 0.275355, -3.74522
-0.559067, 0.276205, -3.75629
-0.560901, 0.277054, -3.76734
-0.562736, 0.277904, -3.77841
-0.564569, 0.278752, -3.78947
-0.566403, 0.279602, -3.80053
-0.568237, 0.280451, -3.81159
-0.570073, 0.281301, -3.82264
-0.571909, 0.28215, -3.83371
-0.573745, 0.283, -3.84477
-0.57558, 0.283849, -3.85584
-0.577415, 0.284698, -3.86689
-0.579252, 0.285548, -3.87796
-0.581088, 0.286397, -3.88903
-0.582925, 0.287247, -3.90007
-0.584762, 0.288097, -3.91115
-0.586599, 0.288946, -3.92221
-0.588437, 0.289796, -3.93327
-0.590274, 0.290645, -3.94433
-0.592113, 0.291495, -3.95539
-0.59395, 0.292344, -3.96645
-0.595788, 0.293194, -3.97751
-0.597626, 0.294044, -3.98858
-0.599465, 0.294893, -3.99964
-0.601305, 0.295743, -4.0107
-0.603142, 0.296592, -4.02176
-0.604981, 0.297442, -4.03282
-0.606819, 0.298291, -4.04388
-0.608657, 0.299141, -4.05494
-0.610497, 0.299991, -4.066
-0.612335, 0.30084, -4.07706
-0.614175, 0.301691, -4.08813
-0.616013, 0.30254, -4.09919
-0.617852, 0.30339, -4.11025
-0.619691, 0.304239, -4.12131
-0.621528, 0.305089, -4.13237
-0.623369, 0.305939, -4.14344
-0.625207, 0.306789, -4.1545
-0.627047, 0.307639, -4.16556
-0.628884, 0.308488, -4.17662
-0.630723, 0.309338, -4.18768
-0.632561, 0.310187, -4.19874
-0.634398, 0.311037, -4.2098
-0.636238, 0.311887, -4.22087
-0.638077, 0.312737, -4.23193
-0.639915, 0.313587, -4.243
-0.641752, 0.314436, -4.25405
-0.643591, 0.315286, -4.26511
-0.645428, 0.316135, -4.27617
-0.647266, 0.316985, -4.28723
-0.649105, 0.317834, -4.2983
-0.650941, 0.318684, -4.30936
-0.652779, 0.319533, -4.32043
-0.654614, 0.320383, -4.33148
-0.656451, 0.321232, -4.34254
-0.658288, 0.322082, -4.3536
-0.660123, 0.322931, -4.36466
-0.661959, 0.323781, -4.37573
-0.663795, 0.324631, -4.38679
-0.665631, 0.32548, -4.39785
-0.667464, 0.326329, -4.40891
-0.6693, 0.327178, -4.41998
-0.671134, 0.328027, -4.43103
-0.672968, 0.328876, -4.4421
-0.674803, 0.329726, -4.45316
-0.676637, 0.330575, -4.46422
-0.67847, 0.331425, -4.47528
-0.680301, 0.332274, -4.48634
-0.682135, 0.333123, -4.49741
-0.683965, 0.333972, -4.50846
-0.685797, 0.334821, -4.51952
-0.687629, 0.33567, -4.53059
-0.68946, 0.33652, -4.54165
-0.691292, 0.337368, -4.55271
-0.693121, 0.338217, -4.56377
-0.694951, 0.339067, -4.57484
-0.696778, 0.339915, -4.5859
-0.698607, 0.340764, -4.59695
-0.700437, 0.341613, -4.60802
-0.702265, 0.342462, -4.61909
-0.704093, 0.343311, -4.63015
-0.705918, 0.344159, -4.64121
-0.707745, 0.345008, -4.65228
-0.709569, 0.345856, -4.66333
-0.711394, 0.346704, -4.67439
-0.713221, 0.347554, -4.68546
-0.715043, 0.348402, -4.69653
-0.716867, 0.349251, -4.7076
-0.71869, 0.350099, -4.71865
-0.720512, 0.350947, -4.72972
-0.722333, 0.351795, -4.74078
-0.724154, 0.352643, -4.75184
-0.725976, 0.353493, -4.76291
-0.727796, 0.35434, -4.77397
-0.729616, 0.355188, -4.78503
-0.731433, 0.356036, -4.7961
-0.733252, 0.356884, -4.80716
-0.735068, 0.357732, -4.81823
-0.736884, 0.35858, -4.82928
-0.738702, 0.359428, -4.84036
-0.740516, 0.360276, -4.85143
-0.742332, 0.361125, -4.86249
-0.744143, 0.361972, -4.87355
-0.745956, 0.36282, -4.88462
-0.747767, 0.363667, -4.89568
-0.749578, 0.364514, -4.90674
-0.75139, 0.365362, -4.91782
-0.7532, 0.36621, -4.92887
-0.75501, 0.367057, -4.93994
-0.756817, 0.367905, -4.951
-0.758624, 0.368752, -4.96207
-0.760428, 0.369599, -4.97313
-0.762235, 0.370446, -4.9842
-0.764041, 0.371293, -4.99527
-0.765845, 0.37214, -5.00634
-0.767649, 0.372987, -5.01741
-0.76945, 0.373834, -5.02847
-0.771252, 0.374681, -5.03954
-0.773051, 0.375527, -5.0506
-0.77485, 0.376373, -5.06166
-0.77665, 0.37722, -5.07274
-0.778448, 0.378067, -5.08381
-0.780244, 0.378913, -5.09488
-0.78204, 0.379759, -5.10594
-0.783834, 0.380606, -5.11701
-0.785628, 0.381452, -5.12807
-0.78742, 0.382298, -5.13914
-0.789212, 0.383144, -5.15022
-0.791003, 0.38399, -5.16129
-0.792793, 0.384836, -5.17236
-0.79458, 0.385681, -5.18342
-0.796369, 0.386527, -5.19449
-0.798154, 0.387372, -5.20557
-0.79994, 0.388218, -5.21663
-0.801725, 0.389064, -5.2277
-0.803508, 0.389909, -5.23877
-0.80529, 0.390755, -5.24984
-0.807071, 0.3916, -5.26091
-0.808851, 0.392445, -5.27198
-0.81063, 0.39329, -5.28305
-0.812407, 0.394134, -5.29411
-0.814184, 0.394979, -5.30519
-0.81596, 0.395824, -5.31626
-0.817735, 0.396668, -5.32734
-0.819507, 0.397513, -5.3384
-0.82128, 0.398357, -5.34948
-0.82305, 0.399201, -5.36055
-0.824818, 0.400045, -5.37161
-0.826589, 0.40089, -5.38269
-0.828355, 0.401734, -5.39376
-0.830121, 0.402578, -5.40484
-0.831884, 0.403422, -5.4159
-0.833648, 0.404266, -5.42698
-0.837627, 0.406171, -5.45198
-0.841612, 0.408077, -5.47699
-0.845597, 0.409983, -5.502
-0.849586, 0.411889, -5.527
-0.853576, 0.413795, -5.55202
-0.857566, 0.415701, -5.57702
-0.861559, 0.417608, -5.60203
-0.865553, 0.419514, -5.62703
-0.869549, 0.421421, -5.65203
-0.873549, 0.423328, -5.67704
-0.877548, 0.425235, -5.70205
-0.881551, 0.427143, -5.72706
-0.885554, 0.42905, -5.75206
-0.88956, 0.430958, -5.77706
-0.893567, 0.432865, -5.80207
-0.897575, 0.434772, -5.82706
-0.901587, 0.436681, -5.85207
-0.905601, 0.438589, -5.87707
-0.909616, 0.440497, -5.90208
-0.91363, 0.442405, -5.92708
-0.917649, 0.444314, -5.95208
-0.921668, 0.446222, -5.97707
-0.92569, 0.448131, -6.00208
-0.929713, 0.45004, -6.02708
-0.93374, 0.451949, -6.05209
-0.937766, 0.453859, -6.07709
-0.941793, 0.455768, -6.10208
-0.945824, 0.457677, -6.12708
-0.949855, 0.459587, -6.15207
-0.953888, 0.461496, -6.17707
-0.957923, 0.463407, -6.20208
-0.96196, 0.465316, -6.22708
-0.965999, 0.467227, -6.25208
-0.970037, 0.469137, -6.27707
-0.974079, 0.471047, -6.30207
-0.978122, 0.472957, -6.32707
-0.982165, 0.474868, -6.35206
-0.986214, 0.476779, -6.37706
-0.990262, 0.478689, -6.40206
-0.994311, 0.4806, -6.42706
-0.998361, 0.482511, -6.45205
-1.00241, 0.484422, -6.47705
-1.00647, 0.486333, -6.50204
-1.01052, 0.488244, -6.52703
-1.01458, 0.490156, -6.55203
-1.01864, 0.492067, -6.57703
-1.0227, 0.49398, -6.60203
-1.02676, 0.495891, -6.62701
-1.03083, 0.497803, -6.65201
-1.03489, 0.499715, -6.67701
-1.03896, 0.501627, -6.70199
-1.04303, 0.50354, -6.72699
-1.04709, 0.505452, -6.75199
-1.05117, 0.507365, -6.77699
-1.05524, 0.509277, -6.80197
-1.05931, 0.51119, -6.82697
-1.06339, 0.513102, -6.85195
-1.06746, 0.515015, -6.87695
-1.07154, 0.516929, -6.90194
-1.07562, 0.518842, -6.92693
-1.0797, 0.520755, -6.95193
-1.08378, 0.522668, -6.97691
-1.08787, 0.524582, -7.00191
-1.09195, 0.526496, -7.0269
-1.09604, 0.528409, -7.05188
-1.10013, 0.530324, -7.07687
-1.10422, 0.532238, -7.10187
-1.10831, 0.534152, -7.12686
-1.1124, 0.536066, -7.15185
-1.1165, 0.53798, -7.17684
-1.12059, 0.539895, -7.20182
-1.12468, 0.541809, -7.22681
-1.12878, 0.543724, -7.2518
-1.13288, 0.545638, -7.27679
-1.13698, 0.547553, -7.30179
-1.14108, 0.549468, -7.32677
-1.14519, 0.551383, -7.35176
-1.14929, 0.553298, -7.37674
-1.1534, 0.555213, -7.40173
-1.1575, 0.557128, -7.42672
-1.16161, 0.559044, -7.45171
-1.16572, 0.560959, -7.4767
-1.16983, 0.562875, -7.50168
-1.17394, 0.564791, -7.52666
-1.17805, 0.566707, -7.55164
-1.18217, 0.568622, -7.57663
-1.18628, 0.570538, -7.60162
-1.1904, 0.572454, -7.62661
-1.19452, 0.57437, -7.6516
-1.19864, 0.576287, -7.67657
-1.20276, 0.578203, -7.70156
-1.20688, 0.580118, -7.72654
-1.211, 0.582035, -7.75152
-1.21513, 0.583952, -7.77651
-1.21925, 0.585869, -7.80149
-1.22338, 0.587786, -7.82648
-1.2275, 0.589702, -7.85146
-1.23163, 0.591619, -7.87645
-1.23576, 0.593536, -7.90143
-1.23989, 0.595453, -7.92641
-1.24402, 0.597371, -7.95139
-1.24815, 0.599288, -7.97638
-1.25229, 0.601205, -8.00137
-1.25642, 0.603123, -8.02634
-1.26056, 0.605041, -8.05132
-1.26469, 0.606958, -8.07631
-1.26883, 0.608875, -8.10128
-1.27297, 0.610794, -8.12627
-1.27711, 0.612711, -8.15125
-1.28125, 0.614629, -8.17624
-1.28539, 0.616547, -8.20121
-1.28954, 0.618465, -8.22619
-1.29368, 0.620383, -8.25117
-1.29783, 0.622301, -8.27615
-1.30197, 0.62422, -8.30114
-1.30612, 0.626138, -8.32611
-1.31027, 0.628057, -8.3511
-1.31442, 0.629975, -8.37608
-1.31857, 0.631894, -8.40105
-1.32272, 0.633812, -8.42603
-1.32687, 0.635731, -8.451
-1.33102, 0.63765, -8.47599
-1.33518, 0.63957, -8.50097
-1.33933, 0.641489, -8.52596
-1.34349, 0.643407, -8.55093
-1.34764, 0.645327, -8.57591
-1.3518, 0.647245, -8.60088
-1.35596, 0.649165, -8.62586
-1.36012, 0.651084, -8.65084
-1.36428, 0.653004, -8.67582
-1.36844, 0.654923, -8.7008
-1.3726, 0.656842, -8.72578
-1.37676, 0.658762, -8.75076
-1.38093, 0.660681, -8.77573
-1.38509, 0.662601, -8.8007
-1.38925, 0.664521, -8.82568
-1.39342, 0.666441, -8.85067
-1.39759, 0.668361, -8.87565
-1.40175, 0.67028, -8.90062
-1.40592, 0.6722, -8.92559
-1.41009, 0.67412, -8.95057
-1.41426, 0.67604, -8.97554
-1.41843, 0.677961, -9.00053
-1.4226, 0.679881, -9.0255
-1.42677, 0.681802, -9.05048
-1.43095, 0.683722, -9.07545
-1.43512, 0.685643, -9.10043
-1.43929, 0.687563, -9.1254
-1.44347, 0.689484, -9.15037
-1.44764, 0.691405, -9.17535
-1.45182, 0.693326, -9.20033
-1.456, 0.695246, -9.22531
-1.46017, 0.697166, -9.25027
-1.46435, 0.699088, -9.27525
-1.46853, 0.701008, -9.30022
-1.47271, 0.702929, -9.3252
-1.47689, 0.70485, -9.35018
-1.48107, 0.706771, -9.37515
-1.48526, 0.708693, -9.40013
-1.48944, 0.710613, -9.42509
-1.49362, 0.712534, -9.45007
-1.4978, 0.714455, -9.47505
-1.50199, 0.716376, -9.50002
-1.50617, 0.718298, -9.52499
-1.51036, 0.72022, -9.54997
-1.51454, 0.722141, -9.57495
-1.51873, 0.724062, -9.59991
-1.52292, 0.725984, -9.62489
-1.52711, 0.727906, -9.64986
-1.53129, 0.729827, -9.67483
-1.53548, 0.731749, -9.69981
-1.53967, 0.73367, -9.72478
-1.54386, 0.735592, -9.74976
-1.54805, 0.737514, -9.77473
-1.55224, 0.739436, -9.7997
-1.55643, 0.741357, -9.82467
-1.56062, 0.743279, -9.84964
-1.56482, 0.745201, -9.87462
-1.56901, 0.747123, -9.89959
-1.5732, 0.749045, -9.92457
-1.5774, 0.750967, -9.94954
-1.58159, 0.752889, -9.97451
-1.58578, 0.754811, -9.99948
-1.58998, 0.756732, -10.0245
-1.59418, 0.758656, -10.0494
-1.59837, 0.760578, -10.0744
-1.60257, 0.7625, -10.0994
-1.60676, 0.764422, -10.1243
-1.61096, 0.766345, -10.1493
-1.61516, 0.768267, -10.1743
-1.61936, 0.770189, -10.1993
-1.62356, 0.772112, -10.2242
-1.62775, 0.774034, -10.2492
-1.63195, 0.775957, -10.2742
-1.63615, 0.777879, -10.2991
-1.64035, 0.779802, -10.3241
-1.64455, 0.781724, -10.3491
-1.64875, 0.783647, -10.374
-1.65295, 0.785569, -10.399
-1.65715, 0.787492, -10.424
-1.66136, 0.789415, -10.449
-1.66556, 0.791337, -10.4739
-1.66976, 0.79326, -10.4989
-1.67396, 0.795183, -10.5239
-1.67816, 0.797105, -10.5488
-1.68237, 0.799028, -10.5738
-1.68657, 0.800951, -10.5988
-1.69077, 0.802874, -10.6238
-1.69498, 0.804796, -10.6487
-1.69918, 0.806719, -10.6737
-1.70338, 0.808642, -10.6987
-1.70759, 0.810565, -10.7236
-1.71179, 0.812488, -10.7486
-1.716, 0.814411, -10.7736
-1.7202, 0.816334, -10.7986
-1.72441, 0.818256, -10.8235
-1.72861, 0.820179, -10.8485
-1.73282, 0.822103, -10.8735
-1.73702, 0.824025, -10.8984
-1.74123, 0.825948, -10.9234
-1.74543, 0.827872, -10.9484
-1.74964, 0.829795, -10.9734
-1.75384, 0.831717, -10.9983
-1.75805, 0.833641, -11.0233
-1.76226, 0.835564, -11.0483
-1.76646, 0.837485, -11.0732
-1.77067, 0.83941, -11.0982
-1.77488, 0.841332, -11.1232
-1.77908, 0.843256, -11.1482
-1.78329, 0.845179, -11.1731
-1.7875, 0.847102, -11.1981
-1.7917, 0.849024, -11.2231
-1.79591, 0.850947, -11.248
-1.80012, 0.852871, -11.273
-1.80432, 0.854794, -11.298
-1.80853, 0.856717, -11.3229
-1.81274, 0.85864, -11.3479
-1.81694, 0.860563, -11.3729
-1.82115, 0.862486, -11.3978
-1.82536, 0.864408, -11.4228
-1.82956, 0.866332, -11.4478
-1.83377, 0.868255, -11.4728
-1.83798, 0.870178, -11.4977
-1.84218, 0.872101, -11.5227
-1.84639, 0.874024, -11.5477
-1.8506, 0.875947, -11.5726
-1.8548, 0.87787, -11.5976
-1.85901, 0.879793, -11.6226
-1.86322, 0.881716, -11.6475
-1.86742, 0.883639, -11.6725
-1.87163, 0.885562, -11.6975
-1.87584, 0.887485, -11.7225
-1.88004, 0.889408, -11.7474
-1.88425, 0.891331, -11.7724
-1.88845, 0.893254, -11.7974
-1.89266, 0.895177, -11.8223
-1.89686, 0.8971, -11.8473
-1.90107, 0.899023, -11.8723
-1.90528, 0.900946, -11.8973
-1.90948, 0.902868, -11.9222
-1.91368, 0.904791, -11.9472
-1.91789, 0.906714, -11.9722
-1.9221, 0.908638, -11.9971
-1.9263, 0.91056, -12.0221
-1.9305, 0.912483, -12.0471
-1.93471, 0.914406, -12.0721
-1.93891, 0.916328, -12.097
-1.94311, 0.918251, -12.122
-1.94732, 0.920174, -12.147
-1.95152, 0.922097, -12.1719
-1.95572, 0.92402, -12.1969
-1.95992, 0.925942, -12.2219
-1.96413, 0.927865, -12.2468
-1.96833, 0.929788, -12.2718
-1.97253, 0.93171, -12.2968
-1.97673, 0.933633, -12.3218
-1.98093, 0.935555, -12.3467
-1.98513, 0.937479, -12.3717
-1.98933, 0.9394, -12.3967
-1.99353, 0.941323, -12.4216
-1.99773, 0.943245, -12.4466
-2.00193, 0.945167, -12.4716
-2.00613, 0.94709, -12.4966
-2.01033, 0.949012, -12.5215
-2.01453, 0.950935, -12.5465
-2.01873, 0.952857, -12.5715
-2.02293, 0.954779, -12.5964
-2.02712, 0.956701, -12.6214
-2.03132, 0.958623, -12.6464
-2.03552, 0.960546, -12.6714
-2.03971, 0.962468, -12.6963
-2.04391, 0.96439, -12.7213
-2.0481, 0.966312, -12.7463
-2.0523, 0.968234, -12.7712
-2.05649, 0.970156, -12.7962
-2.06068, 0.972077, -12.8212
-2.06488, 0.974, -12.8462
-2.06907, 0.975922, -12.8711
-2.07326, 0.977844, -12.8961
-2.07745, 0.979765, -12.9211
-2.08165, 0.981688, -12.9461
-2.08583, 0.983609, -12.971
-2.09002, 0.98553, -12.996
-2.09422, 0.987453, -13.021
-2.0984, 0.989374, -13.0459
-2.10259, 0.991296, -13.0709
-2.10678, 0.993217, -13.0959
-2.11097, 0.995139, -13.1209
-2.11516, 0.99706, -13.1458
-2.11934, 0.998981, -13.1708
-2.12353, 1.0009, -13.1958
-2.12771, 1.00283, -13.2208
-2.1319, 1.00475, -13.2457
-2.13608, 1.00667, -13.2707
-2.14027, 1.00859, -13.2957
-2.14445, 1.01051, -13.3207
-2.14863, 1.01243, -13.3456
-2.15281, 1.01435, -13.3706
-2.15699, 1.01627, -13.3956
-2.16117, 1.01819, -13.4206
-2.16535, 1.02011, -13.4455
-2.16953, 1.02204, -13.4705
-2.17371, 1.02396, -13.4955
-2.17789, 1.02588, -13.5205
-2.18207, 1.0278, -13.5454
-2.18624, 1.02972, -13.5704
-2.19042, 1.03164, -13.5954
-2.19459, 1.03356, -13.6204
-2.19877, 1.03548, -13.6453
-2.20294, 1.0374, -13.6703
-2.20711, 1.03932, -13.6953
-2.21129, 1.04124, -13.7203
-2.21546, 1.04316, -13.7452
-2.21963, 1.04508, -13.7702
-2.2238, 1.047, -13.7952
-2.22797, 1.04892, -13.8202
-2.23213, 1.05084, -13.8451
-2.2363, 1.05276, -13.8701
-2.24047, 1.05468, -13.8951
-2.24463, 1.0566, -13.9201
-2.2488, 1.05852, -13.945
-2.25296, 1.06044, -13.97
-2.25713, 1.06236, -13.995
-2.26129, 1.06428, -14.02
-2.26545, 1.0662, -14.0449
-2.26961, 1.06812, -14.0699
-2.27377, 1.07004, -14.0949
-2.27793, 1.07196, -14.1199
-2.28209, 1.07388, -14.1449
-2.28624, 1.0758, -14.1698
-2.2904, 1.07772, -14.1948
-2.29456, 1.07964, -14.2198
-2.29871, 1.08155, -14.2448
-2.30286, 1.08347, -14.2698
-2.30702, 1.08539, -14.2947
-2.31117, 1.08731, -14.3197
-2.31532, 1.08923, -14.3447
-2.32524, 1.09382, -14.4044
-2.33517, 1.09841, -14.4642
-2.3451, 1.103, -14.5239
-2.35503, 1.1076, -14.5836
-2.36496, 1.1122, -14.6433
-2.3749, 1.1168, -14.7031
-2.38483, 1.1214, -14.7628
-2.39477, 1.126, -14.8225
-2.40471, 1.13061, -14.8822
-2.41465, 1.13522, -14.942
-2.42459, 1.13983, -15.0017
-2.43454, 1.14444, -15.0614
-2.44449, 1.14906, -15.1211
-2.45444, 1.15368, -15.1809
-2.46439, 1.1583, -15.2406
-2.47434, 1.16292, -15.3003
-2.48429, 1.16754, -15.36
-2.49425, 1.17217, -15.4197
-2.50421, 1.1768, -15.4795
-2.51416, 1.18142, -15.5392
-2.52413, 1.18606, -15.5989
-2.53409, 1.19069, -15.6586
-2.54405, 1.19533, -15.7183
-2.55402, 1.19997, -15.7781
-2.56399, 1.20461, -15.8378
-2.57396, 1.20925, -15.8975
-2.58393, 1.21389, -15.9572
-2.5939, 1.21854, -16.0169
-2.60387, 1.22319, -16.0766
-2.61385, 1.22784, -16.1363
-2.62383, 1.23249, -16.1961
-2.63381, 1.23714, -16.2558
-2.64379, 1.2418, -16.3155
-2.65377, 1.24646, -16.3752
-2.66375, 1.25112, -16.4349
-2.67374, 1.25578, -16.4946
-2.68373, 1.26045, -16.5543
-2.69372, 1.26511, -16.6141
-2.70371, 1.26978, -16.6738
-2.7137, 1.27445, -16.7335
-2.72369, 1.27912, -16.7932
-2.73369, 1.28379, -16.8529
-2.74368, 1.28847, -16.9126
-2.75368, 1.29315, -16.9723
-2.76368, 1.29783, -17.032
-2.77369, 1.30251, -17.0918
-2.78369, 1.30719, -17.1515
-2.79369, 1.31187, -17.2112
-2.8037, 1.31656, -17.2709
-2.81371, 1.32125, -17.3306
-2.82371, 1.32594, -17.3903
-2.83372, 1.33063, -17.45
-2.84374, 1.33532, -17.5097
-2.85375, 1.34002, -17.5694
-2.86376, 1.34472, -17.6291
-2.87378, 1.34941, -17.6888
-2.8838, 1.35411, -17.7485
-2.89382, 1.35882, -17.8082
-2.90384, 1.36352, -17.8679
-2.91386, 1.36823, -17.9276
-2.92388, 1.37293, -17.9873
-2.93391, 1.37764, -18.047
-2.94394, 1.38235, -18.1067
-2.95396, 1.38706, -18.1664
-2.96399, 1.39178, -18.2261
-2.97402, 1.39649, -18.2858
-2.98405, 1.40121, -18.3455
-2.99409, 1.40593, -18.4052
-3.00412, 1.41065, -18.4649
-3.01416, 1.41537, -18.5246
-3.02419, 1.4201, -18.5843
-3.03423, 1.42482, -18.644
-3.04427, 1.42955, -18.7037
-3.05431, 1.43428, -18.7634
-3.06436, 1.43901, -18.8231
-3.0744, 1.44374, -18.8828
-3.08444, 1.44847, -18.9425
-3.09449, 1.45321, -19.0022
-3.10454, 1.45794, -19.0619
-3.11459, 1.46268, -19.1216
-3.12464, 1.46742, -19.1813
-3.13469, 1.47216, -19.241
-3.14474, 1.4769, -19.3007
-3.15479, 1.48164, -19.3604
-3.16485, 1.48639, -19.4201
-3.1749, 1.49114, -19.4798
-3.18496, 1.49588, -19.5395
-3.19502, 1.50063, -19.5992
-3.20508, 1.50538, -19.6589
-3.21514, 1.51014, -19.7186
-3.2252, 1.51489, -19.7783
-3.23527, 1.51964, -19.838
-3.24533, 1.5244, -19.8976
-3.2554, 1.52916, -19.9573
-3.26546, 1.53392, -20.017
-3.27553, 1.53868, -20.0767
-3.2856, 1.54344, -20.1364
-3.29567, 1.5482, -20.1961
-3.30574, 1.55297, -20.2558
-3.31581, 1.55773, -20.3155
-3.32589, 1.5625, -20.3752
-3.33596, 1.56727, -20.4349
-3.34604, 1.57204, -20.4946
-3.35611, 1.57681, -20.5543
-3.36619, 1.58158, -20.6139
-3.37627, 1.58636, -20.6736
-3.38635, 1.59113, -20.7333
-3.39643, 1.59591, -20.793
-3.40651, 1.60068, -20.8527
-3.41659, 1.60546, -20.9124
-3.42668, 1.61024, -20.9721
-3.43676, 1.61502, -21.0318
-3.44685, 1.6198, -21.0914
-3.45693, 1.62459, -21.1511
-3.46702, 1.62937, -21.2108
-3.47711, 1.63416, -21.2705
-3.4872, 1.63895, -21.3302
-3.49729, 1.64373, -21.3899
-3.50738, 1.64852, -21.4496
-3.51748, 1.65331, -21.5092
-3.52757, 1.6581, -21.5689
-3.53766, 1.6629, -21.6286
-3.54776, 1.66769, -21.6883
-3.55786, 1.67248, -21.748
-3.56795, 1.67728, -21.8077
-3.57805, 1.68208, -21.8674
-3.58815, 1.68687, -21.927
-3.59825, 1.69167, -21.9867
-3.60835, 1.69647, -22.0464
-3.61845, 1.70127, -22.1061
-3.62856, 1.70608, -22.1658
-3.63866, 1.71088, -22.2254
-3.64876, 1.71568, -22.2851
-3.65887, 1.72049, -22.3448
-3.66897, 1.72529, -22.4045
-3.67908, 1.7301, -22.4642
-3.68919, 1.73491, -22.5238
-3.6993, 1.73972, -22.5835
-3.7094, 1.74453, -22.6432
-3.71951, 1.74934, -22.7029
-3.72962, 1.75415, -22.7626
-3.73974, 1.75896, -22.8222
-3.74985, 1.76378, -22.8819
-3.75996, 1.76859, -22.9416
-3.77008, 1.77341, -23.0013
-3.78019, 1.77822, -23.061
-3.7903, 1.78304, -23.1207
-3.80042, 1.78786, -23.1803
-3.81054, 1.79268, -23.24
-3.82065, 1.7975, -23.2997
-3.83077, 1.80232, -23.3594
-3.84089, 1.80714, -23.419
-3.85101, 1.81196, -23.4787
-3.86113, 1.81679, -23.5384
-3.87125, 1.82161, -23.5981
-3.88137, 1.82643, -23.6578
-3.89149, 1.83126, -23.7174
-3.90162, 1.83608, -23.7771
-3.91174, 1.84091, -23.8368
-3.92186, 1.84574, -23.8965
-3.93199, 1.85057, -23.9561
-3.94211, 1.8554, -24.0158
-3.95224, 1.86023, -24.0755
-3.96236, 1.86506, -24.1352
-3.97249, 1.86989, -24.1948
-3.98262, 1.87472, -24.2545
-3.99275, 1.87955, -24.3142
-4.00287, 1.88439, -24.3739
-4.013, 1.88922, -24.4335
-4.02313, 1.89406, -24.4932
-4.03326, 1.89889, -24.5529
-4.04339, 1.90373, -24.6126
-4.05353, 1.90856, -24.6722
-4.06366, 1.9134, -24.7319
-4.07379, 1.91824, -24.7916
-4.08392, 1.92308, -24.8513
-4.09406, 1.92792, -24.9109
-4.10419, 1.93276, -24.9706
-4.11432, 1.9376, -25.0303
-4.12446, 1.94244, -25.09
-4.13459, 1.94728, -25.1496
-4.14473, 1.95212, -25.2093
-4.15486, 1.95696, -25.269
-4.165, 1.9618, -25.3287
-4.17514, 1.96665, -25.3883
-4.18528, 1.97149, -25.448
-4.19541, 1.97634, -25.5077
-4.20555, 1.98118, -25.5674
-4.21569, 1.98603, -25.627
-4.22583, 1.99087, -25.6867
-4.23597, 1.99572, -25.7464
-4.24611, 2.00057, -25.8061
-4.25625, 2.00541, -25.8657
-4.26639, 2.01026, -25.9254
-4.27653, 2.01511, -25.9851
-4.28667, 2.01996, -26.0447
-4.29681, 2.0248, -26.1044
-4.30695, 2.02965, -26.1641
-4.31709, 2.0345, -26.2238
-4.32724, 2.03935, -26.2834
-4.33738, 2.0442, -26.3431
-4.34752, 2.04905, -26.4028
-4.35766, 2.05391, -26.4624
-4.36781, 2.05876, -26.5221
-4.37795, 2.06361, -26.5818
-4.3881, 2.06846, -26.6415
-4.39824, 2.07331, -26.7011
-4.40839, 2.07817, -26.7608
-4.41853, 2.08302, -26.8205
-4.42867, 2.08787, -26.8801
-4.43882, 2.09272, -26.9398
-4.44897, 2.09758, -26.9995
-4.45911, 2.10243, -27.0592
-4.46926, 2.10729, -27.1188
-4.4794, 2.11214, -27.1785
-4.48955, 2.11699, -27.2382
-4.4997, 2.12185, -27.2978
-4.50984, 2.1267, -27.3575
-4.51999, 2.13156, -27.4172
-4.53014, 2.13642, -27.4769
-4.54028, 2.14127, -27.5365
-4.55043, 2.14613, -27.5962
-4.56058, 2.15098, -27.6559
-4.57072, 2.15584, -27.7155
-4.58087, 2.16069, -27.7752
-4.59102, 2.16555, -27.8349
-4.60117, 2.17041, -27.8946
-4.61131, 2.17526, -27.9542
-4.62146, 2.18012, -28.0139
-4.63161, 2.18498, -28.0736
-4.64176, 2.18983, -28.1332
-4.65191, 2.19469, -28.1929
-4.66205, 2.19955, -28.2526
-4.6722, 2.2044, -28.3122
-4.68235, 2.20926, -28.3719
-4.6925, 2.21412, -28.4316
-4.70265, 2.21897, -28.4913
-4.7128, 2.22383, -28.5509
-4.72294, 2.22869, -28.6106
-4.73309, 2.23355, -28.6703
-4.74324, 2.2384, -28.7299
-4.75339, 2.24326, -28.7896
-4.76354, 2.24812, -28.8493
-4.77368, 2.25297, -28.909
-4.78383, 2.25783, -28.9686
-4.79398, 2.26269, -29.0283
-4.80413, 2.26754, -29.088
-4.81428, 2.2724, -29.1476
-4.82442, 2.27726, -29.2073
-4.83457, 2.28211, -29.267
-4.84472, 2.28697, -29.3267
-4.85487, 2.29183, -29.3863
-4.86501, 2.29668, -29.446
-4.87516, 2.30154, -29.5057
-4.88531, 2.30639, -29.5653
-4.89546, 2.31125, -29.625
-4.9056, 2.3161, -29.6847
-4.91575, 2.32096, -29.7444
-4.9259, 2.32581, -29.804
-4.93604, 2.33067, -29.8637
-4.94619, 2.33552, -29.9234
-4.95633, 2.34038, -29.983
-4.96648, 2.34523, -30.0427
-4.97663, 2.35009, -30.1024
-4.98677, 2.35494, -30.1621
-4.99692, 2.35979, -30.2217
-5.00706, 2.36465, -30.2814
-5.01721, 2.3695, -30.3411
-5.02735, 2.37435, -30.4007
-5.0375, 2.3792, -30.4604
-5.04764, 2.38405, -30.5201
-5.05778, 2.38891, -30.5798
-5.06793, 2.39376, -30.6394
-5.07807, 2.39861, -30.6991
-5.08821, 2.40346, -30.7588
-5.09836, 2.40831, -30.8184
-5.1085, 2.41316, -30.8781
-5.11864, 2.41801, -30.9378
-5.12878, 2.42286, -30.9975
-5.13892, 2.42771, -31.0571
-5.14906, 2.43256, -31.1168
-5.1592, 2.4374, -31.1765
-5.16934, 2.44225, -31.2361
-5.17949, 2.4471, -31.2958
-5.18963, 2.45194, -31.3555
-5.19976, 2.45679, -31.4152
-5.2099, 2.46164, -31.4748
-5.22004, 2.46648, -31.5345
-5.23018, 2.47133, -31.5942
-5.24032, 2.47617, -31.6539
-5.25045, 2.48102, -31.7135
-5.26059, 2.48586, -31.7732
-5.27073, 2.4907, -31.8329
-5.28086, 2.49554, -31.8926
-5.291, 2.50039, -31.9522
-5.30113, 2.50523, -32.0119
-5.31127, 2.51007, -32.0716
-5.3214, 2.51491, -32.1312
-5.33154, 2.51975, -32.1909
-5.34167, 2.52459, -32.2506
-5.3518, 2.52942, -32.3103
-5.36193, 2.53426, -32.3699
-5.37207, 2.5391, -32.4296
-5.3822, 2.54394, -32.4893
-5.39233, 2.54877, -32.549
-5.40246, 2.55361, -32.6086
-5.41259, 2.55844, -32.6683
-5.42272, 2.56328, -32.728
-5.43285, 2.56811, -32.7877
-5.44297, 2.57294, -32.8473
-5.4531, 2.57777, -32.907
-5.46323, 2.58261, -32.9667
-5.47335, 2.58744, -33.0264
-5.48348, 2.59227, -33.0861
-5.4936, 2.5971, -33.1457
-5.50373, 2.60192, -33.2054
-5.51385, 2.60675, -33.2651
-5.52398, 2.61158, -33.3248
-5.5341, 2.6164, -33.3844
-5.54422, 2.62123, -33.4441
-5.55434, 2.62605, -33.5038
-5.56446, 2.63088, -33.5635
-5.57458, 2.6357, -33.6231
-5.5847, 2.64052, -33.6828
-5.59482, 2.64534, -33.7425
-5.60494, 2.65017, -33.8022
-5.61506, 2.65499, -33.8619
-5.62517, 2.6598, -33.9215
-5.63529, 2.66462, -33.9812
-5.6454, 2.66944, -34.0409
-5.65552, 2.67426, -34.1006
-5.66563, 2.67907, -34.1603
-5.67574, 2.68389, -34.2199
-5.68586, 2.6887, -34.2796
-5.69597, 2.69351, -34.3393
-5.70608, 2.69832, -34.399
-5.71619, 2.70313, -34.4587
-5.72629, 2.70794, -34.5183
-5.7364, 2.71275, -34.578
-5.74651, 2.71756, -34.6377
-5.75662, 2.72237, -34.6974
-5.76672, 2.72717, -34.7571
-5.77683, 2.73198, -34.8168
-5.78693, 2.73678, -34.8764
-5.79703, 2.74159, -34.9361
-5.80714, 2.74639, -34.9958
-5.81724, 2.75119, -35.0555
-5.82734, 2.75599, -35.1152
-5.83744, 2.76079, -35.1748
-5.84754, 2.76559, -35.2345
-5.85764, 2.77038, -35.2942
-5.86773, 2.77518, -35.3539
-5.87783, 2.77997, -35.4136
-5.88793, 2.78477, -35.4733
-5.89802, 2.78956, -35.533
-5.90811, 2.79435, -35.5926
-5.91821, 2.79914, -35.6523
-5.92832, 2.80394, -35.7121
-5.93842, 2.80873, -35.7719
-5.94854, 2.81352, -35.8317
-5.95865, 2.8183, -35.8915
-5.96876, 2.82308, -35.9513
-5.97887, 2.82785, -36.011
-5.98898, 2.83262, -36.0708
-5.99909, 2.83739, -36.1306
-6.00921, 2.84215, -36.1904
-6.01932, 2.84691, -36.2502
-6.02943, 2.85167, -36.31
-6.03955, 2.85642, -36.3698
-6.04966, 2.86116, -36.4296
-6.05978, 2.86591, -36.4893
-6.06989, 2.87065, -36.5491
-6.08001, 2.87538, -36.6089
-6.09012, 2.88011, -36.6687
-6.10024, 2.88484, -36.7285
-6.11036, 2.88956, -36.7883
-6.12047, 2.89428, -36.8481
-6.13059, 2.89899, -36.9079
-6.14071, 2.90371, -36.9677
-6.15083, 2.90841, -37.0275
-6.16095, 2.91312, -37.0873
-6.17107, 2.91782, -37.147
-6.18119, 2.92251, -37.2068
-6.1913, 2.92721, -37.2666
-6.20143, 2.9319, -37.3264
-6.21155, 2.93658, -37.3862
-6.22167, 2.94126, -37.446
-6.23179, 2.94594, -37.5058
-6.24191, 2.95061, -37.5656
-6.25203, 2.95528, -37.6254
-6.26216, 2.95995, -37.6852
-6.27228, 2.96461, -37.745
-6.2824, 2.96927, -37.8048
-6.29252, 2.97393, -37.8646
-6.30265, 2.97858, -37.9244
-6.31277, 2.98323, -37.9842
-6.3229, 2.98788, -38.044
-6.33302, 2.99252, -38.1037
-6.34315, 2.99716, -38.1635
-6.35327, 3.00179, -38.2233
-6.3634, 3.00642, -38.2831
-6.37353, 3.01105, -38.3429
-6.38366, 3.01568, -38.4027
-6.39378, 3.0203, -38.4625
-6.40391, 3.02492, -38.5223
-6.41404, 3.02953, -38.5821
-6.42417, 3.03414, -38.6419
-6.4343, 3.03875, -38.7017
-6.44443, 3.04335, -38.7615
-6.45455, 3.04796, -38.8213
-6.46468, 3.05255, -38.8811
-6.47481, 3.05715, -38.9409
-6.48494, 3.06174, -39.0007
-6.49508, 3.06633, -39.0605
-6.50521, 3.07091, -39.1203
-6.51534, 3.0755, -39.1801
-6.52547, 3.08007, -39.2399
-6.5356, 3.08465, -39.2997
-6.54573, 3.08922, -39.3595
-6.55587, 3.09379, -39.4193
-6.566, 3.09836, -39.4791
-6.57613, 3.10292, -39.5389
-6.58627, 3.10748, -39.5987
-6.5964, 3.11204, -39.6585
-6.60653, 3.11659, -39.7183
-6.61667, 3.12114, -39.7781
-6.6268, 3.12569, -39.8379
-6.63694, 3.13024, -39.8977
-6.64707, 3.13478, -39.9575
-6.65721, 3.13932, -40.0173
-6.66735, 3.14386, -40.0771
-6.67748, 3.14839, -40.1369
-6.68762, 3.15292, -40.1967
-6.69776, 3.15745, -40.2565
-6.70789, 3.16197, -40.3163
-6.71803, 3.1665, -40.3761
-6.72817, 3.17101, -40.4359
-6.73831, 3.17553, -40.4957
-6.74845, 3.18005, -40.5555
-6.75858, 3.18456, -40.6153
-6.76872, 3.18906, -40.6751
-6.77886, 3.19357, -40.7349
-6.789, 3.19807, -40.7947
-6.79914, 3.20257, -40.8545
-6.80928, 3.20707, -40.9143
-6.81942, 3.21157, -40.9741
-6.82956, 3.21606, -41.034
-6.83971, 3.22055, -41.0938
-6.84985, 3.22503, -41.1536
-6.85999, 3.22952, -41.2134
-6.87013, 3.234, -41.2732
-6.88027, 3.23848, -41.333
-6.89041, 3.24296, -41.3928
-6.90056, 3.24743, -41.4526
-6.9107, 3.2519, -41.5124
-6.92084, 3.25637, -41.5722
-6.93099, 3.26084, -41.632
-6.94113, 3.2653, -41.6918
-6.95127, 3.26976, -41.7516
-6.96142, 3.27422, -41.8114
-6.97156, 3.27868, -41.8712
-6.98171, 3.28314, -41.931
-6.99185, 3.28759, -41.9908
-7.002, 3.29204, -42.0506
-7.01214, 3.29649, -42.1105
-7.02229, 3.30093, -42.1703
-7.03243, 3.30538, -42.2301
-7.04258, 3.30982, -42.2899
-7.05273, 3.31426, -42.3497
-7.06287, 3.31869, -42.4095
-7.07302, 3.32313, -42.4693
-7.08317, 3.32756, -42.5291
-7.09331, 3.33199, -42.5889
-7.10346, 3.33642, -42.6487
-7.11361, 3.34084, -42.7085
-7.12376, 3.34527, -42.7683
-7.1339, 3.34969, -42.8281
-7.14405, 3.35411, -42.8879
-7.1542, 3.35852, -42.9478
-7.16435, 3.36294, -43.0076
-7.1745, 3.36735, -43.0674
-7.18465, 3.37176, -43.1272
-7.1948, 3.37617, -43.187
-7.20495, 3.38058, -43.2468
-7.2151, 3.38498, -43.3066
-7.22525, 3.38939, -43.3664
-7.2354, 3.39379, -43.4262
-7.24555, 3.39819, -43.486
-7.2557, 3.40259, -43.5459
-7.26585, 3.40698, -43.6057
-7.276, 3.41138, -43.6655
-7.28615, 3.41577, -43.7253
-7.2963, 3.42016, -43.7851
-7.30645, 3.42455, -43.8449
-7.3166, 3.42893, -43.9047
-7.32675, 3.43332, -43.9645
-7.33691, 3.4377, -44.0243
-7.34706, 3.44208, -44.0841
-7.35721, 3.44646, -44.144
-7.36736, 3.45084, -44.2038
-7.37752, 3.45522, -44.2636
-7.38767, 3.45959, -44.3234
-7.39782, 3.46396, -44.3832
-7.40798, 3.46834, -44.443
-7.41813, 3.47271, -44.5028
-7.42828, 3.47707, -44.5626
-7.43844, 3.48144, -44.6224
-7.44859, 3.48581, -44.6823
-7.45875, 3.49017, -44.7421
-7.4689, 3.49453, -44.8019
-7.47905, 3.49889, -44.8617
-7.48921, 3.50325, -44.9215
-7.49936, 3.50761, -44.9813
-7.50952, 3.51196, -45.0411
-7.51967, 3.51632, -45.1009
-7.52983, 3.52067, -45.1608
-7.53998, 3.52502, -45.2206
-7.55014, 3.52937, -45.2804
-7.56029, 3.53372, -45.3402
-7.57045, 3.53807, -45.4
-7.5806, 3.54242, -45.4598
-7.59076, 3.54676, -45.5196
-7.60092, 3.55111, -45.5794
-7.61107, 3.55545, -45.6393
-7.62123, 3.55979, -45.6991
-7.63139, 3.56413, -45.7589
-7.64154, 3.56847, -45.8187
-7.6517, 3.57281, -45.8785
-7.66186, 3.57714, -45.9383
-7.67201, 3.58148, -45.9981
-7.68217, 3.58581, -46.058
-7.69233, 3.59015, -46.1178
-7.70248, 3.59448, -46.1776
-7.71264, 3.59881, -46.2374
-7.7228, 3.60314, -46.2972
-7.73296, 3.60747, -46.357
-7.74311, 3.61179, -46.4168
-7.75327, 3.61612, -46.4767
-7.76343, 3.62045, -46.5365
-7.77359, 3.62477, -46.5963
-7.78375, 3.62909, -46.6561
-7.7939, 3.63342, -46.7159
-7.80406, 3.63774, -46.7757
-7.81422, 3.64206, -46.8355
-7.82438, 3.64638, -46.8953
-7.83454, 3.6507, -46.9552
-7.8447, 3.65502, -47.015
-7.85486, 3.65933, -47.0748
-7.86502, 3.66365, -47.1346
-7.87517, 3.66797, -47.1944
-7.88533, 3.67228, -47.2542
-7.89549, 3.6766, -47.314
-7.90565, 3.68091, -47.3739
-7.91581, 3.68522, -47.4337
-7.92597, 3.68953, -47.4935
-7.93613, 3.69384, -47.5533
-7.94629, 3.69816, -47.6131
-7.95645, 3.70247, -47.6729
-7.96661, 3.70677, -47.7328
-7.97677, 3.71108, -47.7926
-7.98693, 3.71539, -47.8524
-7.99709, 3.7197, -47.9122
-8.00725, 3.724, -47.972
-8.01741, 3.72831, -48.0318
-8.02757, 3.73262, -48.0916
-8.03773, 3.73692, -48.1515
-8.04789, 3.74123, -48.2113
-8.05805, 3.74553, -48.2711
-8.06821, 3.74983, -48.3309
-8.07837, 3.75414, -48.3907
-8.08853, 3.75844, -48.4505
-8.09869, 3.76274, -48.5104
-8.10885, 3.76704, -48.5702
-8.11901, 3.77135, -48.63
-8.12917, 3.77565, -48.6898
-8.13933, 3.77995, -48.7496
-8.14949, 3.78425, -48.8094
-8.15965, 3.78855, -48.8692
-8.16981, 3.79285, -48.9291
-8.17997, 3.79715, -48.9889
-8.19013, 3.80145, -49.0487
-8.20029, 3.80575, -49.1085
-8.21045, 3.81004, -49.1683
-8.22061, 3.81434, -49.2281
-8.23078, 3.81864, -49.288
-8.24094, 3.82294, -49.3478
-8.2511, 3.82724, -49.4076
-8.26126, 3.83154, -49.4674
-8.27142, 3.83583, -49.5272
-8.28158, 3.84013, -49.587
-8.29174, 3.84443, -49.6469
-8.3019, 3.84873, -49.7067
-8.31206, 3.85302, -49.7665
-8.32222, 3.85732, -49.8263
-8.33238, 3.86162, -49.8861
-8.34254, 3.86592, -49.9459
-8.35271, 3.87021, -50.0057
-8.36287, 3.87451, -50.0656
-8.37303, 3.87881, -50.1254
-8.38319, 3.88311, -50.1852
-8.39335, 3.8874, -50.245
-8.40351, 3.8917, -50.3048
-8.41367, 3.896, -50.3646
-8.42383, 3.9003, -50.4245
-8.43399, 3.90459, -50.4843
-8.44415, 3.90889, -50.5441
-8.45431, 3.91319, -50.6039
-8.46447, 3.91749, -50.6637
-8.47463, 3.92179, -50.7235
-8.48479, 3.92609, -50.7834
-8.49496, 3.93039, -50.8432
-8.50512, 3.93469, -50.903
-8.51528, 3.93899, -50.9628
-8.52544, 3.94329, -51.0226
-8.5356, 3.94759, -51.0824
-8.54576, 3.95189, -51.1422
-8.55592, 3.95619, -51.2021
-8.56608, 3.96049, -51.2619
-8.57624, 3.9648, -51.3217
-8.5864, 3.9691, -51.3815
-8.59656, 3.9734, -51.4413
-8.60672, 3.97771, -51.5011
-8.61688, 3.98201, -51.561
-8.62704, 3.98631, -51.6208
-8.6372, 3.99062, -51.6806
-8.64736, 3.99493, -51.7404
-8.65752, 3.99923, -51.8002
-8.66768, 4.00354, -51.86
-8.67784, 4.00784, -51.9198
-8.688, 4.01215, -51.9797
-8.69816, 4.01646, -52.0395
-8.70832, 4.02077, -52.0993
-8.71848, 4.02508, -52.1591
-8.72864, 4.02939, -52.2189
-8.7388, 4.0337, -52.2787
-8.74896, 4.03801, -52.3386
-8.75912, 4.04233, -52.3984
-8.76928, 4.04664, -52.4582
-8.77943, 4.05095, -52.518
-8.78959, 4.05527, -52.5778
-8.79975, 4.05959, -52.6376
-8.80991, 4.0639, -52.6974
-8.82007, 4.06822, -52.7573
-8.83023, 4.07254, -52.8171
-8.84039, 4.07686, -52.8769
-8.85055, 4.08118, -52.9367
-8.8607, 4.0855, -52.9965
-8.87086, 4.08982, -53.0563
-8.88102, 4.09414, -53.1161
-8.89118, 4.09846, -53.176
-8.90134, 4.10279, -53.2358
-8.9115, 4.10711, -53.2956
-8.92165, 4.11144, -53.3554
-8.93181, 4.11577, -53.4152
-8.94197, 4.1201, -53.475
-8.95213, 4.12443, -53.5348
-8.96228, 4.12876, -53.5947
-8.97244, 4.13309, -53.6545
-8.9826, 4.13742, -53.7143
-8.99275, 4.14176, -53.7741
-9.00291, 4.14609, -53.8339
-9.01307, 4.15043, -53.8937
-9.02323, 4.15477, -53.9535
-9.03338, 4.15911, -54.0133
-9.04354, 4.16345, -54.0732
-9.05369, 4.16779, -54.133
-9.06385, 4.17213, -54.1928
-9.07401, 4.17647, -54.2526
-9.08416, 4.18082, -54.3124
-9.09432, 4.18517, -54.3722
-9.10447, 4.18951, -54.432
-9.11463, 4.19386, -54.4919
-9.12478, 4.19821, -54.5517
-9.13494, 4.20256, -54.6115
-9.14509, 4.20692, -54.6713
-9.15525, 4.21127, -54.7311
-9.1654, 4.21563, -54.7909
-9.17556, 4.21999, -54.8507
-9.18571, 4.22434, -54.9105
-9.19587, 4.22871, -54.9703
-9.20602, 4.23307, -55.0302
-9.21618, 4.23743, -55.09
-9.22633, 4.2418, -55.1498
-9.23648, 4.24616, -55.2096
-9.24664, 4.25053, -55.2694
-9.25679, 4.2549, -55.3292
-9.26694, 4.25927, -55.389
-9.2771, 4.26364, -55.4488
-9.28725, 4.26802, -55.5087
-9.2974, 4.2724, -55.5685
-9.30756, 4.27677, -55.6283
-9.31771, 4.28115, -55.6881
-9.32786, 4.28553, -55.7479
-9.33801, 4.28992, -55.8077
-9.34816, 4.2943, -55.8675
-9.35831, 4.29869, -55.9273
-9.36847, 4.30308, -55.9871
-9.37862, 4.30747, -56.047
-9.38877, 4.31186, -56.1068
-9.39892, 4.31625, -56.1666
-9.40907, 4.32065, -56.2264
-9.41922, 4.32505, -56.2862
-9.42937, 4.32945, -56.346
-9.43952, 4.33385, -56.4058
-9.44967, 4.33825, -56.4656
-9.45982, 4.34266, -56.5254
-9.46997, 4.34706, -56.5852
-9.48012, 4.35147, -56.645
-9.49027, 4.35588, -56.7049
-9.50042, 4.3603, -56.7647
-9.51056, 4.36471, -56.8245
-9.52071, 4.36913, -56.8843
-9.53086, 4.37355, -56.9441
-9.54101, 4.37797, -57.0039
-9.55941, 4.38599, -57.1124
-9.57782, 4.39402, -57.2208
-9.59622, 4.40205, -57.3293
-9.61463, 4.41008, -57.4377
-9.63303, 4.41812, -57.5462
-9.65144, 4.42616, -57.6546
-9.66985, 4.43421, -57.7631
-9.68826, 4.44225, -57.8716
-9.70667, 4.45031, -57.98
-9.72508, 4.45836, -58.0885
-9.74349, 4.46642, -58.1969
-9.7619, 4.47449, -58.3054
-9.78032, 4.48255, -58.4138
-9.79873, 4.49063, -58.5223
-9.81714, 4.4987, -58.6307
-9.83556, 4.50678, -58.7392
-9.85398, 4.51486, -58.8477
-9.87239, 4.52295, -58.9561
-9.89081, 4.53104, -59.0646
-9.90923, 4.53913, -59.173
-9.92765, 4.54723, -59.2815
-9.94607, 4.55533, -59.3899
-9.96449, 4.56343, -59.4984
-9.98291, 4.57154, -59.6068
-10.0013, 4.57965, -59.7153
-10.0198, 4.58776, -59.8237
-10.0382, 4.59588, -59.9322
-10.0566, 4.604, -60.0406
-10.075, 4.61213, -60.1491
-10.0935, 4.62025, -60.2575
-10.1119, 4.62838, -60.366
-10.1303, 4.63652, -60.4744
-10.1487, 4.64466, -60.5829
-10.1672, 4.6528, -60.6913
-10.1856, 4.66094, -60.7997
-10.204, 4.66909, -60.9082
-10.2225, 4.67724, -61.0166
-10.2409, 4.6854, -61.1251
-10.2593, 4.69356, -61.2335
-10.2778, 4.70172, -61.342
-10.2962, 4.70988, -61.4504
-10.3146, 4.71805, -61.5589
-10.3331, 4.72622, -61.6673
-10.3515, 4.7344, -61.7757
-10.3699, 4.74257, -61.8842
-10.3884, 4.75075, -61.9926
-10.4068, 4.75894, -62.1011
-10.4252, 4.76713, -62.2095
-10.4437, 4.77532, -62.318
-10.4621, 4.78351, -62.4264
-10.4806, 4.7917, -62.5348
-10.499, 4.7999, -62.6433
-10.5174, 4.80811, -62.7517
-10.5359, 4.81631, -62.8601
-10.5543, 4.82452, -62.9686
-10.5728, 4.83273, -63.077
-10.5912, 4.84095, -63.1855
-10.6097, 4.84916, -63.2939
-10.6281, 4.85738, -63.4023
-10.6466, 4.86561, -63.5108
-10.665, 4.87383, -63.6192
-10.6835, 4.88206, -63.7277
-10.7019, 4.89029, -63.8361
-10.7204, 4.89853, -63.9445
-10.7388, 4.90677, -64.053
-10.7573, 4.91501, -64.1614
-10.7757, 4.92325, -64.2698
-10.7942, 4.9315, -64.3783
-10.8126, 4.93975, -64.4867
-10.8311, 4.948, -64.5951
-10.8495, 4.95625, -64.7036
-10.868, 4.96451, -64.812
-10.8864, 4.97277, -64.9204
-10.9049, 4.98103, -65.0289
-10.9233, 4.9893, -65.1373
-10.9418, 4.99756, -65.2457
-10.9602, 5.00584, -65.3542
-10.9787, 5.01411, -65.4626
-10.9972, 5.02238, -65.571
-11.0156, 5.03066, -65.6795
-11.0341, 5.03894, -65.7879
-11.0525, 5.04723, -65.8963
-11.071, 5.05551, -66.0048
-11.0895, 5.0638, -66.1132
-11.1079, 5.07209, -66.2216
-11.1264, 5.08039, -66.33
-11.1448, 5.08868, -66.4385
-11.1633, 5.09698, -66.5469
-11.1818, 5.10528, -66.6553
-11.2002, 5.11359, -66.7638
-11.2187, 5.12189, -66.8722
-11.2372, 5.1302, -66.9806
-11.2556, 5.13851, -67.089
-11.2741, 5.14683, -67.1975
-11.2926, 5.15514, -67.3059
-11.311, 5.16346, -67.4143
-11.3295, 5.17178, -67.5227
-11.348, 5.1801, -67.6312
-11.3664, 5.18843, -67.7396
-11.3849, 5.19676, -67.848
-11.4034, 5.20509, -67.9564
-11.4218, 5.21342, -68.0649
-11.4403, 5.22175, -68.1733
-11.4588, 5.23009, -68.2817
-11.4772, 5.23843, -68.3901
-11.4957, 5.24677, -68.4986
-11.5142, 5.25511, -68.607
-11.5327, 5.26345, -68.7154
-11.5511, 5.2718, -68.8238
-11.5696, 5.28015, -68.9323
-11.5881, 5.2885, -69.0407
-11.6066, 5.29686, -69.1491
-11.625, 5.30521, -69.2575
-11.6435, 5.31357, -69.366
-11.662, 5.32193, -69.4744
-11.6805, 5.33029, -69.5828
-11.6989, 5.33865, -69.6912
-11.7174, 5.34702, -69.7996
-11.7359, 5.35539, -69.9081
-11.7544, 5.36376, -70.0165
-11.7728, 5.37213, -70.1249
-11.7913, 5.3805, -70.2333
-11.8098, 5.38888, -70.3417
-11.8283, 5.39725, -70.4502
-11.8468, 5.40563, -70.5586
-11.8652, 5.41401, -70.667
-11.8837, 5.42239, -70.7754
-11.9022, 5.43078, -70.8838
-11.9207, 5.43916, -70.9923
-11.9392, 5.44755, -71.1007
-11.9576, 5.45594, -71.2091
-11.9761, 5.46433, -71.3175
-11.9946, 5.47273, -71.4259
-12.0131, 5.48112, -71.5344
-12.0316, 5.48952, -71.6428
-12.0501, 5.49792, -71.7512
-12.0685, 5.50632, -71.8596
-12.087, 5.51472, -71.968
-12.1055, 5.52312, -72.0764
-12.124, 5.53153, -72.1849
-12.1425, 5.53993, -72.2933
-12.161, 5.54834, -72.4017
-12.1795, 5.55675, -72.5101
-12.1979, 5.56516, -72.6185
-12.2164, 5.57358, -72.7269
-12.2349, 5.58199, -72.8354
-12.2534, 5.59041, -72.9438
-12.2719, 5.59882, -73.0522
-12.2904, 5.60724, -73.1606
-12.3089, 5.61566, -73.269
-12.3274, 5.62409, -73.3774
-12.3459, 5.63251, -73.4858
-12.3643, 5.64093, -73.5943
-12.3828, 5.64936, -73.7027
-12.4013, 5.65779, -73.8111
-12.4198, 5.66622, -73.9195
-12.4383, 5.67465, -74.0279
-12.4568, 5.68308, -74.1363
-12.4753, 5.69151, -74.2447
-12.4938, 5.69994, -74.3532
-12.5123, 5.70838, -74.4616
-12.5308, 5.71682, -74.57
-12.5493, 5.72525, -74.6784
-12.5677, 5.73369, -74.7868
-12.5862, 5.74213, -74.8952
-12.6047, 5.75057, -75.0036
-12.6232, 5.75902, -75.1121
-12.6417, 5.76746, -75.2205
-12.6602, 5.77591, -75.3289
-12.6787, 5.78435, -75.4373
-12.6972, 5.7928, -75.5457
-12.7157, 5.80125, -75.6541
-12.7342, 5.8097, -75.7625
-12.7527, 5.81815, -75.8709
-12.7712, 5.8266, -75.9793
-12.7897, 5.83505, -76.0878
-12.8082, 5.8435, -76.1962
-12.8267, 5.85196, -76.3046
-12.8452, 5.86041, -76.413
-12.8637, 5.86887, -76.5214
-12.8822, 5.87733, -76.6298
-12.9007, 5.88579, -76.7382
-12.9192, 5.89425, -76.8466
-12.9377, 5.90271, -76.955
-12.9562, 5.91117, -77.0635
-12.9746, 5.91963, -77.1719
-12.9931, 5.92809, -77.2803
-13.0116, 5.93656, -77.3887
-13.0301, 5.94502, -77.4971
-13.0486, 5.95349, -77.6055
-13.0671, 5.96195, -77.7139
-13.0856, 5.97042, -77.8223
-13.1041, 5.97889, -77.9307
-13.1226, 5.98735, -78.0391
-13.1411, 5.99582, -78.1476
-13.1596, 6.00429, -78.256
-13.1781, 6.01276, -78.3644
-13.1966, 6.02123, -78.4728
-13.2151, 6.02971, -78.5812
-13.2336, 6.03818, -78.6896
-13.2521, 6.04665, -78.798
-13.2706, 6.05513, -78.9064
-13.2891, 6.0636, -79.0148
-13.3076, 6.07207, -79.1232
-13.3261, 6.08055, -79.2317
-13.3446, 6.08903, -79.3401
-13.3631, 6.0975, -79.4485
-13.3816, 6.10598, -79.5569
-13.4001, 6.11446, -79.6653
-13.4186, 6.12294, -79.7737
-13.4371, 6.13141, -79.8821
-13.4556, 6.13989, -79.9905
-13.4741, 6.14837, -80.0989
-13.4926, 6.15685, -80.2073
-13.5111, 6.16533, -80.3157
-13.5296, 6.17381, -80.4241
-13.5481, 6.18229, -80.5326
-13.5666, 6.19077, -80.641
-13.5852, 6.19925, -80.7494
-13.6037, 6.20774, -80.8578
-13.6222, 6.21622, -80.9662
-13.6407, 6.2247, -81.0746
-13.6592, 6.23318, -81.183
-13.6777, 6.24167, -81.2914
-13.6962, 6.25015, -81.3998
-13.7147, 6.25863, -81.5082
-13.7332, 6.26712, -81.6166
-13.7517, 6.2756, -81.725
-13.7702, 6.28408, -81.8335
-13.7887, 6.29257, -81.9419
-13.8072, 6.30105, -82.0503
-13.8257, 6.30954, -82.1587
-13.8442, 6.31802, -82.2671
-13.8627, 6.32651, -82.3755
-13.8812, 6.33499, -82.4839
-13.8997, 6.34347, -82.5923
-13.9182, 6.35196, -82.7007
-13.9367, 6.36044, -82.8091
-13.9552, 6.36893, -82.9175
-13.9737, 6.37741, -83.0259
-13.9922, 6.3859, -83.1344
-14.0107, 6.39438, -83.2428
-14.0292, 6.40287, -83.3512
-14.0477, 6.41135, -83.4596
-14.0662, 6.41983, -83.568
-14.0847, 6.42832, -83.6764
-14.1032, 6.4368, -83.7848
-14.1217, 6.44529, -83.8932
-14.1402, 6.45377, -84.0016
-14.1587, 6.46225, -84.11
-14.1772, 6.47074, -84.2184
-14.1957, 6.47922, -84.3268
-14.2142, 6.4877, -84.4353
-14.2327, 6.49619, -84.5437
-14.2512, 6.50467, -84.6521
-14.2697, 6.51315, -84.7605
-14.2882, 6.52163, -84.8689
-14.3067, 6.53011, -84.9773
-14.3252, 6.53859, -85.0857
-14.3437, 6.54707, -85.1941
-14.3622, 6.55555, -85.3025
-14.3807, 6.56403, -85.4109
-14.3992, 6.57251, -85.5193
-14.4177, 6.58099, -85.6277
-14.4362, 6.58947, -85.7362
-14.4548, 6.59795, -85.8446
-14.4733, 6.60643, -85.953
-14.4918, 6.61491, -86.0614
-14.5103, 6.62338, -86.1698
-14.5288, 6.63186, -86.2782
-14.5473, 6.64034, -86.3866
-14.5658, 6.64881, -86.495
-14.5843, 6.65729, -86.6034
-14.6028, 6.66576, -86.7118
-14.6213, 6.67423, -86.8202
-14.6398, 6.68271, -86.9286
-14.6583, 6.69118, -87.0371
-14.6768, 6.69965, -87.1455
-14.6953, 6.70812, -87.2539
-14.7138, 6.71659, -87.3623
-14.7323, 6.72506, -87.4707
-14.7508, 6.73353, -87.5791
-14.7693, 6.742, -87.6875
-14.7878, 6.75047, -87.7959
-14.8062, 6.75893, -87.9043
-14.8247, 6.7674, -88.0127
-14.8432, 6.77587, -88.1212
-14.8617, 6.78433, -88.2296
-14.8802, 6.79279, -88.338
-14.8987, 6.80126, -88.4464
-14.9172, 6.80972, -88.5548
-14.9357, 6.81818, -88.6632
-14.9542, 6.82664, -88.7716
-14.9727, 6.8351, -88.88
-14.9912, 6.84356, -88.9884
-15.0097, 6.85201, -89.0969
-15.0282, 6.86047, -89.2053
-15.0467, 6.86893, -89.3137
-15.0652, 6.87738, -89.4221
-15.0837, 6.88583, -89.5305
-15.1022, 6.89429, -89.6389
-15.1207, 6.90274, -89.7473
-15.1392, 6.91119, -89.8557
-15.1577, 6.91964, -89.9641
-15.1762, 6.92809, -90.0726
-15.1947, 6.93653, -90.181
-15.2132, 6.94498, -90.2894
-15.2317, 6.95343, -90.3978
-15.2502, 6.96187, -90.5062
-15.2687, 6.97031, -90.6146
-15.2871, 6.97875, -90.723
-15.3056, 6.98719, -90.8314
-15.3241, 6.99563, -90.9399
-15.3426, 7.00407, -91.0483
-15.3611, 7.01251, -91.1567
-15.3796, 7.02094, -91.2651
-15.3981, 7.02938, -91.3735
-15.4166, 7.03781, -91.4819
-15.4351, 7.04624, -91.5903
-15.4536, 7.05467, -91.6988
-15.4721, 7.0631, -91.8072
-15.4906, 7.07153, -91.9156
-15.509, 7.07995, -92.024
-15.5275, 7.08838, -92.1324
-15.546, 7.0968, -92.2408
-15.5645, 7.10522, -92.3492
-15.583, 7.11364, -92.4577
-15.6015, 7.12206, -92.5661
-15.62, 7.13048, -92.6745
-15.6385, 7.1389, -92.7829
-15.657, 7.14731, -92.8913
-15.6754, 7.15572, -92.9997
-15.6939, 7.16413, -93.1082
-15.7124, 7.17254, -93.2166
-15.7309, 7.18095, -93.325
-15.7494, 7.18936, -93.4334
-15.7679, 7.19776, -93.5418
-15.7864, 7.20617, -93.6502
-15.8048, 7.21457, -93.7587
-15.8233, 7.22297, -93.8671
-15.8418, 7.23137, -93.9755
-15.8603, 7.23976, -94.0839
-15.8788, 7.24816, -94.1923
-15.8973, 7.25655, -94.3007
-15.9157, 7.26494, -94.4092
-15.9342, 7.27333, -94.5176
-15.9527, 7.28172, -94.626
-15.9712, 7.29011, -94.7344
-15.9897, 7.29849, -94.8428
-16.0081, 7.30687, -94.9513
-16.0266, 7.31525, -95.0597
-16.0451, 7.32363, -95.1681
-16.0636, 7.33201, -95.2765
-16.0821, 7.34039, -95.3849
-16.1005, 7.34876, -95.4934
-16.119, 7.35713, -95.6018
-16.1375, 7.3655, -95.7102
-16.1631, 7.37709, -95.8604
-16.1887, 7.38868, -96.0105
-16.2143, 7.40027, -96.1606
-16.2399, 7.41186, -96.3108
-16.2655, 7.42345, -96.4609
-16.2911, 7.43504, -96.6111
-16.3167, 7.44663, -96.7612
-16.3423, 7.45822, -96.9113
-16.3679, 7.46981, -97.0615
-16.3935, 7.4814, -97.2116
-16.4191, 7.49298, -97.3617
-16.4447, 7.50457, -97.5119
-16.4703, 7.51616, -97.662
-16.4959, 7.52775, -97.8121
-16.5215, 7.53934, -97.9622
-16.5471, 7.55093, -98.1123
-16.5727, 7.56252, -98.2625
-16.5983, 7.57411, -98.4126
-16.6239, 7.5857, -98.5627
-16.6495, 7.59729, -98.7128
-16.6752, 7.60888, -98.8629
-16.7008, 7.62047, -99.013
-16.7264, 7.63206, -99.1631
-16.752, 7.64365, -99.3132
-16.7776, 7.65524, -99.4633
-16.8033, 7.66683, -99.6134
-16.8289, 7.67842, -99.7635
-16.8545, 7.69001, -99.9136
-16.8801, 7.70161, -100.064
-16.9058, 7.7132, -100.214
-16.9314, 7.72479, -100.364
-16.957, 7.73638, -100.514
-16.9827, 7.74797, -100.664
-17.0083, 7.75956, -100.814
-17.0339, 7.77115, -100.964
-17.0596, 7.78274, -101.114
-17.0852, 7.79433, -101.264
-17.1109, 7.80592, -101.414
-17.1365, 7.81751, -101.564
-17.1621, 7.8291, -101.715
-17.1878, 7.84069, -101.865
-17.2134, 7.85228, -102.015
-17.2391, 7.86387, -102.165
-17.2647, 7.87546, -102.315
-17.2904, 7.88705, -102.465
-17.3161, 7.89864, -102.615
-17.3417, 7.91023, -102.765
-17.3674, 7.92183, -102.915
-17.393, 7.93342, -103.065
-17.4187, 7.94501, -103.215
-17.4444, 7.9566, -103.365
-17.47, 7.96819, -103.515
-17.4957, 7.97978, -103.665
-17.5214, 7.99137, -103.815
-17.547, 8.00296, -103.965
-17.5727, 8.01455, -104.116
-17.5984, 8.02614, -104.266
-17.6241, 8.03774, -104.416
-17.6498, 8.04933, -104.566
-17.6754, 8.06092, -104.716
-17.7011, 8.07251, -104.866
-17.7268, 8.0841, -105.016
-17.7525, 8.09569, -105.166
-17.7782, 8.10728, -105.316
-17.8039, 8.11887, -105.466
-17.8296, 8.13046, -105.616
-17.8553, 8.14206, -105.766
-17.881, 8.15365, -105.916
-17.9067, 8.16524, -106.066
-17.9324, 8.17683, -106.216
-17.9581, 8.18842, -106.366
-17.9838, 8.20001, -106.516
-18.0095, 8.21161, -106.666
-18.0352, 8.2232, -106.816
-18.0609, 8.23479, -106.966
-18.0866, 8.24638, -107.116
-18.1124, 8.25797, -107.266
-18.1381, 8.26956, -107.416
-18.1638, 8.28115, -107.566
-18.1895, 8.29275, -107.716
-18.2153, 8.30434, -107.866
-18.241, 8.31593, -108.016
-18.2667, 8.32752, -108.166
-18.2924, 8.33911, -108.316
-18.3182, 8.35071, -108.466
-18.3439, 8.3623, -108.617
-18.3697, 8.37389, -108.767
-18.3954, 8.38548, -108.917
-18.4212, 8.39707, -109.067
-18.4469, 8.40866, -109.217
-18.4727, 8.42026, -109.367
-18.4984, 8.43185, -109.517
-18.5242, 8.44344, -109.667
-18.5499, 8.45503, -109.817
-18.5757, 8.46663, -109.967
-18.6014, 8.47822, -110.117
-18.6272, 8.48981, -110.267
-18.653, 8.5014, -110.417
-18.6787, 8.51299, -110.567
-18.7045, 8.52459, -110.717
-18.7303, 8.53618, -110.867
-18.7561, 8.54777, -111.017
-18.7819, 8.55936, -111.167
-18.8076, 8.57096, -111.317
-18.8334, 8.58255, -111.467
-18.8592, 8.59414, -111.617
-18.885, 8.60573, -111.767
-18.9108, 8.61732, -111.917
-18.9366, 8.62892, -112.067
-18.9624, 8.64051, -112.217
-18.9882, 8.6521, -112.367
-19.014, 8.66369, -112.517
-19.0398, 8.67529, -112.667
-19.0656, 8.68688, -112.817
-19.0914, 8.69847, -112.967
-19.1173, 8.71006, -113.117
-19.1431, 8.72166, -113.267
-19.1689, 8.73325, -113.417
-19.1947, 8.74484, -113.567
-19.2205, 8.75644, -113.717
-19.2464, 8.76803, -113.867
-19.2722, 8.77962, -114.017
-19.298, 8.79121, -114.167
-19.3239, 8.8028, -114.317
-19.3497, 8.8144, -114.467
-19.3756, 8.82599, -114.617
-19.4014, 8.83758, -114.767
-19.4273, 8.84918, -114.917
-19.4531, 8.86077, -115.067
-19.479, 8.87236, -115.217
-19.5048, 8.88396, -115.367
-19.5307, 8.89555, -115.517
-19.5566, 8.90714, -115.667
-19.5824, 8.91873, -115.817
-19.6083, 8.93033, -115.967
-19.6342, 8.94192, -116.117
-19.66, 8.95351, -116.267
-19.6859, 8.96511, -116.417
-19.7118, 8.9767, -116.567
-19.7377, 8.98829, -116.717
-19.7636, 8.99988, -116.867
-19.7895, 9.01148, -117.017
-19.8154, 9.02307, -117.167
-19.8413, 9.03466, -117.317
-19.8672, 9.04626, -117.467
-19.8931, 9.05785, -117.617
-19.919, 9.06944, -117.767
-19.9449, 9.08104, -117.917
-19.9708, 9.09263, -118.067
-19.9967, 9.10422, -118.217
-20.0227, 9.11582, -118.367
-20.0486, 9.12741, -118.517
-20.0745, 9.139, -118.667
-20.1004, 9.1506, -118.817
-20.1264, 9.16219, -118.967
-20.1523, 9.17378, -119.117
-20.1783, 9.18538, -119.267
-20.2042, 9.19697, -119.417
-20.2302, 9.20856, -119.567
-20.2561, 9.22016, -119.717
-20.2821, 9.23175, -119.867
-20.308, 9.24334, -120.017
-20.334, 9.25494, -120.167
-20.3599, 9.26653, -120.317
-20.3859, 9.27812, -120.467
-20.4119, 9.28972, -120.617
-20.4379, 9.30131, -120.768
-20.4638, 9.3129, -120.918
-20.4898, 9.3245, -121.068
-20.5158, 9.33609, -121.218
-20.5418, 9.34769, -121.368
-20.5678, 9.35928, -121.518
-20.5938, 9.37087, -121.668
-20.6198, 9.38247, -121.818
-20.6458, 9.39406, -121.968
-20.6718, 9.40565, -122.118
-20.6978, 9.41725, -122.268
-20.7238, 9.42884, -122.418
-20.7499, 9.44044, -122.568
-20.7759, 9.45203, -122.718
-20.8019, 9.46362, -122.868
-20.8279, 9.47522, -123.018
-20.854, 9.48681, -123.168
-20.88, 9.49841, -123.318
-20.906, 9.51, -123.468
-20.9321, 9.52159, -123.618
-20.9581, 9.53319, -123.768
-20.9842, 9.54478, -123.918
-21.0102, 9.55637, -124.068
-21.0363, 9.56797, -124.218
-21.0624, 9.57956, -124.368
-21.0884, 9.59116, -124.519
-21.1145, 9.60275, -124.669
-21.1406, 9.61434, -124.819
-21.1667, 9.62594, -124.969
-21.1927, 9.63753, -125.119
-21.2188, 9.64913, -125.269
-21.2449, 9.66072, -125.419
-21.271, 9.67232, -125.569
-21.2971, 9.68391, -125.719
-21.3232, 9.6955, -125.869
-21.3493, 9.7071, -126.019
-21.3754, 9.71869, -126.169
-21.4016, 9.73029, -126.319
-21.4277, 9.74188, -126.469
-21.4538, 9.75347, -126.619
-21.4799, 9.76507, -126.77
-21.5061, 9.77666, -126.92
-21.5322, 9.78826, -127.07
-21.5583, 9.79985, -127.22
-21.5845, 9.81145, -127.37
-21.6106, 9.82304, -127.52
-21.6368, 9.83463, -127.67
-21.6629, 9.84623, -127.82
-21.6891, 9.85782, -127.97
-21.7153, 9.86942, -128.12
-21.7414, 9.88101, -128.27
-21.7676, 9.8926, -128.42
-21.7938, 9.9042, -128.571
-21.82, 9.91579, -128.721
-21.8461, 9.92739, -128.871
-21.8723, 9.93898, -129.021
-21.8985, 9.95058, -129.171
-21.9247, 9.96217, -129.321
-21.9509, 9.97377, -129.471
-21.9771, 9.98536, -129.621
-22.0033, 9.99695, -129.771
-22.0296, 10.0085, -129.922
-22.0558, 10.0201, -130.072
-22.082, 10.0317, -130.222
-22.1082, 10.0433, -130.372
-22.1345, 10.0549, -130.522
-22.1607, 10.0665, -130.672
-22.1869, 10.0781, -130.822
-22.2132, 10.0897, -130.972
-22.2394, 10.1013, -131.123
-22.2657, 10.1129, -131.273
-22.292, 10.1245, -131.423
-22.3182, 10.1361, -131.573
-22.3445, 10.1477, -131.723
-22.3708, 10.1593, -131.873
-22.397, 10.1709, -132.023
-22.4233, 10.1825, -132.174
-22.4496, 10.1941, -132.324
-22.4759, 10.2057, -132.474
-22.5022, 10.2173, -132.624
-22.5285, 10.2288, -132.774
-22.5548, 10.2404, -132.924
-22.5811, 10.252, -133.075
-22.6074, 10.2636, -133.225
-22.6337, 10.2752, -133.375
-22.6601, 10.2868, -133.525
-22.6864, 10.2984, -133.675
-22.7127, 10.31, -133.825
-22.7391, 10.3216, -133.976
-22.7654, 10.3332, -134.126
-22.7918, 10.3448, -134.276
-22.8181, 10.3564, -134.426
-22.8445, 10.368, -134.576
-22.8708, 10.3796, -134.726
-22.8972, 10.3912, -134.877
-22.9236, 10.4028, -135.027
-22.95, 10.4144, -135.177
-22.9763, 10.426, -135.327
-23.0027, 10.4376, -135.478
-23.0291, 10.4491, -135.628
-23.0555, 10.4607, -135.778
-23.0819, 10.4723, -135.928
-23.1083, 10.4839, -136.078
-23.1347, 10.4955, -136.229
-23.1611, 10.5071, -136.379
-23.1876, 10.5187, -136.529
-23.214, 10.5303, -136.679
-23.2404, 10.5419, -136.829
-23.2669, 10.5535, -136.98
-23.2933, 10.5651, -137.13
-23.3197, 10.5767, -137.28
-23.3462, 10.5883, -137.43
-23.3727, 10.5999, -137.581
-23.3991, 10.6115, -137.731
-23.4256, 10.6231, -137.881
-23.452, 10.6347, -138.031
-23.4785, 10.6463, -138.182
-23.505, 10.6579, -138.332
-23.5315, 10.6694, -138.482
-23.558, 10.681, -138.633
-23.5845, 10.6926, -138.783
-23.611, 10.7042, -138.933
-23.6375, 10.7158, -139.083
-23.664, 10.7274, -139.234
-23.6905, 10.739, -139.384
-23.717, 10.7506, -139.534
-23.7436, 10.7622, -139.684
-23.7701, 10.7738, -139.835
-23.7967, 10.7854, -139.985
-23.8232, 10.797, -140.135
-23.8497, 10.8086, -140.286
-23.8763, 10.8202, -140.436
-23.9029, 10.8318, -140.586
-23.9294, 10.8434, -140.737
-23.956, 10.855, -140.887
-23.9826, 10.8666, -141.037
-24.0092, 10.8782, -141.188
-24.0357, 10.8898, -141.338
-24.0623, 10.9014, -141.488
-24.0889, 10.9129, -141.639
-24.1155, 10.9245, -141.789
-24.1422, 10.9361, -141.939
-24.1688, 10.9477, -142.09
-24.1954, 10.9593, -142.24
-24.222, 10.9709, -142.39
-24.2486, 10.9825, -142.541
-24.2753, 10.9941, -142.691
-24.3019, 11.0057, -142.841
-24.3286, 11.0173, -142.992
-24.3552, 11.0289, -143.142
-24.3819, 11.0405, -143.293
-24.4086, 11.0521, -143.443
-24.4352, 11.0637, -143.593
-24.4619, 11.0753, -143.744
-24.4886, 11.0869, -143.894
-24.5153, 11.0985, -144.044
-24.542, 11.1101, -144.195
-24.5687, 11.1217, -144.345
-24.5954, 11.1333, -144.496
-24.6221, 11.1448, -144.646
-24.6488, 11.1564, -144.797
-24.6755, 11.168, -144.947
-24.7022, 11.1796, -145.097
-24.729, 11.1912, -145.248
-24.7557, 11.2028, -145.398
-24.7825, 11.2144, -145.549
-24.8092, 11.226, -145.699
-24.836, 11.2376, -145.85
-24.8627, 11.2492, -146.0
-24.8895, 11.2608, -146.15
-24.9163, 11.2724, -146.301
-24.9431, 11.284, -146.451
-24.9699, 11.2956, -146.602
-24.9966, 11.3072, -146.752
-25.0234, 11.3188, -146.903
-25.0502, 11.3304, -147.053
-25.0771, 11.342, -147.204
-25.1039, 11.3536, -147.354
-25.1307, 11.3652, -147.505
-25.1575, 11.3768, -147.655
-25.1844, 11.3883, -147.806
-25.2112, 11.3999, -147.956
-25.238, 11.4115, -148.107
-25.2649, 11.4231, -148.257
-25.2918, 11.4347, -148.408
-25.3186, 11.4463, -148.558
-25.3455, 11.4579, -148.709
-25.3724, 11.4695, -148.859
-25.3993, 11.4811, -149.01
-25.4261, 11.4927, -149.16
-25.453, 11.5043, -149.311
-25.4791, 11.5155, -149.457
-25.5051, 11.5267, -149.603
-25.5312, 11.5379, -149.748
-25.5572, 11.5491, -149.894
-25.5833, 11.5602, -150.04
-25.6093, 11.5714, -150.185
-25.6354, 11.5825, -150.331
-25.6615, 11.5936, -150.477
-25.6875, 11.6046, -150.622
-25.7136, 11.6157, -150.768
-25.7396, 11.6268, -150.914
-25.7657, 11.6378, -151.059
-25.7917, 11.6488, -151.205
-25.8178, 11.6598, -151.35
-25.8438, 11.6708, -151.496
-25.8699, 11.6817, -151.641
-25.8959, 11.6927, -151.786
-25.9219, 11.7036, -151.932
-25.948, 11.7145, -152.077
-25.974, 11.7254, -152.222
-26.0, 11.7362, -152.368
-26.026, 11.7471, -152.513
-26.0521, 11.7579, -152.658
-26.0781, 11.7687, -152.803
-26.1041, 11.7795, -152.948
-26.1301, 11.7903, -153.093
-26.1561, 11.801, -153.238
-26.1821, 11.8118, -153.383
-26.208, 11.8225, -153.527
-26.234, 11.8332, -153.672
-26.26, 11.8439, -153.817
-26.2859, 11.8545, -153.961
-26.3119, 11.8652, -154.106
-26.3378, 11.8758, -154.25
-26.3637, 11.8864, -154.395
-26.3896, 11.897, -154.539
-26.4155, 11.9075, -154.683
-26.4414, 11.9181, -154.827
-26.4673, 11.9286, -154.971
-26.4932, 11.9391, -155.115
-26.5191, 11.9496, -155.259
-26.5449, 11.9601, -155.403
-26.5707, 11.9705, -155.547
-26.5966, 11.9809, -155.69
-26.6224, 11.9914, -155.834
-26.6482, 12.0017, -155.977
-26.674, 12.0121, -156.121
-26.6997, 12.0225, -156.264
-26.7255, 12.0328, -156.407
-26.7512, 12.0431, -156.55
-26.777, 12.0534, -156.693
-26.8027, 12.0636, -156.836
-26.8284, 12.0739, -156.979
-26.854, 12.0841, -157.121
-26.8797, 12.0943, -157.264
-26.9053, 12.1045, -157.406
-26.931, 12.1147, -157.548
-26.9566, 12.1248, -157.691
-26.9822, 12.1349, -157.833
-27.0077, 12.145, -157.975
-27.0333, 12.1551, -158.116
-27.0588, 12.1652, -158.258
-27.0843, 12.1752, -158.4
-27.1098, 12.1852, -158.541
-27.1353, 12.1952, -158.682
-27.1608, 12.2052, -158.823
-27.1862, 12.2151, -158.965
-27.2116, 12.2251, -159.105
-27.237, 12.235, -159.246
-27.2624, 12.2449, -159.387
-27.2877, 12.2547, -159.527
-27.313, 12.2646, -159.668
-27.3383, 12.2744, -159.808
-27.3636, 12.2842, -159.948
-27.3889, 12.294, -160.088
-27.4141, 12.3037, -160.227
-27.4393, 12.3134, -160.367
-27.4645, 12.3232, -160.506
-27.4896, 12.3328, -160.646
-27.5148, 12.3425, -160.785
-27.5399, 12.3522, -160.924
-27.5649, 12.3618, -161.062
-27.59, 12.3714, -161.201
-27.615, 12.381, -161.34
-27.64, 12.3905, -161.478
-27.665, 12.4, -161.616
-27.6899, 12.4096, -161.754
-27.7148, 12.419, -161.892
-27.7397, 12.4285, -162.029
-27.7645, 12.4379, -162.167
-27.7894, 12.4474, -162.304
-27.8142, 12.4568, -162.441
-27.8389, 12.4661, -162.578
-27.8637, 12.4755, -162.714
-27.8884, 12.4848, -162.851
-27.913, 12.4941, -162.987
-27.9377, 12.5034, -163.123
-27.9623, 12.5126, -163.259
-27.9868, 12.5219, -163.395
-28.0114, 12.5311, -163.53
-28.0359, 12.5402, -163.666
-28.0603, 12.5494, -163.801
-28.0848, 12.5585, -163.936
-28.1092, 12.5677, -164.071
-28.1336, 12.5767, -164.205
-28.1579, 12.5858, -164.339
-28.1822, 12.5948, -164.473
-28.2065, 12.6039, -164.607
-28.2307, 12.6128, -164.741
-28.2549, 12.6218, -164.874
-28.279, 12.6308, -165.008
-28.3031, 12.6397, -165.141
-28.3272, 12.6486, -165.273
-28.3513, 12.6574, -165.406
-28.3753, 12.6663, -165.538
-28.3992, 12.6751, -165.67
-28.4231, 12.6839, -165.802
-28.447, 12.6927, -165.934
-28.4709, 12.7014, -166.065
-28.4947, 12.7101, -166.196
-28.5184, 12.7188, -166.327
-28.5422, 12.7275, -166.458
-28.5658, 12.7361, -166.588
-28.5895, 12.7447, -166.719
-28.6131, 12.7533, -166.849
-28.6366, 12.7619, -166.978
-28.6602, 12.7704, -167.108
-28.6836, 12.779, -167.237
-28.7071, 12.7874, -167.366
-28.7304, 12.7959, -167.495
-28.7538, 12.8043, -167.623
-28.7771, 12.8128, -167.751
-28.8003, 12.8211, -167.879
-28.8235, 12.8295, -168.007
-28.8467, 12.8378, -168.134
-28.8698, 12.8462, -168.261
-28.8929, 12.8544, -168.388
-28.9159, 12.8627, -168.515
-28.9389, 12.8709, -168.641
-28.9618, 12.8791, -168.767
-28.9847, 12.8873, -168.893
-29.0075, 12.8955, -169.018
-29.0303, 12.9036, -169.143
-29.053, 12.9117, -169.268
-29.0757, 12.9197, -169.393
-29.0984, 12.9278, -169.517
-29.1209, 12.9358, -169.641
-29.1435, 12.9438, -169.765
-29.166, 12.9518, -169.889
-29.1884, 12.9597, -170.012
-29.2108, 12.9676, -170.135
-29.2331, 12.9755, -170.257
-29.2554, 12.9833, -170.38
-29.2776, 12.9912, -170.502
-29.2998, 12.999, -170.623
-29.3219, 13.0067, -170.745
-29.344, 13.0145, -170.866
-29.366, 13.0222, -170.986
-29.388, 13.0299, -171.107
-29.4099, 13.0376, -171.227
-29.4317, 13.0452, -171.347
-29.4535, 13.0528, -171.466
-29.4753, 13.0604, -171.586
-29.4969, 13.0679, -171.704
-29.5186, 13.0754, -171.823
-29.5401, 13.0829, -171.941
-29.5617, 13.0904, -172.059
-29.5831, 13.0978, -172.177
-29.6045, 13.1052, -172.294
-29.6259, 13.1126, -172.411
-29.6471, 13.12, -172.527
-29.6684, 13.1273, -172.644
-29.6895, 13.1346, -172.759
-29.7106, 13.1419, -172.875
-29.7317, 13.1491, -172.99
-29.7527, 13.1563, -173.105
-29.7736, 13.1635, -173.22
-29.7945, 13.1706, -173.334
-29.8153, 13.1777, -173.448
-29.836, 13.1848, -173.561
-29.8567, 13.1919, -173.674
-29.8773, 13.1989, -173.787
-29.8978, 13.2059, -173.899
-29.9183, 13.2129, -174.011
-29.9388, 13.2199, -174.123
-29.9591, 13.2268, -174.234
-29.9794, 13.2337, -174.345
-29.9997, 13.2405, -174.456
-30.0198, 13.2473, -174.566
-30.0399, 13.2541, -174.676
-30.06, 13.2609, -174.786
-30.0799, 13.2676, -174.895
-30.0998, 13.2743, -175.003
-30.1197, 13.281, -175.112
-30.1395, 13.2877, -175.22
-30.1592, 13.2943, -175.327
-30.1788, 13.3009, -175.434
-30.1984, 13.3074, -175.541
-30.2179, 13.314, -175.648
-30.2373, 13.3204, -175.754
-30.2566, 13.3269, -175.859
-30.2759, 13.3333, -175.965
-30.2952, 13.3397, -176.07
-30.3143, 13.3461, -176.174
-30.3334, 13.3525, -176.278
-30.3524, 13.3588, -176.382
-30.3713, 13.3651, -176.485
-30.3902, 13.3713, -176.588
-30.409, 13.3775, -176.69
-30.4277, 13.3837, -176.792
-30.4464, 13.3899, -176.894
-30.465, 13.396, -176.995
-30.4835, 13.4021, -177.096
-30.5019, 13.4081, -177.196
-30.5202, 13.4142, -177.296
-30.5385, 13.4202, -177.396
-30.5567, 13.4261, -177.495
-30.5748, 13.4321, -177.594
-30.5929, 13.438, -177.692
-30.6109, 13.4438, -177.79
-30.6288, 13.4497, -177.887
-30.6466, 13.4555, -177.984
-30.6643, 13.4612, -178.081
-30.682, 13.467, -178.177
-30.6996, 13.4727, -178.272
-30.7171, 13.4784, -178.368
-30.7345, 13.484, -178.462
-30.7519, 13.4896, -178.557
-30.7692, 13.4952, -178.651
-30.7864, 13.5008, -178.744
-30.8035, 13.5063, -178.837
-30.8205, 13.5118, -178.93
-30.8375, 13.5172, -179.022
-30.8543, 13.5226, -179.113
-30.8711, 13.528, -179.204
-30.8878, 13.5334, -179.295
-30.9045, 13.5387, -179.385
-30.921, 13.544, -179.475
-30.9375, 13.5492, -179.565
-30.9539, 13.5544, -179.653
-30.9702, 13.5596, -179.742
-30.9864, 13.5648, -179.83
-31.0025, 13.5699, -179.917
-31.0185, 13.575, -180.004
-31.0345, 13.58, -180.091
-31.0504, 13.585, -180.177
-31.0661, 13.59, -180.262
-31.0818, 13.595, -180.347
-31.0975, 13.5999, -180.432
-31.113, 13.6048, -180.516
-31.1284, 13.6096, -180.599
-31.1438, 13.6144, -180.683
-31.159, 13.6192, -180.765
-31.1742, 13.624, -180.847
-31.1893, 13.6287, -180.929
-31.2043, 13.6334, -181.01
-31.2192, 13.638, -181.091
-31.234, 13.6426, -181.171
-31.2487, 13.6472, -181.25
-31.2634, 13.6517, -181.33
-31.2779, 13.6562, -181.408
-31.2924, 13.6607, -181.486
-31.3067, 13.6651, -181.564
-31.321, 13.6695, -181.641
-31.3352, 13.6739, -181.717
-31.3493, 13.6782, -181.793
-31.3633, 13.6825, -181.869
-31.3772, 13.6868, -181.944
-31.391, 13.691, -182.018
-31.4047, 13.6952, -182.092
-31.4183, 13.6994, -182.166
-31.4318, 13.7035, -182.239
-31.4452, 13.7076, -182.311
-31.4586, 13.7116, -182.383
-31.4718, 13.7156, -182.454
-31.4849, 13.7196, -182.525
-31.498, 13.7235, -182.595
-31.5109, 13.7274, -182.665
-31.5238, 13.7313, -182.734
-31.5365, 13.7351, -182.803
-31.5492, 13.7389, -182.871
-31.5617, 13.7427, -182.938
-31.5742, 13.7464, -183.005
-31.5865, 13.7501, -183.072
-31.5988, 13.7538, -183.138
-31.611, 13.7574, -183.203
-31.623, 13.761, -183.268
-31.635, 13.7645, -183.332
-31.6468, 13.768, -183.395
-31.6586, 13.7715, -183.458
-31.6702, 13.7749, -183.521
-31.6818, 13.7783, -183.583
-31.6932, 13.7817, -183.644
-31.7046, 13.785, -183.705
-31.7158, 13.7883, -183.765
-31.7269, 13.7915, -183.825
-31.738, 13.7947, -183.884
-31.7489, 13.7979, -183.942
-31.7597, 13.8011, -184.0
-31.7704, 13.8042, -184.058
-31.781, 13.8072, -184.114
-31.7916, 13.8102, -184.171
-31.802, 13.8132, -184.226
-31.8123, 13.8162, -184.281
-31.8224, 13.8191, -184.335
-31.8325, 13.822, -184.389
-31.8425, 13.8248, -184.442
-31.8524, 13.8276, -184.495
-31.8621, 13.8304, -184.547
-31.8718, 13.8331, -184.598
-31.8813, 13.8358, -184.649
-31.8907, 13.8384, -184.699
-31.9001, 13.841, -184.749
-31.9093, 13.8436, -184.798
-31.9184, 13.8461, -184.846
-31.9274, 13.8486, -184.894
-31.9362, 13.8511, -184.941
-31.945, 13.8535, -184.988
-31.9537, 13.8559, -185.034
-31.9622, 13.8582, -185.079
-31.9706, 13.8605, -185.124
-31.979, 13.8628, -185.168
-31.9872, 13.865, -185.211
-31.9953, 13.8672, -185.254
-32.0032, 13.8693, -185.296
-32.0111, 13.8714, -185.337
-32.0189, 13.8735, -185.378
-32.0265, 13.8755, -185.419
-32.034, 13.8775, -185.458
-32.0414, 13.8794, -185.497
-32.0487, 13.8813, -185.535
-32.0559, 13.8832, -185.573
-32.0629, 13.885, -185.61
-32.0699, 13.8868, -185.646
-32.0767, 13.8886, -185.682
-32.0834, 13.8903, -185.717
-32.09, 13.892, -185.752
-32.0964, 13.8936, -185.785
-32.1028, 13.8952, -185.819
-32.109, 13.8967, -185.851
-32.1151, 13.8982, -185.883
-32.1211, 13.8997, -185.914
-32.1269, 13.9011, -185.944
-32.1327, 13.9025, -185.974
-32.1383, 13.9039, -186.003
-32.1438, 13.9052, -186.032
-32.1492, 13.9065, -186.06
-32.1544, 13.9077, -186.087
-32.1596, 13.9089, -186.113
-32.1646, 13.91, -186.139
-32.1695, 13.9111, -186.164
-32.1742, 13.9122, -186.188
-32.1789, 13.9132, -186.212
-32.1834, 13.9142, -186.235
-32.1878, 13.9151, -186.257
-32.1921, 13.916, -186.279
-32.1962, 13.9169, -186.3
