3.1005,24.9991,-117.3668,0.006556
2.0946,24.9991,-117.0007,0.007127
0.9621,24.9984,-116.5877,0.007763
-0.1716,24.9947,-116.1737,0.008406
-1.3057,24.9907,-115.7583,0.009047
-2.4397,24.9863,-115.3412,0.009689
-3.5751,24.9847,-114.9216,0.010333
-4.7114,24.9855,-114.4997,0.010976
-5.8484,24.9871,-114.0759,0.011621
-6.9859,24.9881,-113.6505,0.012263
-8.1239,24.9885,-113.2239,0.012912
-9.2629,24.9885,-112.7961,0.013557
-10.4030,24.9885,-112.3673,0.014204
-11.5440,24.9886,-111.9377,0.014945
-12.6850,24.9887,-111.5076,0.015082
-13.8250,24.9889,-111.0774,0.016167
-14.9639,24.9889,-110.6472,0.017442
-17.3651,24.9890,-109.7395,0.018146
-18.5015,24.9890,-109.3100,0.018805
-19.6388,24.9890,-108.8801,0.019453
-20.7781,24.9890,-108.4495,0.020099
-21.9194,24.9889,-108.0181,0.020748
-23.1900,24.9889,-107.5377,0.021470
-24.3358,24.9888,-107.1049,0.022119
-25.4840,24.9889,-106.6718,0.022773
-26.6345,24.9889,-106.2388,0.023428
-27.9158,24.9889,-105.7580,0.024154
-29.0716,24.9889,-105.3258,0.024809
-30.3590,24.9889,-104.8465,0.025539
-31.5204,24.9888,-104.4163,0.026198
-32.6845,24.9888,-103.9871,0.026859
-33.8515,24.9888,-103.5593,0.027521
-35.0211,24.9888,-103.1327,0.028183
-36.3240,24.9888,-102.6604,0.028919
-37.4995,24.9888,-102.2367,0.029582
-38.6778,24.9888,-101.8144,0.030249
-39.8587,24.9888,-101.3934,0.030919
-40.9107,24.9888,-101.0203,0.031510
-42.0966,24.9888,-100.6017,0.032181
-43.2851,24.9888,-100.1842,0.032851
-44.4761,24.9887,-99.7678,0.033524
-45.6696,24.9887,-99.3523,0.034195
-46.8655,24.9887,-98.9377,0.034871
-48.0636,24.9887,-98.5236,0.035543
-49.2640,24.9887,-98.1099,0.036215
-50.3328,24.9886,-97.7424,0.036815
-51.5371,24.9886,-97.3289,0.037492
-52.7434,24.9886,-96.9151,0.038171
-53.9515,24.9886,-96.5008,0.038850
-55.1614,24.9886,-96.0860,0.039530
-56.3731,24.9886,-95.6707,0.040210
-57.5866,24.9885,-95.2551,0.040891
-58.8019,24.9885,-94.8390,0.041575
-60.1544,24.9885,-94.3764,0.042330
-61.2380,24.9885,-94.0059,0.042938
-62.5943,24.9885,-93.5423,0.043700
-63.8168,24.9885,-93.1246,0.044385
-64.9050,24.9885,-92.7531,0.044998
-66.1308,24.9885,-92.3350,0.045685
-67.3585,24.9884,-91.9168,0.046373
-68.5878,24.9884,-91.4984,0.047063
-69.8189,24.9884,-91.0799,0.047753
-71.0516,24.9884,-90.6611,0.048445
-72.2859,24.9884,-90.2419,0.049134
-73.5219,24.9884,-89.8222,0.049829
-74.7594,24.9884,-89.4022,0.050525
-75.9985,24.9884,-88.9818,0.051220
-77.2391,24.9883,-88.5611,0.051917
-78.4812,24.9883,-88.1398,0.052613
-79.7247,24.9883,-87.7178,0.053310
-80.8312,24.9883,-87.3419,0.053930
-82.0772,24.9883,-86.9182,0.054628
-83.3244,24.9883,-86.4934,0.055329
-84.5728,24.9883,-86.0674,0.056028
-85.8222,24.9889,-85.6399,0.056728
-87.0727,24.9897,-85.2109,0.057430
-88.3243,24.9905,-84.7802,0.058130
-89.5768,24.9909,-84.3479,0.058836
-90.6907,24.9909,-83.9623,0.059459
-91.9447,24.9906,-83.5268,0.060163
-93.1997,24.9905,-83.0894,0.060867
-94.4554,24.9905,-82.6501,0.061571
-95.7118,24.9906,-82.2088,0.062274
-96.9689,24.9906,-81.7655,0.062979
-98.0869,24.9906,-81.3695,0.063606
-99.3450,24.9906,-80.9219,0.064311
-100.6037,24.9906,-80.4717,0.065016
-101.8626,24.9906,-80.0187,0.065721
-103.1217,24.9906,-79.5625,0.066428
-104.2409,24.9906,-79.1541,0.067056
-105.4998,24.9906,-78.6909,0.067764
-106.7582,24.9906,-78.2234,0.068468
-108.0160,24.9906,-77.7510,0.069176
-109.2730,24.9906,-77.2733,0.069881
-110.5288,24.9906,-76.7900,0.070592
-111.7834,24.9906,-76.3006,0.071301
-113.0364,24.9906,-75.8049,0.072008
-114.2878,24.9906,-75.3026,0.072719
-115.3987,24.9905,-74.8504,0.073347
-116.6466,24.9902,-74.3351,0.074058
-117.8928,24.9889,-73.8132,0.074770
-119.1367,24.9873,-73.2840,0.075475
-120.3778,24.9856,-72.7471,0.076192
-121.6161,24.9843,-72.2017,0.076899
-122.8512,24.9839,-71.6472,0.077613
-124.0828,24.9845,-71.0834,0.078324
-125.3102,24.9862,-70.5098,0.079036
-126.5329,24.9895,-69.9256,0.079743
-127.7506,24.9947,-69.3305,0.080456
-128.9630,25.0022,-68.7239,0.081171
-130.1698,25.0116,-68.1060,0.081886
-131.3714,25.0218,-67.4774,0.082598
-132.5676,25.0317,-66.8392,0.083310
-133.7582,25.0404,-66.1919,0.084026
-134.9426,25.0477,-65.5357,0.084737
-136.1199,25.0543,-64.8704,0.085452
-137.2896,25.0606,-64.1958,0.086164
-138.4513,25.0667,-63.5118,0.086868
-139.6049,25.0725,-62.8186,0.087576
-140.7502,25.0782,-62.1163,0.088283
-141.8870,25.0838,-61.4048,0.088986
-143.0155,25.0889,-60.6845,0.089689
-144.1359,25.0932,-59.9557,0.090390
-145.2484,25.0964,-59.2188,0.091088
-146.3526,25.0986,-58.4734,0.091788
-147.4481,25.1005,-57.7192,0.092482
-148.5345,25.1027,-56.9559,0.093175
-149.4922,25.1054,-56.2691,0.093789
-150.5604,25.1100,-55.4872,0.094480
-151.6196,25.1152,-54.6959,0.095174
-152.6695,25.1212,-53.8952,0.095863
-153.7102,25.1278,-53.0853,0.096553
-154.7414,25.1354,-52.2658,0.097235
-155.6506,25.1429,-51.5297,0.097852
-156.6657,25.1508,-50.6938,0.098533
-157.6725,25.1581,-49.8499,0.099219
-158.6711,25.1644,-48.9980,0.099903
-159.6617,25.1699,-48.1386,0.100591
-160.6447,25.1742,-47.2716,0.101270
-161.6203,25.1767,-46.3978,0.101956
-162.5874,25.1782,-45.5162,0.102634
-163.5462,25.1786,-44.6271,0.103318
-164.4958,25.1792,-43.7297,0.104002
-165.4370,25.1789,-42.8248,0.104683
-166.3698,25.1777,-41.9125,0.105362
-167.1919,25.1755,-41.0955,0.105968
-168.1086,25.1717,-40.1696,0.106648
-169.0158,25.1677,-39.2358,0.107331
-169.9130,25.1638,-38.2937,0.108014
-170.8003,25.1603,-37.3432,0.108691
-171.6786,25.1566,-36.3849,0.109375
-172.5482,25.1517,-35.4191,0.110051
-173.3143,25.1459,-34.5548,0.110662
-174.1680,25.1380,-33.5757,0.111344
-175.0124,25.1292,-32.5889,0.112026
-175.8471,25.1203,-31.5940,0.112708
-176.5807,25.1127,-30.7026,0.113310
-177.3966,25.1046,-29.6919,0.113995
-178.2026,25.0971,-28.6729,0.114678
-178.9107,25.0909,-27.7605,0.115281
-179.6980,25.0847,-26.7263,0.115969
-180.4757,25.0794,-25.6844,0.116653
-181.1592,25.0753,-24.7520,0.117261
-181.9195,25.0713,-23.6961,0.117947
-182.6712,25.0675,-22.6334,0.118632
-183.4142,25.0642,-21.5641,0.119319
-184.0675,25.0615,-20.6082,0.119929
-184.7945,25.0590,-19.5270,0.120619
-185.5129,25.0572,-18.4397,0.121306
-186.1443,25.0558,-17.4686,0.121921
-186.8463,25.0547,-16.3711,0.122611
-187.5394,25.0536,-15.2690,0.123300
-188.1475,25.0527,-14.2859,0.123911
-188.8225,25.0516,-13.1763,0.124600
-189.4883,25.0498,-12.0637,0.125288
-190.1449,25.0468,-10.9486,0.125973
-190.7212,25.0424,-9.9558,0.126583
-191.3596,25.0370,-8.8379,0.127266
-191.9848,25.0335,-7.7207,0.127946
-192.5940,25.0354,-6.6054,0.128623
-193.1202,25.0448,-5.6159,0.129220
-193.6953,25.0648,-4.5049,0.129885
-194.2539,25.0921,-3.3966,0.130547
-194.7384,25.1211,-2.4144,0.131129
-195.2722,25.1556,-1.3134,0.131782
-195.7958,25.1898,-0.2170,0.132428
-196.3107,25.2220,0.8746,0.133064
-196.7629,25.2466,1.8409,0.133635
-197.2644,25.2707,2.9223,0.134269
-197.7578,25.2914,3.9976,0.134897
-198.2421,25.3100,5.0668,0.135523
-198.6648,25.3248,6.0123,0.136075
-199.1303,25.3409,7.0702,0.136699
-199.5848,25.3571,8.1224,0.137314
-199.9785,25.3728,9.0529,0.137859
-200.4094,25.3926,10.0946,0.138461
-200.8268,25.4153,11.1308,0.139061
-201.1866,25.4380,12.0477,0.139594
-201.5794,25.4656,13.0744,0.140187
-201.9601,25.4946,14.0961,0.140771
-202.3295,25.5242,15.1125,0.141359
-202.6487,25.5507,16.0113,0.141871
-202.9981,25.5799,17.0172,0.142447
-203.3363,25.6093,18.0169,0.143023
-203.6281,25.6352,18.9009,0.143526
-203.9466,25.6637,19.8896,0.144090
-204.2542,25.6925,20.8722,0.144652
-204.5197,25.7166,21.7410,0.145146
-204.8079,25.7440,22.7121,0.145695
-205.0863,25.7705,23.6778,0.146241
-205.3248,25.7936,24.5312,0.146728
-205.5826,25.8200,25.4866,0.147272
-205.8299,25.8457,26.4383,0.147811
-206.0397,25.8691,27.2810,0.148292
-206.2653,25.8956,28.2265,0.148820
-206.4794,25.9222,29.1700,0.149348
-206.6815,25.9497,30.1118,0.149870
-206.8514,25.9746,30.9476,0.150334
-207.0317,26.0031,31.8862,0.150849
-207.2004,26.0326,32.8231,0.151364
-207.3413,26.0594,33.6545,0.151819
-207.4902,26.0901,34.5882,0.152329
-207.6293,26.1215,35.5199,0.152838
-207.7457,26.1498,36.3463,0.153287
-207.8693,26.1817,37.2739,0.153793
-207.9857,26.2141,38.1990,0.154295
-208.0838,26.2431,39.0188,0.154748
-208.1890,26.2755,39.9376,0.155247
-208.2889,26.3083,40.8515,0.155745
-208.3737,26.3375,41.6589,0.156193
-208.4649,26.3704,42.5611,0.156689
-208.5515,26.4031,43.4562,0.157183
-208.6337,26.4356,44.3441,0.157677
-208.7111,26.4677,45.2245,0.158165
-208.7835,26.4991,46.0976,0.158651
-208.8504,26.5299,46.9634,0.159132
-208.9112,26.5602,47.8217,0.159615
-208.9656,26.5897,48.6725,0.160087
-209.0128,26.6189,49.5155,0.160550
-209.0523,26.6477,50.3508,0.161015
-209.0841,26.6759,51.1780,0.161470
-209.1094,26.7068,52.0873,0.161971
-209.1234,26.7340,52.8971,0.162408
-209.1288,26.7602,53.6989,0.162846
-209.1251,26.7859,54.4922,0.163273
-209.1127,26.8107,55.2777,0.163697
-209.0919,26.8343,56.0552,0.164123
-209.0620,26.8570,56.8242,0.164537
-209.0184,26.8814,57.6691,0.164992
-208.9703,26.9021,58.4211,0.165399
-208.9134,26.9218,59.1647,0.165805
-208.8478,26.9408,59.9001,0.166205
-208.7733,26.9592,60.6272,0.166602
-208.6807,26.9786,61.4253,0.167036
-208.5882,26.9952,62.1354,0.167419
-208.4868,27.0114,62.8372,0.167805
-208.3645,27.0289,63.6069,0.168224
-208.2461,27.0437,64.2908,0.168598
-208.1055,27.0595,65.0404,0.169010
-207.9714,27.0731,65.7054,0.169375
-207.8144,27.0875,66.4330,0.169773
-207.6489,27.1012,67.1491,0.170165
-207.4932,27.1124,67.7845,0.170515
-207.3132,27.1235,68.4797,0.170897
-207.1446,27.1329,69.0951,0.171236
-206.9499,27.1426,69.7684,0.171604
-206.7689,27.1495,70.3655,0.171932
-206.5611,27.1559,71.0183,0.172292
-206.3457,27.1620,71.6592,0.172645
-206.1457,27.1664,72.2266,0.172957
-205.9167,27.1701,72.8466,0.173300
-205.7040,27.1732,73.3945,0.173601
-205.4603,27.1762,73.9922,0.173932
-205.2348,27.1778,74.5209,0.174228
-204.9767,27.1793,75.0974,0.174548
-204.7375,27.1803,75.6065,0.174836
-204.4921,27.1805,76.1067,0.175120
-204.2116,27.1803,76.6521,0.175432
-203.9519,27.1795,77.1336,0.175714
-203.6549,27.1785,77.6582,0.176022
-203.3802,27.1772,78.1212,0.176297
-203.0981,27.1757,78.5754,0.176568
-202.7759,27.1737,79.0700,0.176871
-202.4777,27.1719,79.5061,0.177138
-202.1715,27.1700,79.9339,0.177408
-201.8220,27.1679,80.3996,0.177700
-201.4989,27.1660,80.8101,0.177969
-201.1678,27.1640,81.2126,0.178234
-200.8288,27.1617,81.6074,0.178498
-200.4429,27.1589,82.0370,0.178792
-200.0872,27.1561,82.4156,0.179057
-199.7235,27.1532,82.7864,0.179320
-199.3102,27.1501,83.1890,0.179614
-198.9300,27.1473,83.5429,0.179877
-198.5423,27.1443,83.8887,0.180146
-198.1472,27.1411,84.2266,0.180405
-197.6996,27.1373,84.5923,0.180699
-197.2890,27.1340,84.9126,0.180964
-196.8712,27.1308,85.2241,0.181226
-196.4464,27.1278,85.5267,0.181484
-195.9665,27.1244,85.8522,0.181778
-195.5276,27.1216,86.1353,0.182040
-195.0824,27.1188,86.4090,0.182306
-194.6309,27.1161,86.6731,0.182568
-194.1223,27.1132,86.9548,0.182861
-193.6595,27.1107,87.1972,0.183128
-193.1412,27.1077,87.4531,0.183414
-192.6717,27.1051,87.6712,0.183679
-192.1998,27.1023,87.8775,0.183937
-191.6718,27.0990,88.0937,0.184225
-191.1915,27.0959,88.2774,0.184484
-190.6526,27.0920,88.4693,0.184774
-190.1631,27.0882,88.6307,0.185036
-189.6698,27.0843,88.7810,0.185300
-189.1176,27.0798,88.9346,0.185587
-188.6172,27.0755,89.0609,0.185850
-188.0577,27.0703,89.1881,0.186141
-187.5510,27.0653,89.2905,0.186405
-186.9850,27.0597,89.3905,0.186700
-186.4728,27.0546,89.4678,0.186965
-185.9585,27.0503,89.5325,0.187228
-185.3844,27.0451,89.5911,0.187525
-184.8655,27.0402,89.6314,0.187793
-184.2873,27.0362,89.6608,0.188091
-183.7660,27.0339,89.6741,0.188361
-183.2436,27.0319,89.6763,0.188631
-182.6611,27.0296,89.6663,0.188936
-182.1359,27.0272,89.6469,0.189208
-181.6101,27.0252,89.6171,0.189484
-181.0825,27.0239,89.5772,0.189764
-180.4942,27.0237,89.5212,0.190078
-179.9633,27.0242,89.4615,0.190362
-179.4315,27.0240,89.3944,0.190650
-178.8987,27.0235,89.3200,0.190937
-178.3052,27.0223,89.2290,0.191265
-177.7701,27.0209,89.1398,0.191560
-177.2345,27.0207,89.0434,0.191858
-176.6977,27.0206,88.9409,0.192157
-176.1007,27.0199,88.8213,0.192495
-175.5620,27.0183,88.7087,0.192798
-175.0220,27.0166,88.5916,0.193110
-174.4812,27.0153,88.4702,0.193416
-173.8793,27.0169,88.3304,0.193763
-173.3365,27.0191,88.2016,0.194076
-172.7928,27.0199,88.0702,0.194388
-172.2479,27.0196,87.9358,0.194704
-171.6412,27.0189,87.7812,0.195061
-171.0945,27.0182,87.6367,0.195383
-170.5475,27.0179,87.4870,0.195703
-169.9999,27.0173,87.3320,0.196023
-169.3909,27.0179,87.1527,0.196388
-168.8427,27.0185,86.9865,0.196709
-168.2940,27.0184,86.8154,0.197035
-167.7447,27.0175,86.6389,0.197364
-167.1332,27.0173,86.4361,0.197729
-166.5829,27.0183,86.2478,0.198059
-166.0325,27.0204,86.0538,0.198388
-165.4813,27.0224,85.8546,0.198719
-164.8678,27.0242,85.6271,0.199093
-164.3143,27.0267,85.4166,0.199424
-163.7599,27.0303,85.2009,0.199759
-163.2048,27.0332,84.9807,0.200090
-162.6485,27.0353,84.7552,0.200429
-162.0913,27.0364,84.5248,0.200764
-161.5334,27.0366,84.2893,0.201103
-160.9750,27.0351,84.0487,0.201442
-160.3540,27.0317,83.7749,0.201818
-159.7946,27.0272,83.5224,0.202158
-159.2352,27.0215,83.2640,0.202503
-158.6757,27.0147,82.9994,0.202845
-158.1162,27.0072,82.7283,0.203193
-157.5568,26.9991,82.4508,0.203537
-156.9974,26.9904,82.1668,0.203885
-156.3760,26.9807,81.8432,0.204271
-155.8168,26.9720,81.5450,0.204622
-155.2578,26.9628,81.2404,0.204971
-154.6987,26.9535,80.9294,0.205326
-154.1397,26.9448,80.6117,0.205679
-153.5810,26.9360,80.2879,0.206037
-153.0222,26.9267,79.9582,0.206393
-152.4632,26.9172,79.6223,0.206751
-151.8418,26.9065,79.2421,0.207151
-151.2824,26.8966,78.8940,0.207509
-150.7227,26.8866,78.5402,0.207872
-150.1624,26.8763,78.1809,0.208232
-149.6015,26.8654,77.8163,0.208595
-149.0401,26.8543,77.4460,0.208959
-148.4782,26.8438,77.0698,0.209328
-147.8531,26.8319,76.6456,0.209736
-147.2896,26.8203,76.2579,0.210103
-146.7250,26.8089,75.8643,0.210478
-146.1596,26.7980,75.4650,0.210853
-145.5935,26.7866,75.0602,0.211230
-145.0262,26.7744,74.6500,0.211610
-144.4577,26.7618,74.2339,0.211994
-143.8248,26.7473,73.7653,0.212419
-143.2542,26.7334,73.3378,0.212805
-142.6823,26.7186,72.9051,0.213193
-142.1094,26.7033,72.4670,0.213586
-141.5352,26.6872,72.0237,0.213982
-140.8958,26.6682,71.5250,0.214420
-140.3189,26.6505,71.0705,0.214819
-139.7409,26.6326,70.6106,0.215218
-139.1619,26.6143,70.1456,0.215620
-138.5817,26.5956,69.6753,0.216020
-137.9354,26.5743,69.1466,0.216473
-137.3524,26.5549,68.6652,0.216880
-136.7684,26.5356,68.1787,0.217290
-136.1832,26.5160,67.6872,0.217698
-135.5968,26.4962,67.1906,0.218112
-135.0092,26.4764,66.6889,0.218531
-134.4858,26.4588,66.2387,0.218906
-133.8960,26.4389,65.7275,0.219323
-133.3049,26.4190,65.2113,0.219745
-132.7126,26.3991,64.6903,0.220168
-132.1192,26.3791,64.1644,0.220596
-131.5245,26.3594,63.6337,0.221023
-130.9949,26.3420,63.1579,0.221402
-130.3977,26.3224,62.6183,0.221835
-129.7991,26.3029,62.0739,0.222266
-129.1992,26.2835,61.5251,0.222700
-128.5978,26.2642,60.9718,0.223135
-128.0622,26.2473,60.4764,0.223524
-127.4581,26.2285,59.9149,0.223980
-126.8525,26.2097,59.3491,0.224404
-126.2451,26.1912,58.7790,0.224854
-125.6362,26.1727,58.2047,0.225301
-125.0937,26.1564,57.6909,0.225699
-124.4819,26.1381,57.1091,0.226149
-123.8686,26.1198,56.5233,0.226601
-123.3219,26.1035,55.9991,0.227003
-122.7053,26.0852,55.4056,0.227460
-122.0872,26.0671,54.8080,0.227919
-121.4676,26.0488,54.2066,0.228379
-120.9156,26.0326,53.6687,0.228789
-120.2931,26.0142,53.0598,0.229252
-119.6691,25.9958,52.4469,0.229718
-119.0437,25.9774,51.8300,0.230185
-118.4168,25.9589,51.2091,0.230654
-117.8585,25.9424,50.6539,0.231073
-117.2291,25.9237,50.0256,0.231547
-116.6684,25.9069,49.4638,0.231968
-115.9662,25.8857,48.7572,0.232496
-115.4034,25.8687,48.1883,0.232919
-114.7690,25.8494,47.5446,0.233400
-114.1334,25.8300,46.8969,0.233885
-113.5674,25.8127,46.3179,0.234314
-112.9297,25.7930,45.6628,0.234802
-112.2909,25.7732,45.0039,0.235288
-111.7223,25.7555,44.4149,0.235724
-111.0817,25.7355,43.7486,0.236214
-110.4402,25.7155,43.0785,0.236706
-109.8693,25.6976,42.4797,0.237145
-109.2262,25.6775,41.8025,0.237641
-108.5824,25.6573,41.1215,0.238138
-108.0094,25.6392,40.5131,0.238581
-107.3643,25.6188,39.8252,0.239082
-106.7902,25.6007,39.2107,0.239529
-106.1438,25.5802,38.5159,0.240032
-105.5687,25.5619,37.8954,0.240481
-104.9211,25.5412,37.1940,0.240988
-104.3451,25.5228,36.5676,0.241440
-103.6965,25.5019,35.8596,0.241950
-103.0475,25.4810,35.1483,0.242461
-102.4702,25.4623,34.5131,0.242917
-101.8926,25.4436,33.8754,0.243374
-101.2423,25.4226,33.1548,0.243891
-100.5914,25.4014,32.4312,0.244406
-100.0123,25.3824,31.7854,0.244867
-99.3602,25.3608,31.0565,0.245387
-98.7797,25.3415,30.4064,0.245849
-98.1255,25.3197,29.6729,0.246373
-97.5427,25.3002,29.0192,0.246837
-96.8856,25.2782,28.2820,0.247363
-96.3001,25.2586,27.6254,0.247830
-95.6398,25.2364,26.8853,0.248357
-95.0513,25.2165,26.2262,0.248829
-94.3875,25.1942,25.4835,0.249359
-93.7218,25.1720,24.7398,0.249890
-93.1295,25.1523,24.0792,0.250364
-92.4627,25.1304,23.3372,0.250895
-91.8692,25.1109,22.6790,0.251370
-91.2003,25.0892,21.9403,0.251901
-90.6042,25.0702,21.2856,0.252375
-89.9301,25.0490,20.5497,0.252908
-89.2515,25.0282,19.8145,0.253440
-88.6441,25.0099,19.1615,0.253917
-87.9555,24.9896,18.4280,0.254454
-87.2609,24.9701,17.6963,0.254990
-86.6382,24.9532,17.0474,0.255470
-85.9314,24.9349,16.3194,0.256013
-85.2974,24.9189,15.6743,0.256495
-84.5778,24.9015,14.9514,0.257040
-83.9324,24.8864,14.3113,0.257524
-83.1995,24.8698,13.5941,0.258070
-82.4594,24.8535,12.8801,0.258618
-81.7957,24.8392,12.2482,0.259106
-81.0423,24.8231,11.5405,0.259656
-80.3668,24.8090,10.9145,0.260146
-79.6003,24.7929,10.2134,0.260698
-78.8269,24.7763,9.5155,0.261253
-78.1337,24.7614,8.8981,0.261747
-77.3477,24.7443,8.2068,0.262304
-76.5551,24.7265,7.5189,0.262863
-75.8448,24.7105,6.9102,0.263360
-75.0396,24.6923,6.2288,0.263921
-74.2279,24.6738,5.5509,0.264483
-73.5008,24.6574,4.9513,0.264984
-72.6766,24.6390,4.2801,0.265550
-71.8460,24.6205,3.6123,0.266117
-71.1024,24.6039,3.0218,0.266621
-70.2599,24.5850,2.3606,0.267191
-69.4112,24.5659,1.7030,0.267761
-68.6517,24.5488,1.1216,0.268270
-67.7913,24.5294,0.4709,0.268844
-66.9245,24.5100,-0.1758,0.269418
-66.0517,24.4903,-0.8186,0.269995
-65.1726,24.4703,-1.4576,0.270573
-64.3861,24.4521,-2.0222,0.271087
-63.4957,24.4309,-2.6536,0.271667
-62.5993,24.4091,-3.2810,0.272249
-61.6971,24.3865,-3.9044,0.272832
-60.7889,24.3630,-4.5236,0.273417
-59.7728,24.3362,-5.2066,0.274067
-58.8523,24.3112,-5.8167,0.274655
-57.9257,24.2864,-6.4221,0.275243
-56.9933,24.2615,-7.0231,0.275833
-56.0548,24.2376,-7.6196,0.276425
-55.1108,24.2151,-8.2118,0.277016
-54.1614,24.1929,-8.8007,0.277611
-53.2069,24.1715,-9.3865,0.278208
-52.2482,24.1518,-9.9698,0.278807
-51.2856,24.1323,-10.5511,0.279406
-50.3187,24.1141,-11.1308,0.280007
-49.4564,24.0973,-11.6452,0.280543
-48.3753,24.0751,-12.2876,0.281214
-47.3998,24.0532,-12.8650,0.281819
-46.5307,24.0318,-13.3774,0.282357
-45.5499,24.0064,-13.9532,0.282965
-44.5659,23.9791,-14.5280,0.283574
-43.5786,23.9491,-15.1012,0.284185
-42.5878,23.9167,-15.6718,0.284795
-41.5930,23.8829,-16.2385,0.285407
-40.7047,23.8523,-16.7386,0.285951
-39.5879,23.8138,-17.3570,0.286633
-38.5760,23.7811,-17.9062,0.287247
-37.5584,23.7494,-18.4491,0.287863
-36.5352,23.7186,-18.9856,0.288480
-35.6217,23.6914,-19.4574,0.289029
-34.5890,23.6616,-19.9827,0.289646
-33.5510,23.6325,-20.5030,0.290264
-32.5086,23.6029,-21.0189,0.290884
-31.4624,23.5723,-21.5304,0.291503
-30.4120,23.5417,-22.0376,0.292124
-29.3572,23.5119,-22.5408,0.292747
-28.2985,23.4821,-23.0405,0.293369
-27.2363,23.4517,-23.5370,0.293994
-26.2893,23.4241,-23.9759,0.294549
-25.2208,23.3925,-24.4670,0.295176
-24.1491,23.3609,-24.9554,0.295802
-23.0741,23.3292,-25.4412,0.296429
-21.9960,23.2979,-25.9246,0.297057
-20.9149,23.2666,-26.4059,0.297687
-19.8310,23.2348,-26.8854,0.298317
-18.7446,23.2016,-27.3634,0.298948
-17.7771,23.1708,-27.7874,0.299509
-16.6866,23.1346,-28.2633,0.300142
-15.5939,23.0983,-28.7385,0.300775
-14.4990,23.0629,-29.2131,0.301409
-13.4021,23.0302,-29.6877,0.302044
-12.3039,23.0014,-30.1627,0.302679
-11.3284,22.9799,-30.5849,0.303243
-10.2320,22.9615,-31.0603,0.303877
-9.1370,22.9480,-31.5366,0.304511
-8.0435,22.9392,-32.0145,0.305144
-6.9515,22.9323,-32.4943,0.305778
-5.9818,22.9266,-32.9230,0.306339
-4.8909,22.9199,-33.4089,0.306974
-3.7992,22.9112,-33.8985,0.307608
-2.7073,22.9014,-34.3929,0.308244
-1.6155,22.8890,-34.8919,0.308881
-0.5231,22.8739,-35.3959,0.309519
0.4474,22.8587,-35.8486,0.310086
1.5379,22.8392,-36.3639,0.310726
2.6269,22.8195,-36.8876,0.311365
3.7141,22.7999,-37.4204,0.312005
4.7988,22.7813,-37.9630,0.312649
5.8808,22.7630,-38.5151,0.313293
6.8399,22.7474,-39.0144,0.313869
7.9155,22.7309,-39.5859,0.314512
8.9873,22.7158,-40.1681,0.315154
10.0553,22.7026,-40.7615,0.315803
11.0014,22.6922,-41.2979,0.316381
12.0621,22.6815,-41.9113,0.317028
13.1189,22.6715,-42.5346,0.317675
14.0552,22.6629,-43.0967,0.318256
15.1051,22.6533,-43.7381,0.318907
16.0352,22.6447,-44.3161,0.319492
17.0777,22.6358,-44.9756,0.320145
18.0007,22.6288,-45.5700,0.320724
19.0344,22.6233,-46.2491,0.321381
19.9486,22.6220,-46.8623,0.321963
20.9712,22.6250,-47.5629,0.322621
21.8750,22.6324,-48.1958,0.323206
22.7736,22.6448,-48.8380,0.323790
23.7771,22.6647,-49.5696,0.324448
24.7718,22.6875,-50.3072,0.325107
25.6486,22.7085,-50.9662,0.325688
26.6265,22.7308,-51.7089,0.326338
27.4864,22.7481,-52.3685,0.326912
28.4422,22.7668,-53.1099,0.327554
29.2813,22.7838,-53.7683,0.328121
30.2147,22.8019,-54.5088,0.328755
31.0327,22.8185,-55.1656,0.329312
31.9380,22.8392,-55.9027,0.329933
32.7298,22.8603,-56.5583,0.330481
33.6079,22.8861,-57.2969,0.331093
34.3771,22.9108,-57.9547,0.331630
35.2300,22.9398,-58.6956,0.332231
35.9771,22.9672,-59.3550,0.332763
36.8062,22.9985,-60.0974,0.333357
37.5330,23.0270,-60.7573,0.333878
38.3403,23.0584,-61.4986,0.334463
39.0486,23.0858,-62.1559,0.334977
39.8357,23.1152,-62.8931,0.335551
40.5267,23.1400,-63.5455,0.336058
41.2098,23.1635,-64.1951,0.336560
41.9692,23.1882,-64.9221,0.337118
42.6361,23.2093,-65.5646,0.337611
43.3780,23.2315,-66.2833,0.338160
44.0295,23.2506,-66.9175,0.338644
44.7541,23.2727,-67.6251,0.339181
45.3919,23.2917,-68.2494,0.339656
46.1017,23.3131,-68.9444,0.340185
46.7268,23.3332,-69.5556,0.340650
47.4249,23.3566,-70.2356,0.341166
48.0407,23.3779,-70.8327,0.341622
48.7283,23.4034,-71.4951,0.342129
49.3363,23.4274,-72.0759,0.342576
50.0167,23.4539,-72.7207,0.343075
50.6179,23.4778,-73.2848,0.343512
51.2916,23.5051,-73.9099,0.344000
51.8876,23.5279,-74.4577,0.344429
52.5547,23.5542,-75.0626,0.344909
53.1461,23.5769,-75.5920,0.345332
53.8084,23.6017,-76.1771,0.345802
54.3960,23.6238,-76.6880,0.346216
55.0555,23.6466,-77.2539,0.346679
55.6401,23.6668,-77.7471,0.347087
56.2978,23.6878,-78.2940,0.347542
56.8822,23.7042,-78.7727,0.347944
57.5381,23.7214,-79.3015,0.348397
58.1919,23.7372,-79.8196,0.348841
58.7718,23.7506,-80.2709,0.349237
59.4223,23.7647,-80.7675,0.349676
60.0710,23.7781,-81.2518,0.350111
60.7180,23.7906,-81.7244,0.350541
61.3633,23.8022,-82.1850,0.350967
62.0067,23.8129,-82.6337,0.351387
62.5771,23.8220,-83.0220,0.351759
63.2172,23.8317,-83.4469,0.352173
63.8558,23.8411,-83.8589,0.352581
64.4926,23.8503,-84.2575,0.352984
65.1278,23.8594,-84.6429,0.353381
65.7616,23.8683,-85.0153,0.353774
66.3938,23.8767,-85.3750,0.354161
67.0245,23.8848,-85.7217,0.354544
67.6538,23.8925,-86.0554,0.354923
68.2818,23.9003,-86.3757,0.355296
68.8393,23.9073,-86.6488,0.355624
69.4648,23.9155,-86.9431,0.355988
70.0883,23.9237,-87.2236,0.356346
70.7095,23.9319,-87.4907,0.356700
71.3282,23.9400,-87.7444,0.357048
71.9442,23.9475,-87.9853,0.357392
72.5574,23.9543,-88.2138,0.357730
73.1675,23.9601,-88.4302,0.358066
73.7741,23.9651,-88.6344,0.358396
74.3773,23.9695,-88.8263,0.358721
74.9767,23.9736,-89.0054,0.359040
75.5724,23.9774,-89.1718,0.359357
76.1639,23.9815,-89.3247,0.359666
76.7514,23.9860,-89.4640,0.359974
77.3990,23.9921,-89.6021,0.360309
77.9773,23.9982,-89.7116,0.360602
78.5512,24.0052,-89.8071,0.360893
79.1209,24.0123,-89.8891,0.361180
79.6861,24.0198,-89.9575,0.361463
80.2471,24.0276,-90.0125,0.361742
80.8040,24.0355,-90.0543,0.362018
81.3569,24.0429,-90.0837,0.362291
81.9059,24.0498,-90.1009,0.362561
82.4509,24.0563,-90.1057,0.362824
82.9919,24.0626,-90.0979,0.363088
83.5287,24.0686,-90.0780,0.363347
84.0612,24.0745,-90.0457,0.363606
84.5894,24.0802,-90.0011,0.363865
85.1709,24.0867,-89.9371,0.364147
85.6893,24.0927,-89.8663,0.364396
86.2030,24.0989,-89.7834,0.364648
86.7119,24.1050,-89.6885,0.364897
87.2161,24.1113,-89.5817,0.365147
87.7157,24.1174,-89.4634,0.365396
88.2109,24.1237,-89.3331,0.365646
88.7020,24.1296,-89.1916,0.365890
89.1888,24.1355,-89.0386,0.366139
89.6717,24.1409,-88.8748,0.366387
90.1505,24.1461,-88.6997,0.366636
90.6252,24.1511,-88.5137,0.366886
91.0958,24.1559,-88.3167,0.367131
91.5622,24.1606,-88.1089,0.367383
92.0245,24.1650,-87.8904,0.367627
92.5328,24.1701,-87.6349,0.367904
92.9851,24.1745,-87.3938,0.368150
93.3829,24.1785,-87.1706,0.368373
93.8738,24.1834,-86.8802,0.368646
94.3094,24.1880,-86.6079,0.368894
94.7387,24.1925,-86.3257,0.369141
95.2078,24.1976,-86.0004,0.369416
95.6228,24.2021,-85.6976,0.369665
96.0306,24.2067,-85.3852,0.369911
96.4310,24.2113,-85.0635,0.370154
96.8239,24.2160,-84.7326,0.370398
97.2509,24.2214,-84.3543,0.370673
97.6264,24.2267,-84.0042,0.370917
97.9932,24.2325,-83.6451,0.371163
98.3518,24.2385,-83.2773,0.371410
98.7407,24.2448,-82.8588,0.371686
99.0824,24.2502,-82.4734,0.371929
99.4164,24.2550,-82.0803,0.372178
99.7429,24.2591,-81.6799,0.372427
100.0971,24.2622,-81.2273,0.372709
100.4081,24.2635,-80.8133,0.372955
100.7115,24.2633,-80.3931,0.373206
101.0068,24.2619,-79.9666,0.373457
101.2938,24.2590,-79.5340,0.373708
101.5718,24.2553,-79.0947,0.373957
101.8400,24.2514,-78.6485,0.374207
102.0978,24.2474,-78.1953,0.374458
102.3448,24.2439,-77.7350,0.374713
102.5812,24.2403,-77.2681,0.374965
102.8068,24.2370,-76.7943,0.375223
102.9985,24.2340,-76.3679,0.375450
103.2033,24.2311,-75.8822,0.375709
103.3970,24.2283,-75.3908,0.375966
103.5797,24.2256,-74.8940,0.376228
103.7516,24.2224,-74.3923,0.376488
103.9125,24.2191,-73.8856,0.376748
104.0620,24.2158,-73.3743,0.377015
104.1999,24.2127,-72.8585,0.377275
104.3261,24.2097,-72.3385,0.377541
104.4405,24.2070,-71.8146,0.377806
104.5430,24.2046,-71.2870,0.378072
104.6335,24.2025,-70.7560,0.378341
104.7120,24.2008,-70.2219,0.378612
104.7849,24.1996,-69.6252,0.378909
104.8377,24.1989,-69.0855,0.379183
104.8789,24.1984,-68.5433,0.379457
104.9085,24.1981,-67.9989,0.379734
104.9263,24.1980,-67.4526,0.380009
104.9321,24.1984,-66.9046,0.380286
104.9264,24.1990,-66.3554,0.380565
104.9092,24.1994,-65.8052,0.380847
104.8806,24.1997,-65.2539,0.381130
104.8403,24.2001,-64.7020,0.381414
104.7883,24.2005,-64.1497,0.381699
104.7242,24.2011,-63.5972,0.381985
104.6482,24.2018,-63.0450,0.382274
104.5599,24.2029,-62.4932,0.382562
104.4592,24.2043,-61.9423,0.382852
104.3459,24.2063,-61.3924,0.383143
104.2203,24.2087,-60.8438,0.383437
104.0823,24.2114,-60.2966,0.383733
103.9319,24.2146,-59.7509,0.384031
103.7690,24.2182,-59.2072,0.384329
103.5940,24.2223,-58.6658,0.384626
103.4069,24.2267,-58.1268,0.384928
103.2079,24.2314,-57.5905,0.385230
102.9971,24.2365,-57.0570,0.385535
102.7744,24.2420,-56.5265,0.385841
102.5399,24.2479,-55.9990,0.386149
102.2939,24.2541,-55.4745,0.386456
102.0365,24.2608,-54.9533,0.386768
101.7680,24.2676,-54.4353,0.387080
101.4888,24.2746,-53.9205,0.387394
101.1995,24.2815,-53.4089,0.387710
100.9002,24.2883,-52.9005,0.388026
100.5913,24.2948,-52.3953,0.388345
100.2730,24.3013,-51.8934,0.388667
99.9455,24.3078,-51.3946,0.388993
99.6091,24.3142,-50.8990,0.389321
99.2638,24.3207,-50.4067,0.389651
98.9099,24.3273,-49.9174,0.389981
98.5478,24.3340,-49.4312,0.390314
98.1776,24.3406,-48.9478,0.390650
97.7996,24.3473,-48.4674,0.390989
97.4140,24.3540,-47.9900,0.391329
97.0210,24.3611,-47.5156,0.391673
96.6207,24.3688,-47.0442,0.392016
96.2132,24.3771,-46.5756,0.392362
95.7987,24.3862,-46.1097,0.392713
95.3773,24.3962,-45.6462,0.393065
94.9012,24.4084,-45.1340,0.393461
94.4660,24.4205,-44.6755,0.393816
94.0247,24.4334,-44.2191,0.394174
93.5775,24.4469,-43.7650,0.394529
93.1244,24.4609,-43.3130,0.394888
92.6656,24.4751,-42.8631,0.395251
92.2008,24.4898,-42.4155,0.395612
91.7299,24.5052,-41.9702,0.395979
91.2532,24.5210,-41.5273,0.396343
90.7704,24.5377,-41.0871,0.396714
90.2815,24.5552,-40.6493,0.397082
89.7869,24.5727,-40.2139,0.397450
89.2862,24.5911,-39.7812,0.397818
88.7795,24.6102,-39.3510,0.398187
88.2675,24.6287,-38.9228,0.398555
87.7500,24.6470,-38.4969,0.398921
87.2265,24.6659,-38.0735,0.399291
86.6982,24.6836,-37.6520,0.399658
86.1650,24.6995,-37.2323,0.400028
85.6259,24.7155,-36.8150,0.400399
85.0207,24.7327,-36.3543,0.400809
84.4709,24.7463,-35.9417,0.401180
83.9153,24.7595,-35.5315,0.401550
83.3537,24.7728,-35.1240,0.401925
82.7869,24.7853,-34.7189,0.402298
82.2144,24.7975,-34.3163,0.402674
81.6363,24.8098,-33.9164,0.403052
80.9874,24.8221,-33.4747,0.403470
80.3975,24.8327,-33.0795,0.403847
79.8020,24.8444,-32.6874,0.404227
79.2018,24.8549,-32.2976,0.404607
78.5961,24.8633,-31.9094,0.404988
77.9844,24.8721,-31.5233,0.405371
77.3678,24.8814,-31.1399,0.405758
76.7470,24.8891,-30.7586,0.406145
76.0506,24.8968,-30.3369,0.406577
75.4180,24.9041,-29.9594,0.406968
74.7804,24.9115,-29.5840,0.407360
74.1378,24.9187,-29.2106,0.407754
73.4899,24.9261,-28.8389,0.408150
72.8370,24.9331,-28.4688,0.408547
72.1793,24.9397,-28.1001,0.408945
71.5167,24.9463,-27.7330,0.409347
70.8495,24.9525,-27.3672,0.409750
70.1026,24.9587,-26.9622,0.410202
69.4247,24.9637,-26.5987,0.410610
68.7417,24.9684,-26.2361,0.411020
68.0539,24.9728,-25.8746,0.411432
67.3614,24.9768,-25.5143,0.411845
66.6639,24.9802,-25.1548,0.412262
65.9613,24.9829,-24.7960,0.412679
65.2538,24.9847,-24.4377,0.413096
64.5418,24.9856,-24.0800,0.413519
63.8252,24.9866,-23.7232,0.413944
63.0237,24.9877,-23.3276,0.414420
62.2974,24.9880,-22.9718,0.414849
61.5658,24.9883,-22.6162,0.415280
60.8296,24.9887,-22.2610,0.415714
60.0890,24.9893,-21.9061,0.416149
59.3444,24.9897,-21.5512,0.416587
58.5956,24.9895,-21.1961,0.417027
57.8424,24.9891,-20.8407,0.417469
57.0851,24.9888,-20.4851,0.417911
56.3237,24.9886,-20.1293,0.418357
55.5581,24.9888,-19.7732,0.418805
54.7882,24.9891,-19.4167,0.419256
54.0143,24.9894,-19.0597,0.419708
53.2363,24.9896,-18.7023,0.420163
52.5417,24.9898,-18.3843,0.420569
51.7566,24.9901,-18.0262,0.421026
50.9675,24.9903,-17.6677,0.421485
50.1743,24.9906,-17.3085,0.421948
49.3771,24.9908,-16.9490,0.422413
48.5761,24.9911,-16.5891,0.422879
47.7715,24.9913,-16.2288,0.423347
46.9630,24.9914,-15.8681,0.423817
46.1506,24.9914,-15.5069,0.424288
45.4252,24.9914,-15.1855,0.424708
44.6055,24.9913,-14.8236,0.425183
43.7822,24.9912,-14.4612,0.425663
42.9552,24.9908,-14.0985,0.426143
42.2169,24.9904,-13.7757,0.426571
41.3828,24.9900,-13.4121,0.427056
40.5452,24.9897,-13.0480,0.427541
39.7040,24.9894,-12.6834,0.428030
38.8594,24.9891,-12.3182,0.428518
38.1057,24.9888,-11.9930,0.428954
37.2548,24.9884,-11.6265,0.429447
36.4009,24.9882,-11.2591,0.429942
35.6392,24.9883,-10.9316,0.430382
34.7795,24.9886,-10.5621,0.430881
33.9167,24.9891,-10.1915,0.431381
33.1473,24.9898,-9.8613,0.431826
32.2791,24.9909,-9.4890,0.432326
31.4081,24.9923,-9.1158,0.432829
30.5342,24.9941,-8.7419,0.433334
29.7549,24.9962,-8.4089,0.433788
28.8755,24.9991,-8.0337,0.434298
27.9933,25.0030,-7.6580,0.434808
27.2068,25.0069,-7.3237,0.435263
26.3193,25.0115,-6.9471,0.435777
25.4290,25.0159,-6.5699,0.436292
24.5364,25.0205,-6.1922,0.436807
23.7412,25.0254,-5.8561,0.437268
22.8442,25.0314,-5.4771,0.437786
21.9444,25.0379,-5.0970,0.438305
21.1427,25.0440,-4.7582,0.438769
20.2392,25.0517,-4.3761,0.439293
19.3340,25.0600,-3.9930,0.439816
18.5275,25.0676,-3.6514,0.440280
17.6181,25.0768,-3.2656,0.440807
16.7070,25.0870,-2.8784,0.441335
15.7955,25.0977,-2.4896,0.441860
14.9863,25.1076,-2.1428,0.442329
14.0776,25.1193,-1.7507,0.442857
13.1713,25.1317,-1.3552,0.443383
12.2678,25.1443,-0.9557,0.443909
11.3662,25.1571,-0.5507,0.444436
10.4658,25.1704,-0.1387,0.444963
9.5665,25.1842,0.2811,0.445491
8.7683,25.1966,0.6614,0.445964
7.8721,25.2110,1.0980,0.446495
6.9788,25.2259,1.5442,0.447026
6.0890,25.2409,2.0001,0.447558
5.2037,25.2563,2.4661,0.448092
4.3237,25.2722,2.9423,0.448624
3.4495,25.2885,3.4286,0.449156
2.5816,25.3053,3.9254,0.449689
1.7203,25.3229,4.4325,0.450220
0.8656,25.3408,4.9498,0.450751
0.0178,25.3592,5.4773,0.451281
-0.8234,25.3779,6.0147,0.451812
-1.6581,25.3966,6.5621,0.452342
-2.4866,25.4152,7.1191,0.452873
-3.3088,25.4339,7.6860,0.453406
-4.1249,25.4524,8.2626,0.453941
-4.9350,25.4709,8.8490,0.454479
-5.7393,25.4894,9.4452,0.455020
-6.5375,25.5080,10.0511,0.455564
-7.3302,25.5263,10.6666,0.456110
-8.1174,25.5442,11.2913,0.456659
-8.8992,25.5616,11.9252,0.457213
-9.6759,25.5778,12.5676,0.457770
-10.4473,25.5932,13.2190,0.458330
-11.2136,25.6073,13.8788,0.458892
-11.9747,25.6202,14.5471,0.459459
-12.7301,25.6322,15.2242,0.460027
-13.4795,25.6433,15.9099,0.460596
-14.2225,25.6536,16.6044,0.461171
-14.9582,25.6639,17.3080,0.461744
-15.6861,25.6740,18.0203,0.462317
-16.4053,25.6842,18.7412,0.462890
-17.1149,25.6952,19.4707,0.463461
-17.8149,25.7063,20.2079,0.464027
-18.5046,25.7183,20.9533,0.464591
-19.1841,25.7307,21.7060,0.465149
-19.8532,25.7434,22.4660,0.465705
-20.5121,25.7564,23.2330,0.466262
-21.1609,25.7693,24.0066,0.466818
-21.7993,25.7824,24.7870,0.467368
-22.3582,25.7938,25.4862,0.467858
-22.9774,25.8068,26.2790,0.468410
-23.5865,25.8199,27.0786,0.468962
-24.1858,25.8328,27.8850,0.469515
-24.7754,25.8458,28.6983,0.470067
-25.2915,25.8572,29.4267,0.470559
-25.8628,25.8700,30.2526,0.471113
-26.4244,25.8827,31.0850,0.471667
-26.9761,25.8953,31.9236,0.472221
-27.5176,25.9081,32.7686,0.472769
-27.9905,25.9194,33.5246,0.473261
-28.5123,25.9327,34.3809,0.473813
-29.0237,25.9461,35.2427,0.474362
-29.5240,25.9601,36.1103,0.474910
-30.0130,25.9750,36.9832,0.475455
-30.4381,25.9886,37.7634,0.475940
-30.9055,26.0050,38.6460,0.476482
-31.3623,26.0213,39.5330,0.477024
-31.8085,26.0373,40.4242,0.477561
-32.2449,26.0523,41.3190,0.478101
-32.6725,26.0653,42.2170,0.478638
-33.0907,26.0764,43.1182,0.479176
-33.5010,26.0847,44.0222,0.479712
-33.9026,26.0907,44.9295,0.480248
-34.2953,26.0946,45.8401,0.480785
-34.6370,26.0962,46.6526,0.481266
-35.0122,26.0971,47.5705,0.481805
-35.3776,26.0970,48.4929,0.482344
-35.7330,26.0964,49.4198,0.482882
-36.0778,26.0958,50.3517,0.483422
-36.4120,26.0953,51.2884,0.483960
-36.7357,26.0951,52.2301,0.484500
-37.0487,26.0955,53.1770,0.485042
-37.3183,26.0961,54.0227,0.485522
-37.6121,26.0969,54.9787,0.486063
-37.8961,26.0978,55.9394,0.486606
-38.1707,26.0984,56.9045,0.487148
-38.4360,26.0990,57.8742,0.487694
-38.6922,26.0993,58.8482,0.488239
-38.9395,26.0996,59.8265,0.488789
-39.1519,26.0999,60.6997,0.489282
-39.3824,26.1005,61.6860,0.489833
-39.6040,26.1015,62.6763,0.490389
-39.8169,26.1028,63.6706,0.490949
-40.0210,26.1047,64.6687,0.491516
-40.1955,26.1066,65.5587,0.492022
-40.3841,26.1084,66.5627,0.492586
-40.5647,26.1097,67.5688,0.493159
-40.7375,26.1099,68.5762,0.493729
-40.9030,26.1082,69.5838,0.494297
-41.0435,26.1052,70.4788,0.494798
-41.1950,26.0993,71.4833,0.495366
-41.3383,26.0913,72.4839,0.495926
-41.4734,26.0815,73.4802,0.496482
-41.5997,26.0699,74.4717,0.497044
-41.7034,26.0594,75.3491,0.497539
-41.8116,26.0460,76.3317,0.498093
-41.9094,26.0322,77.3091,0.498639
-41.9970,26.0176,78.2817,0.499186
-42.0741,26.0021,79.2490,0.499731
-42.1398,25.9868,80.2110,0.500268
-42.1946,25.9709,81.1677,0.500802
-42.2376,25.9552,82.1186,0.501334
-42.2694,25.9391,83.0644,0.501861
-42.2897,25.9227,84.0040,0.502384
-42.2987,25.9063,84.9381,0.502904
-42.2969,25.8890,85.8669,0.503418
-42.2837,25.8715,86.7896,0.503931
-42.2597,25.8531,87.7075,0.504441
-42.2242,25.8342,88.6203,0.504945
-42.1766,25.8154,89.5285,0.505451
-42.1159,25.7972,90.4324,0.505954
-42.0417,25.7801,91.3324,0.506455
-41.9544,25.7637,92.2289,0.506952
-41.8546,25.7476,93.1222,0.507446
-41.7440,25.7306,94.0123,0.507941
-41.6375,25.7140,94.8004,0.508378
-41.4939,25.6917,95.7807,0.508929
-41.3535,25.6713,96.6572,0.509418
-41.2003,25.6538,97.5269,0.509915
-41.0329,25.6411,98.3897,0.510407
-40.8523,25.6322,99.2460,0.510898
-40.6563,25.6296,100.0939,0.511384
-40.4482,25.6312,100.9354,0.511866
-40.2310,25.6335,101.7714,0.512342
-39.9797,25.6362,102.6926,0.512868
-39.7456,25.6378,103.5154,0.513337
-39.5040,25.6383,104.3326,0.513809
-39.2550,25.6377,105.1440,0.514279
-38.9982,25.6360,105.9492,0.514745
-38.7321,25.6348,106.7470,0.515210
-38.4547,25.6362,107.5367,0.515670
-38.1665,25.6397,108.3188,0.516122
-37.8348,25.6444,109.1798,0.516622
-37.5267,25.6481,109.9476,0.517067
-37.2096,25.6511,110.7088,0.517509
-36.8837,25.6534,111.4630,0.517947
-36.5483,25.6552,112.2090,0.518380
-36.2006,25.6593,112.9438,0.518815
-35.8400,25.6667,113.6676,0.519241
-35.4669,25.6767,114.3814,0.519666
-35.0814,25.6892,115.0852,0.520088
-34.6423,25.7029,115.8580,0.520554
-34.2378,25.7139,116.5455,0.520971
-33.8233,25.7249,117.2245,0.521387
-33.3989,25.7363,117.8949,0.521799
-32.9646,25.7482,118.5566,0.522211
-32.5205,25.7605,119.2094,0.522620
-32.0667,25.7732,119.8530,0.523027
-31.6032,25.7866,120.4873,0.523435
-31.1302,25.8006,121.1123,0.523837
-30.6477,25.8154,121.7277,0.524242
-30.1562,25.8306,122.3335,0.524644
-29.5999,25.8475,122.9959,0.525091
-29.0910,25.8619,123.5832,0.525490
-28.5750,25.8747,124.1627,0.525889
-28.0520,25.8859,124.7342,0.526290
-27.5218,25.8964,125.2965,0.526688
-26.9852,25.9056,125.8497,0.527087
-26.4416,25.9139,126.3934,0.527483
-25.8904,25.9222,126.9268,0.527878
-25.3315,25.9304,127.4501,0.528272
-24.7646,25.9390,127.9627,0.528667
-24.1901,25.9476,128.4653,0.529062
-23.6086,25.9557,128.9582,0.529452
-22.9539,25.9641,129.4948,0.529892
-22.3577,25.9704,129.9687,0.530288
-21.7549,25.9755,130.4342,0.530683
-21.1459,25.9786,130.8923,0.531076
-20.5310,25.9795,131.3430,0.531479
-19.9105,25.9787,131.7868,0.531875
-19.2848,25.9748,132.2246,0.532267
-18.6530,25.9689,132.6557,0.532668
-18.0160,25.9613,133.0804,0.533065
-17.3737,25.9513,133.4990,0.533463
-16.7250,25.9400,133.9114,0.533861
-15.9985,25.9245,134.3634,0.534308
-15.3379,25.9097,134.7633,0.534706
-14.6713,25.8943,135.1573,0.535114
-13.9998,25.8763,135.5465,0.535514
-13.3215,25.8580,135.9296,0.535917
-12.6370,25.8395,136.3069,0.536327
-11.9468,25.8198,136.6790,0.536734
-11.2503,25.8000,137.0455,0.537140
-10.4692,25.7779,137.4465,0.537593
-9.7602,25.7578,137.8025,0.538008
-9.0456,25.7377,138.1542,0.538422
-8.3254,25.7179,138.5020,0.538838
-7.6002,25.6978,138.8465,0.539255
-6.8699,25.6772,139.1884,0.539677
-6.1348,25.6565,139.5276,0.540097
-5.3129,25.6333,139.9016,0.540571
-4.5686,25.6124,140.2356,0.541001
-3.8198,25.5910,140.5676,0.541426
-3.0667,25.5689,140.8979,0.541859
-2.3093,25.5467,141.2263,0.542289
-1.5480,25.5245,141.5527,0.542725
-0.7826,25.5022,141.8774,0.543161
-0.0129,25.4790,142.2009,0.543599
0.7620,25.4560,142.5228,0.544047
1.6283,25.4298,142.8791,0.544537
2.4122,25.4046,143.1977,0.544981
3.2009,25.3798,143.5138,0.545428
3.9950,25.3562,143.8275,0.545874
4.7943,25.3330,144.1384,0.546325
5.5989,25.3102,144.4466,0.546777
6.4080,25.2865,144.7531,0.547233
7.2208,25.2606,145.0582,0.547688
8.0366,25.2326,145.3612,0.548153
8.8544,25.2026,145.6617,0.548605
9.7693,25.1700,145.9923,0.549114
10.6012,25.1432,146.2864,0.549578
11.4404,25.1202,146.5760,0.550044
12.2853,25.0987,146.8619,0.550516
13.1352,25.0777,147.1445,0.550985
13.9891,25.0568,147.4238,0.551456
14.8472,25.0361,147.6999,0.551931
15.7108,25.0156,147.9731,0.552409
16.5798,24.9966,148.2432,0.552889
17.4534,24.9797,148.5098,0.553367
18.3310,24.9636,148.7734,0.553850
19.2133,24.9479,149.0343,0.554335
20.1000,24.9328,149.2926,0.554822
20.9907,24.9185,149.5482,0.555307
21.8850,24.9046,149.8012,0.555798
22.7834,24.8910,150.0518,0.556284
23.6860,24.8778,150.3000,0.556780
24.5923,24.8648,150.5458,0.557278
25.5021,24.8520,150.7890,0.557778
26.4155,24.8386,151.0300,0.558277
27.3327,24.8251,151.2685,0.558775
28.2535,24.8125,151.5044,0.559279
29.1775,24.8000,151.7379,0.559779
30.1048,24.7872,151.9685,0.560287
31.0360,24.7761,152.1958,0.560791
31.9708,24.7660,152.4201,0.561302
32.9091,24.7566,152.6413,0.561810
33.8504,24.7473,152.8598,0.562320
34.6889,24.7381,153.0524,0.562777
35.6342,24.7253,153.2681,0.563291
36.5815,24.7099,153.4838,0.563806
37.5317,24.6945,153.6997,0.564322
38.4848,24.6799,153.9159,0.564839
39.4404,24.6663,154.1325,0.565363
40.3978,24.6531,154.3495,0.565880
41.3569,24.6389,154.5667,0.566405
42.3184,24.6244,154.7841,0.566928
43.2827,24.6111,155.0016,0.567452
44.2493,24.5988,155.2190,0.567979
45.2180,24.5863,155.4364,0.568503
46.1887,24.5737,155.6542,0.569036
47.1617,24.5613,155.8724,0.569561
48.1368,24.5491,156.0912,0.570096
49.1139,24.5375,156.3111,0.570630
50.0921,24.5257,156.5319,0.571162
50.9611,24.5150,156.7290,0.571637
51.9378,24.5032,156.9519,0.572170
52.9135,24.4913,157.1763,0.572700
53.8880,24.4797,157.4024,0.573234
54.8631,24.4685,157.6306,0.573765
55.8399,24.4574,157.8609,0.574298
56.8189,24.4461,158.0938,0.574834
57.8005,24.4346,158.3292,0.575369
58.7846,24.4231,158.5672,0.575912
59.7714,24.4117,158.8080,0.576449
60.6506,24.4015,159.0243,0.576932
61.6420,24.3901,159.2703,0.577474
62.6358,24.3794,159.5194,0.578018
63.6319,24.3696,159.7717,0.578566
64.6305,24.3604,160.0271,0.579113
65.6317,24.3520,160.2859,0.579665
66.6351,24.3440,160.5478,0.580215
67.6402,24.3375,160.8131,0.580767
68.5354,24.3330,161.0519,0.581260
69.5451,24.3293,161.3239,0.581816
70.5571,24.3267,161.5994,0.582375
71.5710,24.3247,161.8781,0.582934
72.5865,24.3243,162.1601,0.583492
73.6040,24.3249,162.4454,0.584054
74.6243,24.3271,162.7344,0.584618
75.5329,24.3296,162.9941,0.585118
76.5566,24.3330,163.2893,0.585684
77.5817,24.3375,163.5880,0.586255
78.6090,24.3428,163.8903,0.586824
79.5240,24.3485,164.1623,0.587331
80.5552,24.3553,164.4716,0.587903
81.5876,24.3630,164.7846,0.588477
82.6213,24.3721,165.1015,0.589050
83.5419,24.3814,165.3867,0.589562
84.5794,24.3930,165.7113,0.590141
85.6185,24.4052,166.0397,0.590721
86.5429,24.4171,166.3349,0.591236
87.5840,24.4321,166.6706,0.591817
88.6271,24.4489,167.0106,0.592401
89.6720,24.4671,167.3544,0.592986
90.7182,24.4859,167.7017,0.593571
91.6488,24.5040,168.0133,0.594093
92.6971,24.5257,168.3672,0.594679
93.7474,24.5493,168.7247,0.595270
94.7995,24.5737,169.0852,0.595860
95.8527,24.5991,169.4483,0.596452
96.7899,24.6229,169.7729,0.596979
97.8462,24.6512,170.1402,0.597574
98.9048,24.6811,170.5094,0.598170
99.9653,24.7120,170.8796,0.598767
100.9095,24.7411,171.2089,0.599298
101.9737,24.7755,171.5796,0.599898
103.0406,24.8119,171.9505,0.600499
103.9911,24.8453,172.2800,0.601034
105.0622,24.8845,172.6504,0.601634
106.1348,24.9257,173.0201,0.602237
107.2081,24.9692,173.3885,0.602840
108.1604,25.0093,173.7143,0.603376
109.2261,25.0555,174.0777,0.603976
110.2851,25.1042,174.4371,0.604570
111.3366,25.1555,174.7923,0.605161
112.3804,25.2103,175.1428,0.605742
113.3020,25.2600,175.4505,0.606263
114.3308,25.3165,175.7915,0.606841
115.3516,25.3740,176.1266,0.607412
116.3629,25.4327,176.4551,0.607975
117.3649,25.4934,176.7767,0.608537
118.2486,25.5481,177.0571,0.609028
119.2352,25.6090,177.3671,0.609581
120.2132,25.6695,177.6708,0.610126
121.1827,25.7290,177.9684,0.610665
122.1433,25.7880,178.2596,0.611201
123.0953,25.8466,178.5443,0.611727
124.0392,25.9041,178.8230,0.612253
124.9748,25.9598,179.0957,0.612766
125.9019,26.0141,179.3625,0.613281
126.8209,26.0669,179.6234,0.613792
127.7320,26.1174,179.8789,0.614295
128.6344,26.1655,180.1288,0.614792
129.5274,26.2129,180.3721,0.615282
130.4142,26.2585,180.6107,0.615770
131.2940,26.3007,180.8448,0.616253
132.1636,26.3413,181.0726,0.616730
133.0229,26.3820,181.2933,0.617203
133.8747,26.4213,181.5079,0.617668
134.7183,26.4593,181.7160,0.618127
135.5535,26.4965,181.9169,0.618583
136.3812,26.5325,182.1109,0.619035
137.2008,26.5679,182.2972,0.619482
138.0124,26.6034,182.4754,0.619917
138.8170,26.6388,182.6452,0.620357
139.6146,26.6741,182.8068,0.620788
140.4056,26.7087,182.9604,0.621216
141.1901,26.7426,183.1063,0.621639
141.9681,26.7760,183.2442,0.622061
142.8255,26.8118,183.3890,0.622522
143.5907,26.8428,183.5115,0.622935
144.2656,26.8698,183.6140,0.623297
145.0197,26.8986,183.7230,0.623703
145.7679,26.9260,183.8249,0.624108
146.5106,26.9521,183.9198,0.624509
147.2481,26.9756,184.0086,0.624908
147.9800,26.9974,184.0906,0.625301
148.7877,27.0187,184.1743,0.625733
149.5092,27.0350,184.2430,0.626123
150.2254,27.0495,184.3043,0.626510
150.9365,27.0618,184.3585,0.626893
151.6421,27.0728,184.4044,0.627277
152.3421,27.0829,184.4417,0.627652
153.1131,27.0933,184.4722,0.628068
153.8017,27.1015,184.4903,0.628441
154.4853,27.1079,184.5002,0.628808
155.1632,27.1129,184.5013,0.629175
155.8358,27.1170,184.4932,0.629541
156.5041,27.1196,184.4764,0.629902
157.1680,27.1205,184.4507,0.630261
157.9008,27.1196,184.4109,0.630658
158.5564,27.1175,184.3645,0.631011
159.2084,27.1147,184.3074,0.631364
159.8572,27.1111,184.2395,0.631718
160.5029,27.1069,184.1608,0.632074
161.1460,27.1016,184.0718,0.632426
161.7868,27.0953,183.9721,0.632777
162.4254,27.0885,183.8614,0.633127
163.0619,27.0813,183.7396,0.633475
163.6962,27.0738,183.6066,0.633826
164.3279,27.0660,183.4626,0.634176
164.9570,27.0579,183.3080,0.634528
165.5832,27.0497,183.1425,0.634881
166.2061,27.0413,182.9666,0.635231
166.8258,27.0328,182.7800,0.635582
167.3736,27.0253,182.6055,0.635894
167.9863,27.0172,182.3992,0.636246
168.5952,27.0093,182.1827,0.636596
169.2002,27.0014,181.9562,0.636947
169.8011,26.9939,181.7195,0.637294
170.3318,26.9874,181.5006,0.637607
170.9245,26.9804,181.2450,0.637959
171.5128,26.9737,180.9794,0.638309
172.0964,26.9676,180.7034,0.638655
172.6750,26.9619,180.4174,0.639006
173.5018,26.9545,179.9864,0.639509
174.0050,26.9506,179.7106,0.639820
174.5657,26.9466,179.3909,0.640167
175.0589,26.9434,179.0986,0.640478
175.6080,26.9396,178.7611,0.640828
176.1505,26.9356,178.4145,0.641174
176.6260,26.9329,178.0984,0.641481
177.1531,26.9305,177.7339,0.641829
177.6709,26.9295,177.3594,0.642174
178.1222,26.9309,177.0179,0.642481
178.6196,26.9356,176.6235,0.642825
179.0538,26.9411,176.2654,0.643127
179.5336,26.9478,175.8542,0.643469
179.9503,26.9563,175.4797,0.643770
180.4088,26.9690,175.0497,0.644111
180.8579,26.9827,174.6124,0.644451
181.2976,26.9958,174.1685,0.644787
181.7259,27.0106,173.7163,0.645123
182.1414,27.0292,173.2557,0.645460
182.5452,27.0506,172.7878,0.645791
182.8954,27.0703,172.3666,0.646088
183.2805,27.0920,171.8873,0.646422
183.6533,27.1162,171.3996,0.646751
184.0139,27.1432,170.9042,0.647084
184.3633,27.1722,170.4024,0.647414
184.7034,27.2012,169.8948,0.647743
184.9977,27.2270,169.4389,0.648038
185.3198,27.2556,168.9212,0.648365
185.6316,27.2850,168.3984,0.648690
185.9338,27.3143,167.8705,0.649017
186.1950,27.3398,167.3969,0.649313
186.4809,27.3675,166.8596,0.649641
186.7572,27.3944,166.3175,0.649970
187.0231,27.4216,165.7701,0.650296
187.2788,27.4489,165.2186,0.650625
187.5253,27.4755,164.6634,0.650952
187.7370,27.4979,164.1665,0.651243
187.9639,27.5236,163.6039,0.651570
188.1784,27.5502,163.0376,0.651898
188.3821,27.5774,162.4677,0.652224
188.5746,27.6051,161.8936,0.652550
188.7360,27.6309,161.3805,0.652846
188.9072,27.6607,160.8015,0.653172
189.0690,27.6896,160.2206,0.653497
189.2218,27.7172,159.6365,0.653824
189.3652,27.7440,159.0489,0.654153
189.4838,27.7683,158.5242,0.654443
189.6070,27.7961,157.9318,0.654774
189.7193,27.8246,157.3374,0.655105
189.8216,27.8525,156.7412,0.655437
189.9131,27.8806,156.1429,0.655768
189.9846,27.9063,155.6088,0.656060
190.0550,27.9353,155.0049,0.656395
190.1139,27.9646,154.3987,0.656733
190.1604,27.9951,153.7906,0.657069
190.1948,28.0266,153.1811,0.657408
190.2193,28.0571,152.5710,0.657750
190.2333,28.0869,151.9595,0.658088
190.2367,28.1161,151.3471,0.658424
190.2294,28.1450,150.7334,0.658767
190.2111,28.1738,150.1190,0.659104
190.1824,28.2023,149.5040,0.659452
190.1390,28.2329,148.8201,0.659833
190.0901,28.2594,148.2044,0.660181
190.0313,28.2856,147.5879,0.660527
189.9632,28.3111,146.9707,0.660881
189.8868,28.3349,146.3526,0.661233
189.8015,28.3578,145.7334,0.661585
189.6963,28.3823,145.0446,0.661982
189.5925,28.4039,144.4239,0.662343
189.4814,28.4242,143.8028,0.662713
189.3488,28.4456,143.1114,0.663121
189.2218,28.4635,142.4875,0.663481
189.0872,28.4805,141.8620,0.663850
188.9296,28.4983,141.1652,0.664263
188.7650,28.5142,140.4665,0.664680
188.6286,28.5255,139.9065,0.665011
188.4523,28.5393,139.2043,0.665428
188.2890,28.5505,138.5706,0.665815
188.1020,28.5619,137.8637,0.666233
187.9287,28.5725,137.2247,0.666616
187.7510,28.5834,136.5833,0.666996
187.5490,28.5957,135.8677,0.667422
187.3639,28.6049,135.2205,0.667802
187.1546,28.6129,134.4978,0.668225
186.9624,28.6195,133.8442,0.668610
186.7675,28.6237,133.1880,0.668986
186.5489,28.6222,132.4555,0.669415
186.3488,28.6177,131.7922,0.669800
186.1216,28.6121,131.0522,0.670226
185.9150,28.6019,130.3846,0.670605
185.6825,28.5848,129.6384,0.671030
185.4679,28.5689,128.9617,0.671422
185.2495,28.5525,128.2830,0.671809
185.0039,28.5290,127.5268,0.672236
184.7787,28.5044,126.8419,0.672621
184.5222,28.4771,126.0754,0.673056
184.2868,28.4521,125.3829,0.673446
184.0210,28.4210,124.6102,0.673882
183.7772,28.3906,123.9107,0.674274
183.5285,28.3601,123.2075,0.674668
183.2474,28.3256,122.4233,0.675109
182.9906,28.2927,121.7145,0.675507
182.7298,28.2583,121.0020,0.675907
182.4355,28.2196,120.2060,0.676356
182.1669,28.1846,119.4865,0.676761
181.8645,28.1445,118.6834,0.677214
181.5888,28.1069,117.9570,0.677621
181.3094,28.0683,117.2270,0.678034
180.9949,28.0252,116.4124,0.678495
180.7080,27.9857,115.6765,0.678915
180.4174,27.9451,114.9374,0.679332
180.0899,27.8985,114.1121,0.679802
179.7910,27.8559,113.3660,0.680225
179.4881,27.8129,112.6175,0.680650
179.1815,27.7691,111.8666,0.681080
178.8358,27.7196,111.0285,0.681560
178.5201,27.6740,110.2708,0.681997
178.2001,27.6282,109.5104,0.682434
177.8396,27.5771,108.6627,0.682924
177.5107,27.5306,107.8972,0.683366
177.1774,27.4837,107.1288,0.683809
176.8399,27.4363,106.3574,0.684258
176.4598,27.3834,105.4972,0.684757
176.1136,27.3358,104.7204,0.685210
175.7635,27.2881,103.9410,0.685669
175.4097,27.2401,103.1586,0.686123
175.0123,27.1859,102.2856,0.686634
174.6510,27.1368,101.4968,0.687101
174.2866,27.0879,100.7054,0.687561
173.9193,27.0389,99.9114,0.688025
173.5489,26.9896,99.1138,0.688497
173.1337,26.9338,98.2236,0.689019
172.7569,26.8838,97.4193,0.689494
172.3780,26.8339,96.6125,0.689969
171.9969,26.7840,95.8025,0.690445
171.6131,26.7337,94.9888,0.690925
171.1838,26.6781,94.0804,0.691460
170.7957,26.6286,93.2595,0.691945
170.4063,26.5795,92.4354,0.692432
170.0154,26.5306,91.6077,0.692919
169.6227,26.4820,90.7762,0.693409
169.1848,26.4289,89.8483,0.693956
168.7894,26.3816,89.0099,0.694453
168.3927,26.3349,88.1682,0.694950
167.9951,26.2887,87.3229,0.695448
167.5972,26.2428,86.4739,0.695949
167.1553,26.1923,85.5262,0.696506
166.7586,26.1469,84.6691,0.697011
166.3636,26.1014,83.8078,0.697515
165.9709,26.0558,82.9420,0.698025
165.5815,26.0102,82.0716,0.698532
165.1534,25.9599,81.0989,0.699098
164.7729,25.9147,80.2181,0.699607
164.3976,25.8700,79.3319,0.700122
164.0283,25.8265,78.4404,0.700640
163.6653,25.7838,77.5438,0.701155
163.2700,25.7374,76.5409,0.701729
162.9221,25.6973,75.6324,0.702248
162.5819,25.6582,74.7186,0.702767
162.2498,25.6202,73.7995,0.703290
161.9261,25.5835,72.8750,0.703812
161.6111,25.5479,71.9453,0.704335
161.3055,25.5136,71.0106,0.704861
160.9774,25.4772,69.9660,0.705445
160.6929,25.4463,69.0205,0.705973
160.4193,25.4175,68.0700,0.706500
160.1568,25.3909,67.1148,0.707027
159.9063,25.3665,66.1567,0.707560
159.6689,25.3450,65.1966,0.708087
159.4447,25.3268,64.2349,0.708615
159.2322,25.3100,63.2717,0.709143
159.0110,25.2945,62.1987,0.709729
158.8229,25.2810,61.2296,0.710256
158.6458,25.2685,60.2562,0.710784
158.4781,25.2556,59.2785,0.711315
158.3206,25.2429,58.2962,0.711847
158.1725,25.2295,57.3102,0.712383
158.0346,25.2159,56.3205,0.712917
157.9071,25.2025,55.3269,0.713453
157.7905,25.1898,54.3293,0.713993
157.6962,25.1795,53.4390,0.714470
157.6003,25.1685,52.4338,0.715013
157.5154,25.1584,51.4249,0.715554
157.4492,25.1502,50.5254,0.716038
157.3863,25.1435,49.5105,0.716582
157.3405,25.1398,48.6058,0.717069
157.3001,25.1379,47.5844,0.717617
157.2731,25.1380,46.6734,0.718105
157.2514,25.1385,45.6460,0.718651
157.2391,25.1384,44.7309,0.719141
157.2322,25.1369,43.6990,0.719700
157.2319,25.1338,42.7794,0.720190
157.2414,25.1315,41.7427,0.720746
157.2630,25.1339,40.7046,0.721306
157.2925,25.1396,39.7797,0.721806
157.3378,25.1515,38.7359,0.722369
157.3858,25.1648,37.8058,0.722867
157.4469,25.1792,36.7579,0.723429
157.5076,25.1909,35.8260,0.723933
157.5839,25.2033,34.7770,0.724494
157.6613,25.2174,33.8432,0.725001
157.7584,25.2367,32.7917,0.725570
157.8551,25.2571,31.8551,0.726075
157.9751,25.2846,30.8001,0.726651
158.0888,25.3089,29.8625,0.727163
158.2243,25.3335,28.8077,0.727737
158.3508,25.3536,27.8707,0.728248
158.5007,25.3752,26.8184,0.728819
158.6423,25.3961,25.8862,0.729330
158.7917,25.4181,24.9574,0.729836
158.9696,25.4435,23.9161,0.730405
159.2260,25.4829,22.5344,0.731164
159.5261,25.5287,21.0471,0.731979
159.8319,25.5882,19.6893,0.732728
160.1917,25.6780,18.2338,0.733534
160.4240,25.7370,17.3433,0.734028
160.6612,25.7933,16.4557,0.734521
160.9324,25.8514,15.4602,0.735074
161.1771,25.8978,14.5778,0.735560
161.4593,25.9468,13.5898,0.736108
161.7172,25.9881,12.7161,0.736592
161.9881,26.0303,11.8489,0.737074
162.3168,26.0903,10.8861,0.737616
162.6275,26.1546,10.0408,0.738096
162.9910,26.2346,9.0982,0.738635
163.3209,26.3049,8.2647,0.739113
163.6976,26.3794,7.3302,0.739650
164.0372,26.4413,6.5026,0.740127
164.3821,26.5000,5.6785,0.740602
164.7795,26.5650,4.7575,0.741136
165.3261,26.6523,3.5403,0.741846
165.6998,26.7095,2.7350,0.742318
166.1294,26.7734,1.8352,0.742847
166.7156,26.8558,0.6447,0.743552
167.3692,26.9423,-0.6325,0.744314
167.7813,26.9948,-1.4115,0.744782
168.2530,27.0521,-2.2824,0.745307
168.6808,27.1023,-3.0514,0.745774
169.1160,27.1519,-3.8152,0.746241
169.6134,27.2058,-4.6694,0.746765
170.0637,27.2526,-5.4240,0.747231
170.5793,27.3046,-6.2672,0.747754
171.0446,27.3493,-7.0118,0.748220
171.5169,27.3926,-7.7523,0.748685
172.3003,27.4615,-8.9448,0.749440
172.7912,27.5026,-9.6719,0.749905
173.3520,27.5477,-10.4838,0.750428
173.8579,27.5875,-11.1989,0.750892
174.4337,27.6316,-11.9954,0.751412
174.9498,27.6696,-12.6953,0.751874
175.5338,27.7119,-13.4713,0.752387
176.0554,27.7492,-14.1517,0.752844
176.6435,27.7896,-14.9067,0.753351
177.1669,27.8253,-15.5670,0.753797
177.7571,27.8656,-16.2989,0.754296
178.2820,27.9000,-16.9408,0.754737
178.8724,27.9386,-17.6510,0.755225
179.3976,27.9730,-18.2729,0.755656
179.9887,28.0109,-18.9627,0.756139
180.5144,28.0448,-19.5665,0.756564
181.1057,28.0822,-20.2366,0.757036
181.6963,28.1196,-20.8962,0.757506
182.2204,28.1524,-21.4748,0.757921
182.7425,28.1844,-22.0458,0.758334
183.3272,28.2207,-22.6790,0.758789
183.8445,28.2520,-23.2349,0.759191
184.3578,28.2827,-23.7833,0.759590
184.9310,28.3180,-24.3917,0.760033
185.5001,28.3521,-24.9928,0.760474
186.0009,28.3813,-25.5201,0.760859
186.5588,28.4151,-26.1053,0.761289
187.0503,28.4459,-26.6195,0.761666
187.5975,28.4802,-27.1916,0.762088
188.0783,28.5107,-27.6938,0.762458
188.6130,28.5464,-28.2523,0.762868
189.0834,28.5788,-28.7439,0.763231
189.6070,28.6149,-29.2915,0.763634
190.1243,28.6514,-29.8333,0.764034
190.5789,28.6840,-30.3105,0.764384
191.0845,28.7203,-30.8426,0.764775
191.5842,28.7564,-31.3700,0.765161
192.0234,28.7889,-31.8354,0.765501
192.5115,28.8253,-32.3547,0.765881
192.9929,28.8615,-32.8696,0.766256
193.4671,28.8977,-33.3802,0.766628
193.8823,28.9300,-33.8308,0.766954
194.3420,28.9667,-34.3342,0.767314
194.7935,29.0039,-34.8342,0.767671
195.1876,29.0375,-35.2760,0.767984
195.6226,29.0760,-35.7704,0.768332
196.0482,29.1154,-36.2623,0.768675
196.4645,29.1554,-36.7516,0.769012
196.8262,29.1916,-37.1849,0.769308
197.2245,29.2322,-37.6707,0.769638
197.6132,29.2723,-38.1545,0.769964
197.9922,29.3121,-38.6368,0.770284
198.3219,29.3461,-39.0644,0.770567
198.6845,29.3825,-39.5443,0.770881
199.0373,29.4179,-40.0234,0.771192
199.3817,29.4513,-40.5024,0.771499
199.7179,29.4820,-40.9817,0.771802
200.0439,29.5120,-41.4624,0.772102
200.3260,29.5378,-41.8918,0.772368
200.6362,29.5645,-42.3771,0.772664
200.9369,29.5903,-42.8661,0.772961
201.2281,29.6159,-43.3596,0.773256
201.5112,29.6398,-43.8569,0.773549
201.7854,29.6628,-44.3586,0.773838
202.0503,29.6856,-44.8651,0.774137
202.2790,29.7050,-45.3192,0.774392
202.5288,29.7253,-45.8342,0.774683
202.7700,29.7453,-46.3541,0.774978
203.0035,29.7643,-46.8790,0.775274
203.2295,29.7817,-47.4083,0.775565
203.4476,29.7981,-47.9425,0.775864
203.6577,29.8138,-48.4814,0.776156
203.8382,29.8264,-48.9640,0.776420
204.0336,29.8394,-49.5112,0.776719
204.2206,29.8518,-50.0632,0.777018
204.3993,29.8631,-50.6194,0.777317
204.5690,29.8736,-51.1803,0.777614
204.7295,29.8838,-51.7456,0.777915
204.8645,29.8923,-52.2518,0.778182
205.0072,29.9016,-52.8253,0.778486
205.1405,29.9103,-53.4030,0.778790
205.2639,29.9188,-53.9846,0.779092
205.3779,29.9266,-54.5697,0.779397
205.4815,29.9343,-55.1585,0.779701
205.5757,29.9412,-55.7502,0.780003
205.6508,29.9471,-56.2787,0.780275
205.7340,29.9537,-56.9423,0.780615
205.7909,29.9590,-57.4754,0.780887
205.8507,29.9654,-58.1436,0.781227
205.8928,29.9715,-58.7466,0.781535
205.9250,29.9770,-59.3505,0.781838
205.9465,29.9824,-59.9558,0.782148
205.9588,29.9869,-60.5617,0.782454
205.9613,29.9907,-61.1684,0.782762
205.9552,29.9931,-61.7754,0.783073
205.9406,29.9937,-62.3827,0.783379
205.9138,29.9925,-63.0571,0.783730
205.8796,29.9903,-63.6635,0.784040
205.8364,29.9862,-64.2694,0.784347
205.7839,29.9803,-64.8748,0.784655
205.7209,29.9735,-65.4794,0.784967
205.6471,29.9662,-66.0831,0.785273
205.5624,29.9585,-66.6853,0.785581
205.4667,29.9503,-67.2857,0.785893
205.3602,29.9414,-67.8841,0.786203
205.2290,29.9309,-68.5461,0.786545
205.0992,29.9210,-69.1390,0.786852
204.9583,29.9108,-69.7288,0.787164
204.7884,29.8994,-70.3798,0.787502
204.6235,29.8890,-70.9616,0.787806
204.4472,29.8785,-71.5392,0.788113
204.2596,29.8680,-72.1123,0.788423
204.0375,29.8565,-72.7435,0.788757
203.8258,29.8462,-73.3063,0.789059
203.6027,29.8361,-73.8639,0.789365
203.3417,29.8250,-74.4771,0.789700
203.0949,29.8153,-75.0228,0.790006
202.8077,29.8049,-75.6218,0.790341
202.5377,29.7958,-76.1541,0.790646
202.2567,29.7871,-76.6798,0.790950
201.9320,29.7777,-77.2558,0.791287
201.6281,29.7702,-77.7663,0.791591
201.2774,29.7633,-78.3239,0.791929
200.9501,29.7586,-78.8166,0.792231
200.6126,29.7549,-79.3007,0.792534
200.2653,29.7518,-79.7768,0.792838
199.9083,29.7489,-80.2446,0.793136
199.5001,29.7467,-80.7537,0.793474
199.1224,29.7461,-81.2015,0.793778
198.6911,29.7480,-81.6872,0.794111
198.2953,29.7490,-82.1159,0.794411
197.8918,29.7494,-82.5357,0.794711
197.4802,29.7502,-82.9455,0.795012
197.0142,29.7519,-83.3895,0.795347
196.5399,29.7532,-83.8221,0.795679
196.0566,29.7546,-84.2424,0.796010
195.6143,29.7566,-84.6094,0.796308
195.1153,29.7596,-85.0044,0.796639
194.6092,29.7625,-85.3867,0.796969
194.1474,29.7647,-85.7198,0.797268
193.6269,29.7677,-86.0766,0.797593
193.1521,29.7714,-86.3852,0.797889
192.6180,29.7766,-86.7140,0.798214
192.0779,29.7817,-87.0291,0.798539
191.5323,29.7864,-87.3307,0.798862
191.0368,29.7903,-87.5905,0.799154
190.4814,29.7943,-87.8662,0.799474
189.9214,29.7981,-88.1281,0.799795
189.3570,29.8015,-88.3762,0.800114
188.8455,29.8042,-88.5882,0.800401
188.2734,29.8064,-88.8112,0.800719
187.6973,29.8083,-89.0206,0.801035
187.1175,29.8098,-89.2170,0.801352
186.5340,29.8107,-89.4004,0.801668
185.9471,29.8114,-89.5707,0.801982
185.3569,29.8116,-89.7285,0.802300
184.8232,29.8108,-89.8607,0.802580
184.2270,29.8090,-89.9960,0.802895
183.2069,29.8057,-90.1976,0.803427
182.7246,29.8035,-90.2806,0.803678
181.9979,29.7991,-90.3913,0.804057
181.2679,29.7941,-90.4849,0.804433
180.7182,29.7900,-90.5442,0.804715
180.1056,29.7852,-90.5992,0.805032
179.4909,29.7798,-90.6434,0.805349
178.9360,29.7748,-90.6742,0.805636
178.3176,29.7688,-90.6992,0.805954
177.6972,29.7628,-90.7147,0.806273
177.0750,29.7565,-90.7218,0.806595
176.4508,29.7504,-90.7212,0.806915
175.8248,29.7441,-90.7140,0.807240
175.1339,29.7374,-90.6995,0.807598
174.5039,29.7311,-90.6814,0.807925
173.8723,29.7252,-90.6594,0.808252
173.2395,29.7191,-90.6341,0.808581
172.6069,29.7133,-90.6060,0.808916
171.9781,29.7086,-90.5754,0.809246
171.3556,29.7052,-90.5428,0.809577
170.7407,29.7025,-90.5087,0.809906
170.1339,29.7016,-90.4729,0.810233
169.5354,29.7029,-90.4360,0.810563
168.8863,29.7062,-90.3948,0.810915
168.3048,29.7103,-90.3576,0.811235
167.7312,29.7155,-90.3211,0.811558
167.1648,29.7214,-90.2861,0.811874
166.6053,29.7275,-90.2535,0.812196
166.0522,29.7335,-90.2239,0.812505
165.4512,29.7400,-90.1960,0.812849
164.9110,29.7460,-90.1759,0.813158
164.3767,29.7515,-90.1614,0.813460
163.8480,29.7567,-90.1533,0.813768
163.2731,29.7618,-90.1527,0.814099
162.8079,29.7661,-90.1594,0.814368
162.2458,29.7712,-90.1769,0.814693
161.7415,29.7758,-90.2022,0.814982
161.1941,29.7807,-90.2408,0.815295
160.7036,29.7846,-90.2860,0.815574
160.2200,29.7887,-90.3414,0.815849
159.7436,29.7922,-90.4066,0.816125
159.2285,29.7960,-90.4904,0.816413
158.7683,29.7991,-90.5774,0.816674
158.3160,29.8014,-90.6743,0.816931
157.8721,29.8037,-90.7819,0.817186
157.4358,29.8053,-90.8995,0.817434
156.9646,29.8059,-91.0404,0.817702
156.5443,29.8060,-91.1799,0.817945
156.1713,29.8051,-91.3141,0.818162
155.7630,29.8031,-91.4732,0.818399
155.3616,29.8005,-91.6434,0.818635
154.9666,29.7970,-91.8237,0.818870
154.5782,29.7923,-92.0144,0.819102
154.1968,29.7869,-92.2159,0.819334
153.8596,29.7814,-92.4059,0.819540
153.4917,29.7742,-92.6265,0.819770
153.1313,29.7663,-92.8579,0.819996
152.7790,29.7582,-93.0996,0.820223
152.4689,29.7503,-93.3257,0.820425
152.1328,29.7417,-93.5871,0.820650
151.8053,29.7331,-93.8583,0.820872
151.4864,29.7239,-94.1387,0.821093
151.1763,29.7144,-94.4285,0.821314
150.8752,29.7046,-94.7275,0.821535
150.5830,29.6947,-95.0356,0.821755
150.3001,29.6850,-95.3526,0.821975
150.0265,29.6751,-95.6777,0.822193
149.7631,29.6660,-96.0115,0.822412
149.5102,29.6574,-96.3532,0.822632
149.2670,29.6488,-96.7025,0.822848
149.0336,29.6396,-97.0586,0.823066
148.8316,29.6304,-97.3845,0.823262
148.5960,29.6185,-97.7899,0.823506
148.3935,29.6081,-98.1648,0.823720
148.2216,29.5995,-98.5074,0.823912
148.0416,29.5903,-98.8927,0.824129
147.8731,29.5810,-99.2827,0.824342
147.7164,29.5712,-99.6770,0.824555
147.5728,29.5615,-100.0754,0.824768
147.4433,29.5530,-100.4778,0.824982
147.3282,29.5458,-100.8842,0.825192
147.2264,29.5390,-101.2943,0.825407
147.1459,29.5326,-101.6659,0.825596
147.0688,29.5256,-102.0817,0.825808
147.0058,29.5195,-102.5004,0.826017
146.9566,29.5147,-102.9214,0.826230
146.9207,29.5106,-103.3441,0.826441
146.8974,29.5065,-103.7678,0.826657
146.8861,29.5016,-104.1923,0.826869
146.8866,29.4964,-104.5746,0.827061
146.8990,29.4901,-104.9996,0.827275
146.9244,29.4834,-105.4243,0.827487
146.9585,29.4770,-105.8059,0.827678
147.0092,29.4699,-106.2288,0.827892
147.0729,29.4626,-106.6499,0.828105
147.1417,29.4559,-107.0274,0.828297
147.2304,29.4482,-107.4444,0.828514
147.3210,29.4409,-107.8178,0.828707
147.4340,29.4324,-108.2300,0.828923
147.5596,29.4237,-108.6392,0.829141
147.6833,29.4157,-109.0049,0.829334
147.8324,29.4065,-109.4078,0.829553
147.9768,29.3981,-109.7676,0.829749
148.1481,29.3884,-110.1634,0.829970
148.3121,29.3793,-110.5168,0.830168
148.5048,29.3688,-110.9056,0.830390
148.6875,29.3591,-111.2521,0.830590
148.9003,29.3477,-111.6337,0.830814
149.1007,29.3371,-111.9739,0.831017
149.3330,29.3253,-112.3483,0.831246
149.5499,29.3139,-112.6821,0.831454
149.7744,29.3024,-113.0132,0.831659
150.0324,29.2897,-113.3775,0.831891
150.2714,29.2781,-113.7023,0.832101
150.5448,29.2653,-114.0604,0.832337
150.7972,29.2535,-114.3801,0.832550
151.0840,29.2398,-114.7325,0.832789
151.3483,29.2274,-115.0473,0.833005
151.6487,29.2139,-115.3946,0.833247
151.9245,29.2018,-115.7049,0.833467
152.2373,29.1881,-116.0473,0.833711
152.5243,29.1757,-116.3531,0.833932
152.8493,29.1616,-116.6905,0.834180
153.1473,29.1488,-116.9919,0.834405
153.4846,29.1345,-117.3241,0.834657
153.7937,29.1215,-117.6206,0.834886
154.1434,29.1069,-117.9475,0.835141
154.4636,29.0936,-118.2392,0.835372
154.7889,29.0801,-118.5285,0.835606
155.1563,29.0649,-118.8473,0.835867
155.5302,29.0494,-119.1634,0.836130
155.8720,29.0353,-119.4455,0.836366
156.2575,29.0191,-119.7563,0.836632
156.6494,29.0026,-120.0643,0.836899
157.0070,28.9870,-120.3391,0.837142
157.4103,28.9694,-120.6413,0.837413
157.7783,28.9529,-120.9106,0.837659
158.1930,28.9342,-121.2063,0.837935
158.6136,28.9153,-121.4982,0.838212
158.9970,28.8976,-121.7575,0.838461
159.4289,28.8785,-122.0415,0.838741
159.8223,28.8612,-122.2931,0.838996
160.2655,28.8428,-122.5685,0.839279
160.7143,28.8253,-122.8391,0.839565
161.1233,28.8103,-123.0788,0.839822
161.5834,28.7947,-123.3409,0.840111
162.0023,28.7813,-123.5730,0.840370
162.4260,28.7683,-123.8017,0.840631
162.9022,28.7547,-124.0518,0.840926
163.3354,28.7432,-124.2731,0.841189
163.8221,28.7310,-124.5150,0.841483
164.2645,28.7198,-124.7292,0.841746
164.7613,28.7068,-124.9633,0.842045
165.2132,28.6949,-125.1702,0.842314
165.7206,28.6819,-125.3956,0.842614
166.1817,28.6699,-125.5944,0.842887
166.6992,28.6563,-125.8106,0.843190
167.1696,28.6437,-126.0008,0.843464
167.6975,28.6296,-126.2071,0.843768
168.1773,28.6169,-126.3880,0.844044
168.7157,28.6030,-126.5836,0.844350
169.2048,28.5903,-126.7549,0.844629
169.6982,28.5772,-126.9216,0.844908
170.2516,28.5625,-127.1015,0.845220
170.7540,28.5491,-127.2583,0.845502
171.3169,28.5341,-127.4267,0.845815
171.8278,28.5202,-127.5731,0.846097
172.3426,28.5064,-127.7141,0.846381
172.9194,28.4911,-127.8646,0.846697
173.4429,28.4772,-127.9944,0.846982
173.9704,28.4642,-128.1181,0.847268
174.5615,28.4510,-128.2489,0.847586
175.0976,28.4394,-128.3608,0.847875
175.6978,28.4274,-128.4785,0.848195
176.2425,28.4182,-128.5784,0.848488
176.8519,28.4084,-128.6833,0.848813
177.4043,28.3995,-128.7721,0.849108
177.9609,28.3922,-128.8554,0.849401
178.5833,28.3847,-128.9419,0.849730
179.1473,28.3768,-129.0149,0.850028
179.7786,28.3687,-129.0898,0.850361
180.3505,28.3631,-129.1512,0.850661
180.9901,28.3571,-129.2136,0.850998
181.5697,28.3507,-129.2654,0.851301
182.1535,28.3447,-129.3125,0.851606
182.8068,28.3400,-129.3591,0.851949
183.3985,28.3367,-129.3968,0.852258
184.0599,28.3333,-129.4346,0.852602
184.7259,28.3309,-129.4682,0.852952
185.3292,28.3296,-129.4950,0.853265
186.0036,28.3293,-129.5214,0.853619
186.6141,28.3295,-129.5423,0.853940
187.2964,28.3304,-129.5626,0.854300
187.9139,28.3318,-129.5784,0.854622
188.6037,28.3326,-129.5936,0.854986
189.2275,28.3330,-129.6051,0.855317
189.9240,28.3330,-129.6154,0.855687
190.6229,28.3321,-129.6235,0.856060
191.2525,28.3306,-129.6290,0.856397
191.9487,28.3288,-129.6336,0.856778
192.6383,28.3260,-129.6376,0.857152
193.3204,28.3228,-129.6415,0.857527
193.9937,28.3197,-129.6461,0.857903
194.6589,28.3162,-129.6523,0.858271
195.3150,28.3130,-129.6609,0.858638
195.9626,28.3090,-129.6727,0.859004
196.6013,28.3054,-129.6888,0.859369
197.2319,28.3012,-129.7098,0.859725
197.8537,28.2974,-129.7369,0.860078
198.4672,28.2940,-129.7708,0.860424
199.0733,28.2904,-129.8117,0.860771
199.6719,28.2854,-129.8595,0.861119
200.2611,28.2812,-129.9159,0.861457
200.8424,28.2777,-129.9818,0.861788
201.4161,28.2743,-130.0571,0.862117
201.9818,28.2695,-130.1412,0.862438
202.5388,28.2649,-130.2356,0.862759
203.0889,28.2591,-130.3395,0.863075
203.6301,28.2535,-130.4542,0.863384
204.1649,28.2462,-130.5782,0.863690
204.6916,28.2379,-130.7123,0.863994
205.2121,28.2280,-130.8562,0.864290
205.6749,28.2177,-130.9943,0.864555
206.1825,28.2055,-131.1578,0.864850
206.6843,28.1906,-131.3309,0.865141
207.1788,28.1755,-131.5157,0.865427
207.6676,28.1576,-131.7098,0.865712
208.1488,28.1392,-131.9156,0.865995
208.6234,28.1190,-132.1314,0.866280
209.0905,28.0975,-132.3579,0.866559
209.5500,28.0750,-132.5951,0.866837
210.0021,28.0511,-132.8427,0.867116
210.4464,28.0265,-133.1015,0.867392
210.8833,28.0008,-133.3712,0.867668
211.3128,27.9745,-133.6523,0.867944
211.7351,27.9475,-133.9450,0.868220
212.1087,27.9228,-134.2181,0.868470
212.5166,27.8950,-134.5322,0.868744
212.9165,27.8669,-134.8574,0.869020
213.3079,27.8384,-135.1930,0.869294
213.6525,27.8127,-135.5037,0.869542
214.0268,27.7836,-135.8580,0.869817
214.3557,27.7570,-136.1849,0.870065
214.7123,27.7269,-136.5564,0.870341
215.0593,27.6961,-136.9366,0.870614
215.3633,27.6678,-137.2859,0.870861
215.6912,27.6360,-137.6819,0.871133
216.0081,27.6041,-138.0862,0.871405
216.2837,27.5752,-138.4567,0.871650
216.5793,27.5427,-138.8754,0.871921
216.8356,27.5128,-139.2581,0.872166
217.1092,27.4789,-139.6888,0.872437
217.3699,27.4448,-140.1246,0.872705
217.6176,27.4105,-140.5647,0.872974
217.8291,27.3795,-140.9638,0.873213
218.0517,27.3445,-141.4102,0.873478
218.2613,27.3088,-141.8595,0.873743
218.4388,27.2759,-142.2661,0.873976
218.6230,27.2390,-142.7204,0.874237
218.7936,27.2018,-143.1770,0.874495
218.9517,27.1635,-143.6361,0.874752
219.0957,27.1251,-144.0962,0.875008
219.2240,27.0889,-144.5576,0.875261
219.3266,27.0579,-144.9738,0.875490
219.4274,27.0239,-145.4372,0.875742
219.5170,26.9878,-145.9007,0.875995
219.5918,26.9521,-146.3638,0.876244
219.6491,26.9200,-146.8271,0.876493
219.6908,26.8914,-147.2903,0.876742
219.7192,26.8649,-147.7531,0.876989
219.7388,26.8361,-148.2157,0.877236
219.7475,26.8068,-148.6783,0.877483
219.7455,26.7776,-149.1411,0.877731
219.7324,26.7511,-149.6047,0.877979
219.7093,26.7213,-150.1160,0.878255
219.6834,26.6901,-150.5812,0.878506
219.6519,26.6555,-151.0472,0.878758
219.6140,26.6209,-151.5140,0.879011
219.5690,26.5884,-151.9816,0.879266
219.5197,26.5551,-152.4488,0.879518
219.4659,26.5205,-152.9164,0.879771
219.4016,26.4797,-153.4306,0.880052
219.3367,26.4438,-153.8981,0.880306
219.2655,26.4096,-154.3649,0.880562
219.1820,26.3741,-154.8767,0.880842
219.1018,26.3434,-155.3373,0.881092
219.0099,26.3097,-155.8376,0.881364
218.9231,26.2814,-156.2851,0.881606
218.8241,26.2500,-156.7702,0.881868
218.7217,26.2187,-157.2470,0.882126
218.6249,26.1895,-157.6732,0.882357
218.5178,26.1568,-158.1068,0.882594
218.4166,26.1252,-158.4918,0.882804
218.3136,26.0990,-158.8724,0.883012
218.2025,26.0737,-159.2439,0.883214
218.0834,26.0469,-159.6071,0.883416
217.9513,26.0214,-159.9595,0.883615
217.8059,25.9986,-160.3005,0.883810
217.6539,25.9722,-160.6339,0.884002
217.4954,25.9434,-160.9570,0.884193
217.3304,25.9121,-161.2719,0.884380
217.1559,25.8847,-161.5749,0.884564
216.9912,25.8639,-161.8445,0.884732
216.8028,25.8407,-162.1385,0.884916
216.6074,25.8180,-162.4302,0.885100
216.4256,25.7938,-162.6940,0.885269
216.2177,25.7681,-162.9822,0.885457
216.0234,25.7444,-163.2421,0.885629
215.8029,25.7177,-163.5262,0.885818
215.5966,25.6952,-163.7818,0.885992
215.3642,25.6704,-164.0612,0.886184
215.1480,25.6498,-164.3119,0.886359
214.9280,25.6279,-164.5598,0.886534
214.6783,25.6040,-164.8301,0.886730
214.4451,25.5823,-165.0732,0.886909
214.2053,25.5617,-165.3137,0.887090
213.9597,25.5413,-165.5522,0.887273
213.7093,25.5207,-165.7888,0.887458
213.4526,25.5006,-166.0232,0.887640
213.1911,25.4811,-166.2557,0.887832
212.9246,25.4637,-166.4867,0.888019
212.6526,25.4486,-166.7158,0.888210
212.3759,25.4337,-166.9429,0.888403
212.1227,25.4199,-167.1451,0.888579
211.8358,25.4052,-167.3671,0.888774
211.5434,25.3911,-167.5864,0.888971
211.2461,25.3765,-167.8031,0.889171
210.9435,25.3616,-168.0168,0.889372
210.6658,25.3494,-168.2069,0.889553
210.3524,25.3367,-168.4155,0.889760
210.0339,25.3248,-168.6214,0.889965
209.7430,25.3149,-168.8041,0.890153
209.4154,25.3035,-169.0047,0.890361
209.0827,25.2914,-169.2031,0.890575
208.7790,25.2813,-169.3795,0.890770
208.4373,25.2710,-169.5728,0.890986
208.1256,25.2620,-169.7451,0.891180
207.7750,25.2529,-169.9348,0.891402
207.4558,25.2454,-170.1037,0.891599
207.0969,25.2370,-170.2898,0.891824
206.7701,25.2303,-170.4558,0.892027
206.4026,25.2241,-170.6385,0.892254
206.0678,25.2192,-170.8013,0.892456
205.6916,25.2150,-170.9806,0.892688
205.3492,25.2122,-171.1403,0.892899
204.9642,25.2098,-171.3158,0.893134
204.6139,25.2089,-171.4722,0.893347
204.2206,25.2087,-171.6439,0.893585
203.8624,25.2095,-171.7966,0.893801
203.4604,25.2118,-171.9640,0.894038
203.0948,25.2145,-172.1127,0.894256
202.6841,25.2183,-172.2756,0.894499
202.3107,25.2226,-172.4200,0.894718
201.8913,25.2280,-172.5778,0.894963
201.5099,25.2334,-172.7175,0.895190
201.0815,25.2395,-172.8697,0.895439
200.6919,25.2453,-173.0037,0.895667
200.2546,25.2522,-173.1491,0.895917
199.8124,25.2595,-173.2905,0.896174
199.3658,25.2662,-173.4281,0.896427
198.9147,25.2724,-173.5614,0.896687
198.4588,25.2780,-173.6905,0.896943
198.0444,25.2830,-173.8027,0.897183
197.5795,25.2885,-173.9229,0.897444
197.1101,25.2932,-174.0385,0.897712
196.6361,25.2978,-174.1493,0.897976
196.1574,25.3024,-174.2552,0.898242
195.6739,25.3070,-174.3562,0.898511
195.2349,25.3110,-174.4431,0.898758
194.7428,25.3151,-174.5354,0.899028
194.2460,25.3195,-174.6228,0.899307
193.7447,25.3241,-174.7056,0.899583
193.2390,25.3287,-174.7840,0.899856
192.7802,25.3327,-174.8508,0.900110
192.2662,25.3369,-174.9211,0.900393
191.7478,25.3410,-174.9871,0.900680
191.2251,25.3450,-175.0490,0.900961
190.6978,25.3486,-175.1067,0.901249
190.2195,25.3519,-175.1550,0.901508
189.6839,25.3555,-175.2047,0.901797
189.1439,25.3590,-175.2500,0.902089
188.5995,25.3624,-175.2908,0.902382
188.0508,25.3657,-175.3272,0.902677
187.5532,25.3687,-175.3560,0.902948
186.9963,25.3718,-175.3837,0.903245
186.4350,25.3747,-175.4067,0.903550
185.8694,25.3771,-175.4252,0.903858
185.2995,25.3792,-175.4390,0.904161
184.7255,25.3812,-175.4480,0.904470
184.2052,25.3820,-175.4525,0.904745
183.6232,25.3816,-175.4534,0.905058
183.0368,25.3804,-175.4499,0.905371
182.4460,25.3782,-175.4423,0.905692
181.9110,25.3750,-175.4320,0.905977
181.3125,25.3702,-175.4166,0.906297
180.7095,25.3640,-175.3974,0.906623
180.1026,25.3564,-175.3743,0.906949
179.5527,25.3494,-175.3495,0.907250
178.9373,25.3406,-175.3181,0.907581
178.3800,25.3306,-175.2872,0.907880
177.8191,25.3210,-175.2525,0.908184
177.1915,25.3123,-175.2093,0.908524
176.6232,25.3032,-175.1675,0.908831
175.9877,25.2895,-175.1188,0.909176
175.4115,25.2788,-175.0714,0.909490
174.7670,25.2708,-175.0143,0.909837
174.1839,25.2627,-174.9608,0.910156
173.5975,25.2503,-174.9060,0.910478
172.9402,25.2361,-174.8420,0.910837
172.3444,25.2265,-174.7810,0.911162
171.6795,25.2177,-174.7107,0.911529
171.0786,25.2082,-174.6461,0.911855
170.4056,25.1964,-174.5718,0.912219
169.7948,25.1866,-174.5020,0.912555
169.1800,25.1778,-174.4296,0.912887
168.4928,25.1689,-174.3469,0.913259
167.8708,25.1618,-174.2704,0.913602
167.1759,25.1538,-174.1827,0.913974
166.5466,25.1454,-174.1014,0.914315
165.9133,25.1366,-174.0172,0.914663
165.2050,25.1273,-173.9201,0.915049
164.5638,25.1196,-173.8292,0.915398
163.8476,25.1116,-173.7242,0.915785
163.1996,25.1040,-173.6262,0.916141
162.4753,25.0952,-173.5131,0.916535
161.8195,25.0874,-173.4073,0.916892
161.0866,25.0794,-173.2853,0.917293
160.4235,25.0724,-173.1714,0.917656
159.6830,25.0683,-173.0398,0.918059
159.0127,25.0645,-172.9177,0.918426
158.2636,25.0577,-172.7785,0.918835
157.5844,25.0528,-172.6492,0.919208
156.8263,25.0497,-172.5014,0.919618
156.1418,25.0460,-172.3656,0.919991
155.3773,25.0410,-172.2111,0.920412
154.6845,25.0364,-172.0685,0.920788
153.9878,25.0321,-171.9223,0.921174
153.2093,25.0285,-171.7555,0.921603
152.5052,25.0260,-171.6019,0.921987
151.7190,25.0233,-171.4274,0.922418
151.0078,25.0209,-171.2671,0.922809
150.2931,25.0185,-171.1035,0.923201
149.4948,25.0159,-170.9180,0.923641
148.7726,25.0139,-170.7476,0.924035
147.9662,25.0121,-170.5545,0.924477
147.2368,25.0103,-170.3774,0.924881
146.4223,25.0083,-170.1769,0.925324
145.6858,25.0066,-169.9931,0.925732
144.8634,25.0047,-169.7850,0.926184
144.1197,25.0030,-169.5944,0.926593
143.3727,25.0015,-169.4004,0.927003
142.5387,25.0001,-169.1810,0.927462
141.7847,24.9990,-168.9799,0.927875
140.9430,24.9978,-168.7525,0.928342
140.1821,24.9968,-168.5442,0.928763
139.3331,24.9959,-168.3086,0.929231
138.5657,24.9952,-168.0926,0.929653
137.7954,24.9950,-167.8728,0.930081
136.9359,24.9948,-167.6239,0.930557
136.1591,24.9948,-167.3956,0.930987
135.3795,24.9951,-167.1631,0.931420
134.5101,24.9954,-166.8999,0.931901
133.7250,24.9957,-166.6584,0.932337
132.8494,24.9962,-166.3849,0.932825
132.0586,24.9966,-166.1340,0.933267
131.2651,24.9972,-165.8785,0.933710
130.3806,24.9979,-165.5892,0.934204
129.5820,24.9985,-165.3239,0.934651
128.6919,24.9991,-165.0236,0.935150
127.8883,24.9995,-164.7484,0.935601
126.9926,24.9998,-164.4369,0.936105
126.1841,25.0002,-164.1516,0.936560
125.3732,24.9999,-163.8617,0.937018
124.5601,24.9992,-163.5673,0.937477
123.6543,24.9982,-163.2352,0.937990
122.8366,24.9982,-162.9310,0.938453
122.0166,24.9993,-162.6216,0.938918
121.1030,25.0001,-162.2726,0.939437
120.2786,24.9997,-161.9541,0.939906
119.5439,24.9997,-161.6670,0.940325
118.6232,25.0005,-161.3029,0.940850
117.6999,25.0010,-160.9338,0.941378
116.8666,25.0009,-160.5976,0.941856
116.0308,25.0007,-160.2576,0.942335
115.1926,25.0006,-159.9138,0.942816
114.3521,25.0006,-159.5665,0.943299
113.5092,25.0007,-159.2158,0.943785
112.6639,25.0007,-158.8619,0.944271
111.8162,25.0007,-158.5050,0.944759
111.0607,25.0007,-158.1853,0.945197
110.2086,25.0006,-157.8229,0.945688
109.3541,25.0006,-157.4577,0.946183
108.4972,25.0006,-157.0898,0.946677
107.6381,25.0006,-156.7194,0.947174
106.8724,25.0006,-156.3881,0.947618
106.0087,25.0006,-156.0134,0.948117
105.1426,25.0005,-155.6366,0.948621
104.2740,25.0005,-155.2581,0.949123
103.4029,25.0005,-154.8781,0.949629
102.5291,25.0005,-154.4968,0.950135
101.6528,25.0005,-154.1140,0.950641
100.7740,25.0005,-153.7301,0.951151
99.8926,25.0004,-153.3452,0.951664
99.0086,25.0004,-152.9594,0.952177
98.1221,25.0004,-152.5729,0.952690
97.2329,25.0004,-152.1856,0.953206
96.4405,25.0004,-151.8408,0.953665
95.5466,25.0004,-151.4523,0.954183
94.6504,25.0004,-151.0633,0.954702
93.7517,25.0004,-150.6736,0.955222
92.8507,25.0004,-150.2832,0.955745
91.9474,25.0004,-149.8923,0.956267
91.0419,25.0003,-149.5007,0.956791
90.1342,25.0003,-149.1086,0.957316
89.2243,25.0003,-148.7158,0.957843
88.3123,25.0003,-148.3224,0.958371
87.3983,25.0003,-147.9284,0.958899
86.3803,25.0003,-147.4899,0.959488
85.4620,25.0003,-147.0947,0.960019
84.5418,25.0003,-146.6989,0.960552
83.6197,25.0003,-146.3026,0.961084
82.6957,25.0002,-145.9057,0.961618
81.7698,25.0002,-145.5082,0.962154
80.8422,25.0002,-145.1103,0.962690
79.8094,25.0002,-144.6676,0.963285
78.8789,25.0002,-144.2690,0.963820
77.9476,25.0002,-143.8703,0.964357
76.9121,25.0002,-143.4274,0.964960
75.9807,25.0002,-143.0292,0.965498
75.0498,25.0002,-142.6316,0.966035
74.0162,25.0002,-142.1904,0.966632
73.0865,25.0002,-141.7938,0.967168
72.1557,25.0002,-141.3970,0.967706
71.1192,25.0002,-140.9555,0.968302
70.1836,25.0001,-140.5571,0.968844
69.2451,25.0000,-140.1577,0.969385
68.3037,25.0000,-139.7573,0.969930
67.2545,25.0000,-139.3111,0.970537
66.3073,25.0000,-138.9083,0.971080
65.3573,25.0001,-138.5044,0.971626
64.2985,25.0001,-138.0542,0.972238
63.3427,25.0000,-137.6478,0.972788
62.3841,25.0000,-137.2402,0.973343
61.4229,25.0000,-136.8314,0.973898
60.3517,25.0000,-136.3758,0.974514
59.3846,25.0000,-135.9648,0.975075
58.4146,25.0000,-135.5532,0.975636
57.4416,25.0000,-135.1412,0.976194
56.4656,24.9999,-134.7290,0.976754
55.3775,24.9999,-134.2708,0.977379
54.3950,24.9999,-133.8585,0.977948
53.4093,24.9999,-133.4463,0.978516
52.3103,24.9999,-132.9884,0.979148
51.3180,24.9999,-132.5766,0.979721
50.3225,24.9998,-132.1650,0.980294
49.3239,24.9998,-131.7535,0.980866
48.3223,24.9998,-131.3421,0.981437
47.3176,24.9998,-130.9308,0.982015
46.3098,24.9998,-130.5196,0.982595
45.2991,24.9998,-130.1084,0.983170
44.2854,24.9997,-129.6971,0.983751
43.2687,24.9997,-129.2858,0.984336
42.2492,24.9997,-128.8745,0.984916
41.2268,24.9997,-128.4632,0.985501
40.2015,24.9997,-128.0517,0.986086
39.1735,24.9997,-127.6403,0.986673
38.1427,24.9997,-127.2288,0.987263
37.1091,24.9996,-126.8172,0.987853
36.0729,24.9996,-126.4056,0.988446
35.0339,24.9996,-125.9940,0.989039
34.1082,24.9996,-125.6282,0.989566
33.0642,24.9996,-125.2166,0.990162
32.0176,24.9996,-124.8051,0.990763
30.9685,24.9996,-124.3936,0.991359
29.9167,24.9995,-123.9821,0.991959
28.8624,24.9995,-123.5707,0.992563
27.8056,24.9995,-123.1594,0.993164
26.7464,24.9995,-122.7481,0.993766
25.8027,24.9995,-122.3827,0.994305
24.7388,24.9995,-121.9717,0.994911
23.6724,24.9994,-121.5608,0.995523
22.6036,24.9994,-121.1500,0.996132
21.5324,24.9994,-120.7394,0.996742
20.4589,24.9994,-120.3290,0.997354
19.3831,24.9994,-119.9187,0.997967
18.3049,24.9994,-119.5086,0.998585
17.2244,24.9994,-119.0987,0.999206
16.1417,24.9994,-118.6889,0.999834
13.9697,24.9993,-117.8699,0.001083
12.8805,24.9993,-117.4604,0.001690
11.7892,24.9993,-117.0510,0.002295
10.8174,24.9993,-116.6870,0.002837
9.7223,24.9993,-116.2774,0.003316
8.6252,24.9993,-115.8678,0.004074
7.5263,24.9993,-115.4580,0.004695
6.4255,24.9992,-115.0479,0.005316
5.3228,24.9992,-114.6377,0.005938
