-342.2320,11.0435,64.7814,0.001795
-342.1142,11.0436,65.3828,0.002567
-341.9167,11.0434,66.3872,0.003875
-341.7313,11.0431,67.3266,0.005075
-341.5313,11.0429,68.3355,0.006377
-341.3436,11.0432,69.2795,0.007605
-341.1548,11.0437,70.2256,0.008823
-340.9515,11.0440,71.2415,0.010130
-340.7606,11.0442,72.1918,0.011363
-340.5687,11.0443,73.1442,0.012592
-340.3758,11.0446,74.0986,0.013825
-340.1819,11.0449,75.0550,0.015069
-339.9729,11.0452,76.0819,0.016391
-339.7768,11.0455,77.0424,0.017636
-339.5797,11.0458,78.0048,0.018872
-339.3816,11.0461,78.9691,0.020119
-339.1682,11.0464,80.0044,0.021461
-338.9679,11.0468,80.9727,0.022717
-338.7666,11.0471,81.9428,0.023969
-338.5643,11.0475,82.9147,0.025230
-338.3610,11.0478,83.8885,0.026489
-338.1420,11.0482,84.9338,0.027833
-337.9364,11.0486,85.9112,0.029107
-337.7295,11.0490,86.8903,0.030378
-337.5205,11.0494,87.8709,0.031654
-337.3089,11.0498,88.8527,0.032920
-337.0786,11.0504,89.9059,0.034279
-336.8752,11.0509,90.8193,0.035464
-336.6357,11.0516,91.8738,0.036830
-336.4068,11.0523,92.8582,0.038118
-336.1890,11.0530,93.7725,0.039303
-335.9485,11.0538,94.7570,0.040584
-335.6837,11.0549,95.8116,0.041960
-335.4479,11.0559,96.7252,0.043174
-335.1685,11.0571,97.7789,0.044690
-334.9004,11.0584,98.7618,0.044874
-334.6254,11.0598,99.7441,0.047192
-334.3436,11.0613,100.7258,0.048314
-334.0344,11.0630,101.7772,0.050560
-333.7394,11.0647,102.7580,0.050871
-333.4385,11.0665,103.7385,0.052342
-333.1322,11.0684,104.7188,0.053662
-332.8208,11.0704,105.6991,0.054967
-332.4822,11.0725,106.7495,0.056345
-332.1619,11.0746,107.7300,0.057652
-331.8378,11.0768,108.7108,0.058951
-331.5103,11.0789,109.6919,0.060264
-331.1796,11.0811,110.6734,0.061572
-330.8217,11.0834,111.7254,0.062978
-330.4844,11.0856,112.7076,0.064287
-330.1435,11.0877,113.6898,0.065611
-329.7987,11.0899,114.6719,0.066926
-329.4497,11.0921,115.6537,0.068237
-329.0965,11.0942,116.6341,0.069567
-328.7386,11.0964,117.6130,0.070884
-328.3755,11.0984,118.5905,0.072201
-328.0072,11.1005,119.5660,0.073517
-327.6331,11.1027,120.5396,0.074829
-327.2807,11.1046,121.4417,0.076054
-326.8677,11.1070,122.4799,0.077473
-326.4759,11.1091,123.4466,0.078794
-326.0783,11.1114,124.4108,0.080111
-325.6461,11.1137,125.4415,0.081527
-325.2665,11.1158,126.3327,0.082747
-324.8233,11.1182,127.3590,0.084155
-324.4049,11.1203,128.3153,0.085481
-323.9827,11.1225,129.2701,0.086802
-323.5571,11.1247,130.2239,0.088122
-323.1287,11.1268,131.1774,0.089440
-322.6984,11.1289,132.1303,0.090766
-322.2667,11.1309,133.0833,0.092093
-321.8340,11.1328,134.0367,0.093416
-321.3701,11.1347,135.0585,0.094838
-320.9368,11.1362,136.0126,0.096168
-320.5038,11.1374,136.9674,0.097500
-320.0713,11.1389,137.9225,0.098830
-319.6082,11.1412,138.9468,0.100256
-319.1772,11.1442,139.9037,0.101583
-318.7480,11.1479,140.8616,0.102917
-318.3219,11.1518,141.8212,0.104248
-317.8702,11.1567,142.8512,0.105672
-317.4545,11.1620,143.8146,0.106998
-317.0459,11.1683,144.7804,0.108332
-316.6453,11.1754,145.7489,0.109662
-316.2535,11.1830,146.7202,0.110989
-315.8710,11.1904,147.6943,0.112314
-315.4983,11.1971,148.6712,0.113644
-315.1359,11.2031,149.6508,0.114957
-314.7844,11.2089,150.6335,0.116281
-314.4445,11.2146,151.6190,0.117592
-314.0934,11.2205,152.6785,0.119013
-313.7780,11.2257,153.6701,0.120317
-313.4745,11.2305,154.6646,0.121633
-313.1831,11.2350,155.6618,0.122947
-312.9037,11.2393,156.6617,0.124272
-312.6362,11.2432,157.6642,0.125596
-312.3807,11.2470,158.6690,0.126923
-312.1203,11.2507,159.7477,0.128358
-311.8896,11.2539,160.7555,0.129708
-311.6557,11.2570,161.8347,0.131171
-311.4505,11.2596,162.8407,0.132501
-311.2583,11.2618,163.8446,0.133874
-311.0799,11.2637,164.8459,0.135215
-310.9156,11.2653,165.8443,0.136559
-310.7661,11.2665,166.8393,0.137921
-310.6314,11.2673,167.8306,0.139246
-310.5120,11.2675,168.8179,0.140581
-310.4014,11.2671,169.8710,0.141973
-310.3151,11.2669,170.8488,0.143286
-310.2457,11.2673,171.8214,0.144575
-310.1906,11.2689,172.8571,0.145930
-310.1567,11.2710,173.8174,0.147196
-310.1391,11.2729,174.7715,0.148437
-310.1381,11.2745,175.7864,0.149750
-310.1540,11.2763,176.7262,0.150960
-310.1867,11.2790,177.6582,0.152166
-310.2360,11.2829,178.5821,0.153366
-310.3065,11.2876,179.5627,0.154628
-310.3885,11.2924,180.4690,0.155786
-310.4858,11.2975,181.3664,0.156946
-310.6071,11.3036,182.3173,0.158163
-310.7360,11.3098,183.1948,0.159299
-310.8794,11.3163,184.0622,0.160416
-311.0371,11.3229,184.9194,0.161537
-311.2216,11.3299,185.8262,0.162714
-311.4079,11.3362,186.6615,0.163798
-311.6079,11.3427,187.4853,0.164876
-311.8219,11.3505,188.2972,0.165942
-312.0499,11.3597,189.0966,0.166999
-312.2734,11.3687,189.8280,0.167972
-312.5257,11.3776,190.6042,0.169006
-312.7896,11.3854,191.3684,0.170032
-313.0652,11.3928,192.1202,0.171043
-313.3527,11.4003,192.8586,0.172042
-313.6519,11.4081,193.5834,0.173031
-313.9400,11.4156,194.2441,0.173944
-314.2609,11.4237,194.9420,0.174917
-314.5927,11.4321,195.6256,0.175869
-314.9349,11.4408,196.2948,0.176815
-315.2872,11.4493,196.9495,0.177748
-315.6491,11.4574,197.5899,0.178676
-316.0204,11.4653,198.2155,0.179585
-316.4006,11.4729,198.8261,0.180481
-316.7897,11.4806,199.4214,0.181370
-317.1872,11.4881,200.0012,0.182248
-317.5927,11.4953,200.5657,0.183123
-318.0059,11.5020,201.1146,0.183975
-318.4263,11.5085,201.6477,0.184818
-318.8230,11.5143,202.1285,0.185597
-319.2565,11.5203,202.6306,0.186420
-319.6962,11.5261,203.1163,0.187230
-320.1415,11.5316,203.5856,0.188027
-320.5598,11.5364,204.0066,0.188766
-321.0150,11.5413,204.4439,0.189541
-321.4747,11.5459,204.8643,0.190313
-321.9383,11.5502,205.2678,0.191073
-322.4053,11.5543,205.6542,0.191817
-322.8753,11.5581,206.0234,0.192551
-323.3477,11.5615,206.3755,0.193276
-323.8221,11.5646,206.7103,0.193988
-324.2976,11.5674,207.0279,0.194688
-324.7400,11.5698,207.3073,0.195318
-325.2505,11.5723,207.6111,0.196040
-325.7267,11.5744,207.8767,0.196702
-326.2020,11.5763,208.1250,0.197362
-326.6760,11.5779,208.3561,0.198001
-327.1484,11.5795,208.5699,0.198628
-327.6190,11.5810,208.7666,0.199236
-328.0875,11.5825,208.9462,0.199839
-328.5538,11.5839,209.1089,0.200437
-329.0504,11.5851,209.2644,0.201059
-329.5107,11.5861,209.3923,0.201629
-329.9677,11.5871,209.5034,0.202188
-330.4206,11.5881,209.5979,0.202739
-330.8692,11.5891,209.6760,0.203284
-331.3130,11.5899,209.7378,0.203819
-331.8137,11.5906,209.7886,0.204415
-332.2454,11.5912,209.8159,0.204927
-332.6709,11.5915,209.8274,0.205433
-333.1196,11.5918,209.8221,0.205967
-333.5314,11.5919,209.8009,0.206457
-333.9364,11.5918,209.7638,0.206938
-334.3347,11.5916,209.7107,0.207414
-334.7264,11.5912,209.6413,0.207889
-335.1386,11.5907,209.5490,0.208388
-335.4897,11.5899,209.4539,0.208819
-335.8612,11.5887,209.3361,0.209281
-336.2260,11.5869,209.2022,0.209743
-336.5837,11.5847,209.0524,0.210205
-336.9342,11.5820,208.8867,0.210668
-337.2775,11.5787,208.7054,0.211134
-337.6132,11.5747,208.5087,0.211607
-337.9412,11.5700,208.2967,0.212077
-338.2386,11.5651,208.0861,0.212517
-338.5509,11.5595,207.8446,0.212997
-338.8759,11.5531,207.5690,0.213520
-339.1699,11.5467,207.2965,0.214014
-339.4546,11.5399,207.0095,0.214517
-339.7295,11.5331,206.7078,0.215025
-339.9942,11.5265,206.3915,0.215548
-340.2482,11.5202,206.0607,0.216077
-340.4915,11.5139,205.7160,0.216611
-340.7237,11.5072,205.3578,0.217157
-340.9447,11.5002,204.9867,0.217716
-341.1539,11.4935,204.6023,0.218298
-341.3526,11.4893,204.2028,0.218878
-341.5396,11.4840,203.7887,0.219471
-341.7277,11.4760,203.3315,0.220137
-341.8805,11.4683,202.9232,0.220713
-342.0436,11.4589,202.4386,0.221409
-342.1818,11.4515,201.9739,0.222059
-342.3062,11.4459,201.4973,0.222733
-342.4175,11.4413,201.0088,0.223399
-342.5165,11.4368,200.5084,0.224102
-342.6034,11.4322,199.9958,0.224807
-342.6785,11.4273,199.4710,0.225516
-342.7461,11.4222,198.8949,0.226303
-342.7975,11.4177,198.3443,0.227051
-342.8391,11.4134,197.7816,0.227805
-342.8728,11.4089,197.2068,0.228584
-342.9013,11.4050,196.6193,0.229394
-342.9277,11.4006,196.0197,0.230216
-342.9572,11.3956,195.3635,0.231115
-342.9884,11.3907,194.7382,0.232004
-343.0249,11.3853,194.1007,0.232893
-343.0708,11.3790,193.4045,0.233863
-343.1208,11.3727,192.7429,0.234792
-343.1780,11.3664,192.0704,0.235743
-343.2422,11.3599,191.3884,0.236633
-343.3178,11.3525,190.6493,0.237655
-343.3939,11.3451,189.9526,0.238618
-343.4744,11.3376,189.2491,0.239547
-343.5580,11.3300,188.5390,0.240499
-343.6431,11.3220,187.8230,0.241454
-343.7283,11.3135,187.1010,0.242417
-343.8122,11.3045,186.3724,0.243402
-343.8936,11.2951,185.6376,0.244382
-343.9767,11.2846,184.8432,0.245398
-344.0496,11.2741,184.0953,0.246394
-344.1214,11.2625,183.2871,0.247436
-344.1817,11.2517,182.5265,0.248424
-344.2350,11.2413,181.7597,0.249430
-344.2807,11.2314,180.9869,0.250398
-344.3188,11.2215,180.2085,0.251414
-344.3510,11.2106,179.3687,0.252497
-344.3730,11.2001,178.5796,0.253508
-344.3868,11.1895,177.7855,0.254524
-344.3924,11.1790,176.9865,0.255542
-344.3896,11.1686,176.1829,0.256584
-344.3785,11.1584,175.3749,0.257607
-344.3573,11.1474,174.5045,0.258718
-344.3287,11.1373,173.6880,0.259769
-344.2917,11.1272,172.8678,0.260817
-344.2461,11.1173,172.0439,0.261868
-344.1920,11.1074,171.2166,0.262949
-344.1297,11.0977,170.3861,0.264009
-344.0542,11.0873,169.4928,0.265154
-343.9761,11.0776,168.6559,0.266239
-343.8915,11.0680,167.8160,0.267307
-343.8017,11.0585,166.9729,0.268403
-343.7015,11.0483,166.0660,0.269579
-343.6067,11.0386,165.2159,0.270680
-343.5063,11.0282,164.3008,0.271864
-343.4226,11.0191,163.5043,0.272881
-343.3380,11.0092,162.6431,0.273989
-343.2607,10.9992,161.7785,0.275099
-343.1872,10.9882,160.8485,0.276292
-343.1282,10.9778,159.9772,0.277399
-343.0759,10.9664,159.0401,0.278592
-343.0376,10.9556,158.1625,0.279701
-343.0097,10.9447,157.2820,0.280792
-342.9923,10.9335,156.3986,0.281883
-342.9852,10.9221,155.5126,0.282999
-342.9894,10.9098,154.5604,0.284148
-343.0042,10.8980,153.6694,0.285264
-343.0321,10.8852,152.7124,0.286445
-343.0696,10.8731,151.8175,0.287548
-343.1187,10.8607,150.9213,0.288652
-343.1800,10.8482,150.0242,0.289747
-343.2538,10.8357,149.1267,0.290851
-343.3408,10.8232,148.2291,0.291970
-343.4489,10.8098,147.2682,0.293160
-343.5638,10.7972,146.3736,0.294270
-343.6918,10.7840,145.4828,0.295388
-343.8320,10.7692,144.5967,0.296504
-343.9958,10.7511,143.6542,0.297683
-344.1638,10.7355,142.7831,0.298790
-344.3632,10.7246,141.8612,0.299943
-344.5674,10.7202,141.0113,0.301031
-344.7847,10.7150,140.1700,0.302113
-345.0105,10.7028,139.3350,0.303190
-345.2622,10.6832,138.4487,0.304334
-345.5121,10.6675,137.6333,0.305389
-345.7789,10.6572,136.8313,0.306444
-346.0603,10.6494,136.0409,0.307488
-346.3534,10.6395,135.2596,0.308534
-346.6576,10.6265,134.4869,0.309555
-346.9746,10.6132,133.7242,0.310580
-347.3313,10.6028,132.9201,0.311681
-347.6804,10.5967,132.1819,0.312698
-348.0703,10.5915,131.4025,0.313789
-348.4485,10.5866,130.6849,0.314794
-348.8408,10.5821,129.9770,0.315804
-349.2478,10.5791,129.2793,0.316813
-349.6696,10.5777,128.5921,0.317821
-350.1057,10.5778,127.9157,0.318819
-350.5899,10.5806,127.2030,0.319890
-351.0581,10.5870,126.5493,0.320887
-351.5403,10.5950,125.9061,0.321895
-352.0340,10.6021,125.2721,0.322887
-352.5750,10.6082,124.6028,0.323961
-353.0913,10.6146,123.9886,0.324964
-353.6189,10.6237,123.3858,0.325962
-354.1569,10.6347,122.7935,0.326960
-354.7041,10.6459,122.2108,0.327944
-355.2598,10.6564,121.6373,0.328941
-355.8240,10.6669,121.0739,0.329937
-356.3969,10.6776,120.5212,0.330933
-356.9786,10.6891,119.9798,0.331917
-357.5688,10.7011,119.4503,0.332899
-358.1676,10.7139,118.9334,0.333881
-358.8182,10.7279,118.3939,0.334938
-359.4336,10.7412,117.9042,0.335922
-360.0566,10.7547,117.4281,0.336897
-360.6871,10.7677,116.9656,0.337869
-361.3247,10.7809,116.5171,0.338849
-361.9694,10.7938,116.0824,0.339822
-362.6676,10.8068,115.6319,0.340858
-363.3267,10.8189,115.2257,0.341836
-363.9933,10.8313,114.8333,0.342806
-364.6676,10.8438,114.4544,0.343782
-365.3988,10.8564,114.0624,0.344816
-366.0895,10.8677,113.7093,0.345790
-366.7886,10.8795,113.3683,0.346772
-367.5464,10.8922,113.0152,0.347824
-368.2609,10.9041,112.6955,0.348814
-368.9807,10.9160,112.3829,0.349800
-369.7037,10.9283,112.0740,0.350783
-370.4267,10.9413,111.7649,0.351781
-371.1463,10.9547,111.4516,0.352772
-371.9110,10.9689,111.1085,0.353835
-372.6175,10.9817,110.7795,0.354815
-373.3156,10.9940,110.4412,0.355798
-374.0040,11.0060,110.0924,0.356780
-374.6814,11.0181,109.7326,0.357755
-375.3469,11.0304,109.3615,0.358721
-376.0000,11.0425,108.9794,0.359678
-376.6406,11.0538,108.5867,0.360637
-377.2686,11.0637,108.1841,0.361577
-377.9270,11.0728,107.7418,0.362589
-378.4849,11.0799,107.3496,0.363459
-379.1546,11.0885,106.8555,0.364527
-379.7652,11.0961,106.3817,0.365513
-380.3202,11.1024,105.9308,0.366429
-380.8607,11.1075,105.4720,0.367354
-381.3867,11.1116,105.0057,0.368275
-381.8973,11.1152,104.5321,0.369187
-382.4271,11.1192,104.0166,0.370157
-382.9052,11.1231,103.5283,0.371071
-383.3677,11.1269,103.0335,0.371975
-383.8465,11.1302,102.4964,0.372934
-384.2472,11.1327,102.0252,0.373763
-384.6932,11.1353,101.4749,0.374717
-385.0934,11.1378,100.9551,0.375598
-385.4781,11.1407,100.4292,0.376490
-385.8729,11.1441,99.8592,0.377433
-386.2249,11.1471,99.3212,0.378318
-386.5608,11.1501,98.7779,0.379179
-386.9022,11.1533,98.1904,0.380091
-387.2027,11.1566,97.6374,0.380964
-387.4854,11.1608,97.0807,0.381800
-387.7491,11.1674,96.5206,0.382638
-388.0103,11.1803,95.9169,0.383517
-388.2357,11.1934,95.3502,0.384339
-388.4477,11.2044,94.7819,0.385140
-388.6634,11.2091,94.1723,0.385988
-388.8547,11.2113,93.6031,0.386774
-389.0431,11.2149,92.9938,0.387624
-389.2027,11.2201,92.4264,0.388383
-389.3593,11.2237,91.8194,0.389213
-389.4926,11.2253,91.2524,0.389973
-389.6118,11.2273,90.6855,0.390723
-389.7155,11.2302,90.1195,0.391472
-389.8101,11.2335,89.5147,0.392256
-389.8841,11.2319,88.9522,0.392980
-389.9493,11.2254,88.3509,0.393753
-389.9943,11.2179,87.7909,0.394467
-390.0205,11.2140,87.1942,0.395234
-390.0260,11.2119,86.6415,0.395935
-390.0148,11.2079,86.0533,0.396680
-389.9898,11.2004,85.5077,0.397370
-389.9449,11.1918,84.9275,0.398102
-389.8834,11.1864,84.3915,0.398780
-389.8027,11.1836,83.8614,0.399451
-389.6965,11.1825,83.3002,0.400169
-389.5635,11.1796,82.7087,0.400928
-389.4300,11.1764,82.1970,0.401582
-389.2794,11.1737,81.6910,0.402240
-389.1108,11.1724,81.1896,0.402901
-388.9106,11.1720,80.6568,0.403609
-388.7066,11.1707,80.1623,0.404284
-388.4699,11.1675,79.6351,0.405000
-388.2320,11.1634,79.1458,0.405678
-387.9774,11.1586,78.6592,0.406366
-387.6847,11.1545,78.1417,0.407099
-387.3721,11.1505,77.6283,0.407853
-387.0627,11.1465,77.1529,0.408571
-386.6897,11.1402,76.6142,0.409385
-386.3461,11.1337,76.1470,0.410111
-385.9604,11.1264,75.6513,0.410900
-385.5833,11.1200,75.1932,0.411651
-385.1613,11.1134,74.7070,0.412462
-384.7209,11.1070,74.2247,0.413279
-384.2631,11.0998,73.7451,0.414112
-383.8203,11.0924,73.2982,0.414906
-383.3305,11.0837,72.8171,0.415767
-382.8269,11.0760,72.3282,0.416652
-382.3162,11.0688,71.8265,0.417549
-381.8401,11.0630,71.3448,0.418403
-381.3355,11.0575,70.8139,0.419322
-380.8716,11.0530,70.3046,0.420182
-380.4156,11.0483,69.7819,0.421048
-379.9683,11.0425,69.2466,0.421926
-379.4998,11.0353,68.6593,0.422859
-379.0734,11.0280,68.0985,0.423732
-378.6589,11.0213,67.5255,0.424609
-378.2285,11.0149,66.8982,0.425566
-377.8397,11.0090,66.3013,0.426445
-377.4628,11.0020,65.6941,0.427329
-377.0725,10.9929,65.0329,0.428294
-376.7216,10.9835,64.4058,0.429179
-376.3844,10.9741,63.7691,0.430076
-376.0618,10.9657,63.1228,0.430981
-375.7535,10.9574,62.4674,0.431872
-375.4592,10.9484,61.8034,0.432779
-375.1783,10.9380,61.1313,0.433690
-374.8929,10.9257,60.4024,0.434659
-374.6418,10.9142,59.7138,0.435575
-374.3897,10.9030,58.9669,0.436555
-374.1851,10.8938,58.3120,0.437413
-373.9785,10.8834,57.5990,0.438340
-373.7853,10.8716,56.8780,0.439270
-373.6057,10.8587,56.1488,0.440210
-373.4285,10.8450,55.3578,0.441221
-373.2772,10.8332,54.6100,0.442173
-373.1379,10.8225,53.8532,0.443142
-373.0081,10.8121,53.0876,0.444118
-372.8852,10.8030,52.3154,0.445110
-372.7667,10.7963,51.5391,0.446092
-372.6422,10.7901,50.7025,0.447153
-372.5269,10.7843,49.9176,0.448153
-372.4043,10.7782,49.0725,0.449232
-372.2919,10.7729,48.2787,0.450244
-372.1825,10.7680,47.4795,0.451264
-372.0772,10.7628,46.6752,0.452292
-371.9698,10.7563,45.8085,0.453400
-371.8688,10.7489,44.9364,0.454515
-371.7809,10.7418,44.1175,0.455561
-371.6990,10.7350,43.2938,0.456607
-371.6233,10.7292,42.4659,0.457660
-371.5529,10.7241,41.6356,0.458721
-371.4827,10.7197,40.7457,0.459854
-371.4210,10.7167,39.9171,0.460910
-371.3622,10.7139,39.0930,0.461962
-371.3024,10.7109,38.2177,0.463079
-371.2496,10.7082,37.4103,0.464110
-371.2008,10.7060,36.6138,0.465128
-371.1544,10.7041,35.7739,0.466197
-371.1182,10.7027,35.0032,0.467189
-371.0910,10.7011,34.2452,0.468157
-371.0741,10.6993,33.5002,0.469107
-371.0687,10.6967,32.7164,0.470103
-371.0766,10.6945,31.9990,0.471009
-371.0971,10.6919,31.2951,0.471894
-371.1302,10.6891,30.6047,0.472758
-371.1757,10.6856,29.9282,0.473600
-371.2375,10.6806,29.2184,0.474486
-371.3076,10.6755,28.5708,0.475281
-371.3891,10.6695,27.9376,0.476057
-371.4820,10.6632,27.3193,0.476822
-371.5860,10.6563,26.7156,0.477571
-371.7019,10.6491,26.1259,0.478302
-371.8301,10.6410,25.5488,0.479015
-371.9816,10.6316,24.9442,0.479769
-372.1361,10.6220,24.3922,0.480444
-372.3034,10.6115,23.8521,0.481123
-372.4699,10.6013,23.3615,0.481744
-372.6754,10.5890,22.8088,0.482446
-372.8801,10.5777,22.3067,0.483084
-373.0971,10.5669,21.8182,0.483710
-373.3429,10.5557,21.3100,0.484363
-373.5845,10.5458,20.8501,0.484974
-373.8372,10.5358,20.4038,0.485564
-374.1009,10.5260,19.9714,0.486135
-374.3751,10.5162,19.5525,0.486708
-374.6596,10.5067,19.1477,0.487275
-374.9753,10.4969,18.7294,0.487864
-375.2797,10.4880,18.3534,0.488410
-375.5931,10.4793,17.9912,0.488939
-375.9149,10.4703,17.6427,0.489476
-376.2447,10.4614,17.3083,0.489998
-376.6062,10.4515,16.9657,0.490555
-376.9510,10.4421,16.6609,0.491060
-377.3027,10.4330,16.3711,0.491562
-377.6617,10.4240,16.0964,0.492035
-378.0546,10.4155,15.8194,0.492568
-378.4290,10.4085,15.5772,0.493052
-378.8111,10.4026,15.3511,0.493529
-379.2007,10.3975,15.1406,0.493996
-379.5977,10.3930,14.9462,0.494461
-380.0019,10.3892,14.7675,0.494932
-380.4130,10.3859,14.6052,0.495402
-380.8605,10.3832,14.4493,0.495912
-381.2840,10.3812,14.3209,0.496381
-381.7127,10.3797,14.2088,0.496866
-382.1459,10.3782,14.1131,0.497334
-382.5831,10.3769,14.0337,0.497801
-383.0236,10.3753,13.9704,0.498287
-383.4667,10.3738,13.9235,0.498762
-383.9120,10.3722,13.8929,0.499233
-384.3907,10.3713,13.8788,0.499718
-384.8383,10.3711,13.8829,0.500199
-385.3182,10.3721,13.9063,0.500706
-385.7664,10.3737,13.9454,0.501179
-386.1830,10.3771,13.9976,0.501620
-386.6643,10.3817,14.0756,0.502129
-387.1146,10.3876,14.1662,0.502618
-387.5327,10.3936,14.2649,0.503073
-388.0146,10.3997,14.3953,0.503615
-388.2715,10.4030,14.4723,0.503898
-388.7201,10.4096,14.6199,0.504405
-389.1666,10.4173,14.7837,0.504923
-389.6107,10.4249,14.9630,0.505439
-390.0838,10.4331,15.1720,0.506013
-390.5224,10.4397,15.3823,0.506547
-390.9575,10.4467,15.6081,0.507082
-391.4189,10.4542,15.8668,0.507669
-391.8446,10.4618,16.1243,0.508220
-392.2653,10.4695,16.3969,0.508779
-392.6805,10.4777,16.6847,0.509347
-393.1187,10.4868,17.0100,0.509958
-393.5489,10.4970,17.3530,0.510583
-393.9426,10.5077,17.6890,0.511190
-394.3281,10.5197,18.0400,0.511791
-394.7054,10.5324,18.4056,0.512406
-395.0741,10.5451,18.7848,0.513032
-395.4338,10.5572,19.1772,0.513683
-395.7834,10.5692,19.5820,0.514312
-396.1451,10.5830,20.0294,0.515002
-396.4702,10.5971,20.4597,0.515665
-396.7835,10.6126,20.9024,0.516304
-397.0857,10.6272,21.3559,0.516948
-397.3775,10.6392,21.8193,0.517609
-397.6781,10.6495,22.3267,0.518299
-397.9459,10.6592,22.8113,0.518963
-398.2004,10.6700,23.3063,0.519617
-398.4424,10.6815,23.8122,0.520285
-398.6736,10.6921,24.3293,0.520964
-398.8951,10.7011,24.8584,0.521645
-399.1068,10.7089,25.4000,0.522341
-399.3088,10.7162,25.9545,0.523056
-399.5012,10.7229,26.5216,0.523779
-399.6977,10.7295,27.1427,0.524566
-399.8605,10.7350,27.6926,0.525275
-400.0292,10.7410,28.2962,0.526036
-400.2038,10.7479,28.9549,0.526872
-400.3624,10.7541,29.5799,0.527678
-400.5180,10.7599,30.2138,0.528489
-400.6709,10.7654,30.8554,0.529316
-400.8212,10.7708,31.5042,0.530149
-400.9683,10.7759,32.1609,0.530993
-401.1120,10.7806,32.8252,0.531853
-401.2515,10.7852,33.4968,0.532716
-401.3860,10.7894,34.1758,0.533593
-401.5149,10.7936,34.8626,0.534475
-401.6464,10.7981,35.6067,0.535431
-401.7628,10.8027,36.3082,0.536328
-401.8737,10.8075,37.0170,0.537237
-401.9717,10.8120,37.6820,0.538090
-402.0726,10.8164,38.4036,0.539007
-402.1759,10.8207,39.1827,0.540007
-402.2684,10.8248,39.9157,0.540945
-402.3572,10.8294,40.6526,0.541885
-402.4482,10.8353,41.4412,0.542895
-402.5294,10.8413,42.1725,0.543825
-402.6126,10.8477,42.9473,0.544814
-402.6913,10.8538,43.7108,0.545787
-402.7606,10.8595,44.4115,0.546679
-402.8314,10.8660,45.1478,0.547617
-402.9005,10.8728,45.8679,0.548533
-402.9606,10.8788,46.4782,0.549311
-403.0269,10.8854,47.1209,0.550129
-403.1019,10.8924,47.7928,0.550987
-403.1777,10.8988,48.4044,0.551769
-403.2607,10.9050,49.0011,0.552529
-403.3455,10.9109,49.5417,0.553224
-403.4456,10.9177,50.1089,0.553951
-403.5553,10.9247,50.6607,0.554665
-403.6841,10.9323,51.2355,0.555411
-403.8160,10.9392,51.7590,0.556094
-403.9604,10.9460,52.2722,0.556769
-404.1301,10.9535,52.8122,0.557491
-404.3030,10.9608,53.3078,0.558157
-404.4901,10.9679,53.7962,0.558817
-404.6912,10.9742,54.2777,0.559503
-404.9065,10.9797,54.7521,0.560181
-405.1534,10.9852,55.2521,0.560897
-405.3987,10.9902,55.7104,0.561604
-405.6579,10.9948,56.1598,0.562295
-405.9500,10.9993,56.6302,0.563069
-406.2354,11.0034,57.0577,0.563780
-406.5324,11.0078,57.4728,0.564505
-406.8405,11.0127,57.8750,0.565258
-407.1588,11.0177,58.2639,0.566012
-407.4865,11.0221,58.6396,0.566780
-407.8228,11.0256,59.0020,0.567550
-408.1425,11.0280,59.3264,0.568270
-408.4945,11.0303,59.6620,0.569049
-408.8541,11.0326,59.9828,0.569824
-409.2209,11.0350,60.2884,0.570583
-409.5944,11.0374,60.5790,0.571349
-409.9740,11.0397,60.8545,0.572093
-410.3871,11.0420,61.1326,0.572885
-410.7783,11.0447,61.3756,0.573598
-411.1742,11.0482,61.6017,0.574310
-411.5742,11.0523,61.8109,0.575006
-411.9772,11.0563,62.0032,0.575681
-412.3826,11.0601,62.1788,0.576356
-412.7897,11.0643,62.3370,0.577020
-413.1976,11.0700,62.4767,0.577658
-413.6043,11.0799,62.5981,0.578266
-414.0106,11.0914,62.7023,0.578866
-414.4169,11.1020,62.7904,0.579457
-414.8509,11.1108,62.8688,0.580057
-415.2532,11.1161,62.9275,0.580606
-415.6239,11.1195,62.9689,0.581101
-416.0197,11.1230,62.9981,0.581625
-416.4115,11.1271,63.0106,0.582136
-416.8264,11.1299,63.0074,0.582678
-417.2090,11.1286,62.9910,0.583173
-417.5871,11.1232,62.9620,0.583652
-417.9605,11.1157,62.9178,0.584132
-418.3537,11.1119,62.8492,0.584641
-418.7118,11.1140,62.7639,0.585105
-419.0618,11.1177,62.6614,0.585561
-419.4058,11.1188,62.5450,0.586016
-419.7439,11.1165,62.4151,0.586467
-420.0975,11.1133,62.2595,0.586945
-420.4171,11.1123,62.0976,0.587388
-420.7260,11.1133,61.9198,0.587823
-421.0252,11.1146,61.7275,0.588258
-421.3358,11.1139,61.5068,0.588727
-421.6167,11.1106,61.2879,0.589160
-421.9065,11.1055,61.0390,0.589625
-422.1654,11.1012,60.7926,0.590060
-422.4123,11.0977,60.5324,0.590494
-422.6310,11.0948,60.2788,0.590900
-422.8713,11.0907,59.9722,0.591370
-423.0837,11.0859,59.6733,0.591811
-423.2698,11.0812,59.3845,0.592230
-423.4574,11.0768,59.0614,0.592681
-423.6307,11.0739,58.7258,0.593133
-423.7895,11.0720,58.3784,0.593595
-423.9344,11.0696,58.0202,0.594064
-424.0657,11.0658,57.6524,0.594538
-424.1833,11.0604,57.2757,0.595020
-424.2859,11.0548,56.8902,0.595505
-424.3782,11.0500,56.4675,0.596032
-424.4432,11.0473,56.0930,0.596501
-424.4987,11.0447,55.6817,0.597010
-424.5410,11.0412,55.2625,0.597538
-424.5739,11.0362,54.8039,0.598105
-424.5939,11.0313,54.3656,0.598649
-424.6058,11.0280,53.9175,0.599212
-424.6128,11.0256,53.4600,0.599786
-424.6187,11.0225,52.9626,0.600412
-424.6246,11.0190,52.4932,0.601005
-424.6310,11.0147,51.9831,0.601649
-424.6357,11.0104,51.4643,0.602309
-424.6357,11.0070,51.0081,0.602883
-424.6283,11.0033,50.4753,0.603559
-424.6130,10.9998,49.9718,0.604194
-424.5898,10.9960,49.4618,0.604839
-424.5596,10.9921,48.9444,0.605495
-424.5194,10.9878,48.3817,0.606210
-424.4711,10.9833,47.8103,0.606938
-424.4228,10.9792,47.3083,0.607577
-424.3645,10.9746,46.7607,0.608276
-424.2998,10.9700,46.2060,0.608983
-424.2289,10.9651,45.6441,0.609703
-424.1515,10.9601,45.0749,0.610431
-424.0670,10.9549,44.4985,0.611172
-423.9753,10.9496,43.9151,0.611918
-423.8683,10.9438,43.2817,0.612732
-423.7605,10.9383,42.6830,0.613503
-423.6450,10.9327,42.0770,0.614284
-423.5134,10.9265,41.4195,0.615136
-423.3842,10.9204,40.7982,0.615940
-423.2491,10.9141,40.1691,0.616753
-423.1092,10.9078,39.5326,0.617588
-422.9651,10.9014,38.8885,0.618431
-422.8176,10.8948,38.2372,0.619278
-422.6670,10.8879,37.5787,0.620148
-422.5136,10.8809,36.9130,0.621011
-422.3576,10.8738,36.2403,0.621894
-422.1992,10.8666,35.5606,0.622796
-422.0385,10.8595,34.8740,0.623694
-421.8753,10.8523,34.1808,0.624604
-421.7099,10.8451,33.4810,0.625518
-421.5422,10.8377,32.7748,0.626452
-421.3601,10.8295,32.0114,0.627439
-421.2006,10.8224,31.3440,0.628313
-421.0272,10.8147,30.6194,0.629264
-420.8522,10.8070,29.8887,0.630224
-420.6760,10.7993,29.1522,0.631192
-420.4988,10.7916,28.4098,0.632160
-420.3209,10.7838,27.6616,0.633143
-420.1296,10.7752,26.8538,0.634198
-419.9507,10.7672,26.0940,0.635193
-419.7720,10.7592,25.3287,0.636191
-419.5935,10.7514,24.5578,0.637204
-419.4156,10.7436,23.7814,0.638211
-419.2260,10.7351,22.9436,0.639296
-419.0503,10.7272,22.1564,0.640332
-418.8755,10.7192,21.3641,0.641362
-418.7014,10.7113,20.5669,0.642398
-418.5278,10.7035,19.7648,0.643438
-418.3547,10.6958,18.9579,0.644493
-418.1824,10.6881,18.1462,0.645537
-417.9986,10.6797,17.2716,0.646666
-417.8275,10.6719,16.4509,0.647733
-417.6567,10.6642,15.6260,0.648802
-417.4862,10.6565,14.7969,0.649865
-417.3160,10.6490,13.9636,0.650944
-417.1339,10.6408,13.0664,0.652100
-416.9642,10.6331,12.2251,0.653182
-416.7946,10.6254,11.3799,0.654273
-416.6253,10.6178,10.5311,0.655373
-416.4441,10.6098,9.6175,0.656554
-416.2753,10.6024,8.7611,0.657655
-416.1190,10.5955,7.9628,0.658685
-415.9503,10.5879,7.1000,0.659800
-415.7688,10.5798,6.1721,0.660998
-415.5980,10.5724,5.3028,0.662118
-415.4250,10.5649,4.4308,0.663243
-415.2618,10.5579,3.6189,0.664292
-415.0826,10.5502,2.7424,0.665429
-414.8990,10.5422,1.8639,0.666571
-414.6971,10.5336,0.9207,0.667792
-414.5037,10.5254,0.0387,0.668939
-414.3060,10.5172,-0.8451,0.670087
-414.1045,10.5088,-1.7307,0.671233
-413.8998,10.5000,-2.6183,0.672395
-413.6926,10.4912,-3.5082,0.673553
-413.4681,10.4819,-4.4642,0.674800
-413.2567,10.4732,-5.3588,0.675968
-413.0433,10.4643,-6.2557,0.677134
-412.8279,10.4552,-7.1546,0.678302
-412.6099,10.4461,-8.0555,0.679478
-412.3887,10.4368,-8.9581,0.680661
-412.1637,10.4275,-9.8624,0.681848
-411.9510,10.4187,-10.7033,0.682943
-411.7004,10.4082,-11.6747,0.684217
-411.4612,10.3981,-12.5824,0.685403
-411.2343,10.3885,-13.4261,0.686509
-410.9841,10.3780,-14.3354,0.687704
-410.7280,10.3673,-15.2454,0.688904
-410.4658,10.3562,-16.1559,0.690106
-410.1778,10.3438,-17.1319,0.691394
-409.9016,10.3319,-18.0430,0.692598
-409.6176,10.3196,-18.9537,0.693811
-409.3035,10.3061,-19.9284,0.695108
-408.9781,10.2920,-20.9008,0.696413
-408.6637,10.2782,-21.8043,0.697633
-408.3383,10.2638,-22.7013,0.698849
-408.0013,10.2488,-23.5900,0.700063
-407.6523,10.2329,-24.4692,0.701286
-407.2648,10.2149,-25.3995,0.702580
-406.8901,10.1972,-26.2559,0.703784
-406.5027,10.1789,-27.1000,0.704989
-406.1024,10.1606,-27.9309,0.706194
-405.6597,10.1408,-28.8062,0.707477
-405.2343,10.1216,-29.6094,0.708670
-404.7979,10.1012,-30.3994,0.709841
-404.3184,10.0783,-31.2305,0.711121
-403.8591,10.0578,-31.9908,0.712291
-403.3878,10.0395,-32.7351,0.713446
-402.8701,10.0219,-33.5149,0.714683
-402.3761,10.0063,-34.2267,0.715822
-401.8359,9.9889,-34.9729,0.717041
-401.2849,9.9709,-35.7016,0.718255
-400.7229,9.9536,-36.4120,0.719444
-400.1883,9.9389,-37.0575,0.720549
-399.6050,9.9245,-37.7303,0.721723
-399.0116,9.9115,-38.3836,0.722883
-398.4082,9.8996,-39.0172,0.724022
-397.7956,9.8883,-39.6311,0.725149
-397.1743,9.8777,-40.2251,0.726266
-396.5441,9.8694,-40.7970,0.727359
-395.9475,9.8666,-41.3088,0.728374
-395.2994,9.8690,-41.8332,0.729439
-394.6439,9.8737,-42.3357,0.730486
-393.9821,9.8773,-42.8187,0.731520
-393.3145,9.8801,-43.2820,0.732544
-392.6860,9.8837,-43.6947,0.733488
-392.0069,9.8909,-44.1138,0.734487
-391.3219,9.9017,-44.5088,0.735478
-390.6774,9.9141,-44.8568,0.736403
-389.9813,9.9282,-45.2088,0.737376
-389.3268,9.9409,-45.5190,0.738284
-388.6207,9.9541,-45.8314,0.739245
-387.9094,9.9678,-46.1224,0.740210
-387.2409,9.9816,-46.3742,0.741100
-386.5195,9.9973,-46.6229,0.742046
-385.8411,10.0122,-46.8362,0.742935
-385.1571,10.0271,-47.0315,0.743819
-384.4677,10.0424,-47.2088,0.744706
-383.7729,10.0577,-47.3683,0.745593
-383.0728,10.0732,-47.5101,0.746483
-382.3167,10.0896,-47.6428,0.747436
-381.6057,10.1047,-47.7487,0.748333
-380.8892,10.1201,-47.8371,0.749232
-380.1673,10.1354,-47.9082,0.750135
-379.3878,10.1522,-47.9650,0.751109
-378.6547,10.1678,-48.0007,0.752029
-377.8630,10.1852,-48.0207,0.753017
-377.0650,10.2027,-48.0231,0.754013
-376.3144,10.2188,-48.0110,0.754956
-375.5580,10.2342,-47.9865,0.755902
-374.7957,10.2491,-47.9511,0.756862
-373.9720,10.2651,-47.9029,0.757899
-373.1964,10.2800,-47.8501,0.758883
-372.3584,10.2957,-47.7869,0.759939
-371.5695,10.3105,-47.7228,0.760938
-370.7746,10.3253,-47.6547,0.761942
-369.9740,10.3398,-47.5828,0.762956
-369.1108,10.3550,-47.5014,0.764051
-368.2423,10.3700,-47.4154,0.765154
-367.4272,10.3838,-47.3305,0.766189
-366.5493,10.3987,-47.2343,0.767304
-365.7260,10.4124,-47.1393,0.768350
-364.8401,10.4267,-47.0317,0.769471
-364.0097,10.4397,-46.9257,0.770530
-363.1761,10.4525,-46.8141,0.771595
-362.3394,10.4653,-46.6968,0.772666
-361.4996,10.4782,-46.5739,0.773735
-360.5966,10.4916,-46.4362,0.774891
-359.7511,10.5038,-46.3023,0.775972
-358.9028,10.5158,-46.1635,0.777055
-357.9910,10.5285,-46.0094,0.778227
-357.1371,10.5404,-45.8610,0.779328
-356.2806,10.5524,-45.7083,0.780435
-355.4215,10.5642,-45.5517,0.781536
-354.5600,10.5756,-45.3911,0.782652
-353.6344,10.5878,-45.2145,0.783839
-352.7682,10.5991,-45.0454,0.784957
-351.8997,10.6106,-44.8720,0.786082
-351.0293,10.6220,-44.6942,0.787215
-350.0946,10.6340,-44.4988,0.788426
-349.2204,10.6449,-44.3123,0.789562
-348.2815,10.6566,-44.1085,0.790787
-347.3401,10.6685,-43.9016,0.792008
-346.4589,10.6797,-43.7069,0.793153
-345.5750,10.6909,-43.5123,0.794299
-344.6248,10.7029,-43.3060,0.795533
-343.7348,10.7142,-43.1171,0.796694
-342.7778,10.7268,-42.9204,0.797931
-341.8813,10.7389,-42.7432,0.799091
-340.9816,10.7513,-42.5731,0.800250
-340.0142,10.7648,-42.3987,0.801502
-339.0432,10.7783,-42.2323,0.802749
-338.1335,10.7912,-42.0841,0.803915
-337.2205,10.8045,-41.9423,0.805088
-336.2393,10.8191,-41.7966,0.806349
-335.2592,10.8338,-41.6564,0.807605
-334.3511,10.8475,-41.5297,0.808766
-333.3902,10.8622,-41.3977,0.809997
-332.5070,10.8756,-41.2773,0.811126
-331.6381,10.8886,-41.1589,0.812238
-330.7240,10.9024,-41.0336,0.813407
-329.8270,10.9156,-40.9094,0.814554
-329.0058,10.9271,-40.7941,0.815605
-328.1435,10.9389,-40.6707,0.816709
-327.3554,10.9502,-40.5551,0.817721
-326.5285,10.9623,-40.4302,0.818778
-325.7194,10.9737,-40.3027,0.819811
-324.9283,10.9844,-40.1712,0.820827
-324.2064,10.9941,-40.0435,0.821758
-323.5006,11.0038,-39.9099,0.822667
-322.8107,11.0130,-39.7697,0.823555
-322.0894,11.0226,-39.6113,0.824488
-321.4326,11.0309,-39.4552,0.825337
-320.7468,11.0391,-39.2788,0.826232
-320.1239,11.0463,-39.1055,0.827044
-319.4752,11.0535,-38.9105,0.827900
-318.8874,11.0600,-38.7199,0.828676
-318.3170,11.0662,-38.5212,0.829435
-317.7252,11.0725,-38.3000,0.830229
-317.1536,11.0781,-38.0710,0.830998
-316.6374,11.0824,-37.8501,0.831702
-316.1012,11.0860,-37.6040,0.832437
-315.6495,11.0883,-37.3817,0.833056
-315.1760,11.0901,-37.1321,0.833727
-314.6833,11.0912,-36.8531,0.834422
-314.2053,11.0910,-36.5622,0.835113
-313.7722,11.0900,-36.2799,0.835743
-313.3522,11.0882,-35.9870,0.836372
-312.9172,11.0863,-35.6614,0.837030
-312.5257,11.0845,-35.3468,0.837636
-312.1483,11.0830,-35.0221,0.838239
-311.7852,11.0815,-34.6878,0.838839
-311.4123,11.0799,-34.3193,0.839468
-311.0795,11.0783,-33.9663,0.840053
-310.7616,11.0766,-33.6049,0.840632
-310.4586,11.0750,-33.2352,0.841211
-310.1511,11.0735,-32.8302,0.841821
-309.8426,11.0722,-32.3883,0.842465
-309.5716,11.0708,-31.9654,0.843068
-309.3347,11.0691,-31.5637,0.843637
-309.1136,11.0672,-31.1558,0.844181
-308.9088,11.0653,-30.7426,0.844739
-308.7082,11.0637,-30.2948,0.845326
-308.5271,11.0624,-29.8430,0.845904
-308.3759,11.0612,-29.4186,0.846446
-308.2328,11.0599,-28.9619,0.847008
-308.1173,11.0590,-28.5347,0.847530
-308.0131,11.0584,-28.0767,0.848082
-307.9337,11.0579,-27.6499,0.848598
-307.8715,11.0573,-27.2242,0.849101
-307.8237,11.0565,-26.7702,0.849643
-307.7970,11.0561,-26.3489,0.850138
-307.7874,11.0558,-25.9007,0.850657
-307.7960,11.0556,-25.4858,0.851157
-307.8210,11.0551,-25.0743,0.851639
-307.8627,11.0545,-24.6661,0.852128
-307.9211,11.0540,-24.2612,0.852608
-307.9965,11.0537,-23.8592,0.853099
-308.0958,11.0533,-23.4316,0.853610
-308.2056,11.0525,-23.0354,0.854103
-308.3415,11.0514,-22.6143,0.854636
-308.4852,11.0501,-22.2247,0.855136
-308.6455,11.0490,-21.8390,0.855640
-308.8354,11.0481,-21.4306,0.856186
-309.0291,11.0472,-21.0543,0.856709
-309.2538,11.0461,-20.6568,0.857267
-309.4788,11.0447,-20.2913,0.857795
-309.7184,11.0434,-19.9312,0.858327
-309.9723,11.0422,-19.5770,0.858872
-310.2403,11.0415,-19.2293,0.859418
-310.5217,11.0412,-18.8884,0.859969
-310.8160,11.0412,-18.5545,0.860532
-311.1454,11.0417,-18.2049,0.861140
-311.4654,11.0429,-17.8870,0.861711
-311.7976,11.0450,-17.5776,0.862293
-312.1415,11.0475,-17.2773,0.862880
-312.4967,11.0505,-16.9868,0.863471
-312.8629,11.0539,-16.7065,0.864070
-313.2396,11.0575,-16.4370,0.864671
-313.6547,11.0614,-16.1609,0.865324
-314.0523,11.0650,-15.9155,0.865937
-314.4594,11.0685,-15.6825,0.866554
-314.8758,11.0723,-15.4628,0.867166
-315.3011,11.0763,-15.2566,0.867781
-315.7349,11.0803,-15.0642,0.868398
-316.2085,11.0840,-14.8734,0.869056
-316.6579,11.0865,-14.7097,0.869664
-317.1142,11.0885,-14.5604,0.870270
-317.5437,11.0902,-14.4352,0.870831
-318.0121,11.0919,-14.3151,0.871427
-318.4864,11.0937,-14.2103,0.872026
-318.9661,11.0948,-14.1206,0.872621
-319.4856,11.0953,-14.0409,0.873259
-319.9754,11.0951,-13.9822,0.873864
-320.4696,11.0948,-13.9388,0.874469
-320.9680,11.0946,-13.9111,0.875079
-321.4701,11.0944,-13.8991,0.875699
-322.0121,11.0937,-13.9026,0.876365
-322.5209,11.0925,-13.9209,0.876999
-323.0318,11.0905,-13.9525,0.877649
-323.5442,11.0878,-13.9963,0.878301
-324.0569,11.0863,-14.0500,0.878957
-324.6057,11.0848,-14.1148,0.879684
-325.1169,11.0833,-14.1787,0.880357
-325.6266,11.0809,-14.2426,0.881029
-326.1699,11.0783,-14.3077,0.881755
-326.6740,11.0762,-14.3630,0.882424
-327.1763,11.0736,-14.4117,0.883085
-327.6786,11.0714,-14.4523,0.883749
-328.1815,11.0692,-14.4843,0.884409
-328.7213,11.0667,-14.5079,0.885116
-329.2262,11.0642,-14.5189,0.885777
-329.7677,11.0619,-14.5173,0.886484
-330.2729,11.0597,-14.5024,0.887140
-330.7770,11.0578,-14.4740,0.887791
-331.2785,11.0559,-14.4317,0.888444
-331.7759,11.0544,-14.3751,0.889086
-332.2679,11.0530,-14.3041,0.889725
-332.7536,11.0517,-14.2188,0.890362
-333.2322,11.0510,-14.1190,0.890993
-333.7032,11.0503,-14.0050,0.891613
-334.1988,11.0498,-13.8671,0.892278
-334.6532,11.0495,-13.7235,0.892889
-335.1318,11.0491,-13.5538,0.893541
-335.5715,11.0486,-13.3801,0.894148
-336.0049,11.0479,-13.1916,0.894750
-336.4324,11.0469,-12.9885,0.895365
-336.8540,11.0454,-12.7709,0.895971
-337.2699,11.0437,-12.5385,0.896584
-337.7090,11.0419,-12.2727,0.897252
-338.1125,11.0407,-12.0089,0.897870
-338.5103,11.0398,-11.7301,0.898495
-338.9303,11.0386,-11.4157,0.899177
-339.1519,11.0384,-11.2417,0.899537
-339.5362,11.0402,-10.9279,0.900182
-339.9173,11.0428,-10.6029,0.900833
-340.2967,11.0439,-10.2675,0.901498
-340.6748,11.0435,-9.9230,0.902168
-341.0503,11.0416,-9.5696,0.902847
-341.4225,11.0398,-9.2070,0.903538
-341.8179,11.0386,-8.8074,0.904285
-342.1845,11.0409,-8.4232,0.904988
-342.5727,11.0440,-8.0007,0.905752
-342.9301,11.0443,-7.5969,0.906462
-343.3073,11.0410,-7.1533,0.907249
-343.6530,11.0351,-6.7258,0.907987
-344.0157,11.0292,-6.2497,0.908781
-344.3441,11.0282,-5.7877,0.909539
-344.6613,11.0305,-5.3116,0.910298
-344.9691,11.0329,-4.8228,0.911078
-345.2689,11.0338,-4.3213,0.911857
-345.5813,11.0338,-3.7689,0.912700
-345.8643,11.0339,-3.2386,0.913503
-346.1584,11.0345,-2.6545,0.914383
-346.4244,11.0349,-2.0949,0.915208
-346.6825,11.0353,-1.5218,0.916048
-346.9326,11.0361,-0.9353,0.916899
-347.1750,11.0378,-0.3359,0.917767
-347.4270,11.0403,0.3200,0.918695
-347.6396,11.0427,0.8989,0.919514
-347.8788,11.0456,1.5777,0.920459
-348.0961,11.0481,2.2213,0.921360
-348.3078,11.0505,2.8740,0.922267
-348.5135,11.0532,3.5353,0.923168
-348.7267,11.0569,4.2534,0.924147
-348.9176,11.0618,4.9333,0.925059
-349.0998,11.0683,5.6227,0.925985
-349.2729,11.0758,6.3211,0.926897
-349.4370,11.0829,7.0278,0.927819
-349.5925,11.0879,7.7419,0.928740
-349.7393,11.0896,8.4626,0.929666
-349.8763,11.0889,9.1894,0.930590
-350.0020,11.0885,9.9228,0.931523
-350.1151,11.0898,10.6639,0.932453
-350.2160,11.0930,11.4129,0.933394
-350.3122,11.0957,12.2234,0.934410
-350.3927,11.0944,12.9857,0.935367
-350.4644,11.0895,13.7532,0.936325
-350.5262,11.0851,14.5253,0.937291
-350.5802,11.0821,15.3598,0.938316
-350.6192,11.0802,16.1452,0.939301
-350.6496,11.0785,16.9934,0.940353
-350.6687,11.0760,17.7903,0.941343
-350.6797,11.0712,18.5898,0.942349
-350.6823,11.0648,19.3926,0.943357
-350.6756,11.0578,20.2003,0.944361
-350.6590,11.0511,21.0124,0.945383
-350.6322,11.0450,21.8278,0.946410
-350.5951,11.0398,22.6464,0.947454
-350.5469,11.0361,23.4685,0.948491
-350.4876,11.0340,24.2942,0.949544
-350.4176,11.0331,25.1227,0.950600
-350.3371,11.0327,25.9537,0.951659
-350.2466,11.0322,26.7872,0.952718
-350.1464,11.0314,27.6226,0.953788
-350.0364,11.0303,28.4601,0.954859
-349.9077,11.0289,29.3594,0.956009
-349.7774,11.0278,30.2006,0.957084
-349.6377,11.0270,31.0433,0.958152
-349.4892,11.0264,31.8875,0.959246
-349.3329,11.0260,32.7331,0.960323
-349.1694,11.0258,33.5802,0.961407
-348.9997,11.0258,34.4288,0.962492
-348.8120,11.0261,35.3399,0.963660
-348.6325,11.0266,36.1921,0.964760
-348.4498,11.0270,37.0462,0.965870
-348.2650,11.0275,37.9026,0.966963
-348.0790,11.0279,38.7614,0.968084
-347.8927,11.0282,39.6230,0.969180
-347.7067,11.0286,40.4877,0.970306
-347.5351,11.0290,41.2937,0.971342
-347.3520,11.0293,42.1649,0.972465
-347.1583,11.0297,43.1022,0.973670
-346.9799,11.0299,43.9805,0.974809
-346.8039,11.0301,44.8623,0.975937
-346.6426,11.0303,45.6841,0.977005
-346.4709,11.0304,46.5724,0.978147
-346.3012,11.0305,47.4639,0.979298
-346.1330,11.0305,48.3586,0.980445
-345.9661,11.0306,49.2563,0.981601
-345.8002,11.0306,50.1570,0.982750
-345.6351,11.0306,51.0606,0.983923
-345.4591,11.0305,52.0319,0.985174
-345.2955,11.0305,52.9414,0.986332
-345.1325,11.0304,53.8537,0.987510
-344.9819,11.0303,54.7034,0.988609
-344.8204,11.0302,55.6210,0.989781
-344.6598,11.0301,56.5414,0.990960
-344.5000,11.0299,57.4646,0.992149
-344.3411,11.0298,58.3905,0.993342
-344.1833,11.0296,59.3191,0.994534
-344.0265,11.0294,60.2503,0.995729
-343.8701,11.0292,61.1842,0.996914
-343.7135,11.0289,62.1205,0.998121
-343.5555,11.0287,63.0591,0.999315
-343.2310,11.0283,64.9418,0.001730
