-537.8737,5.5013,-62.4068,0.000685
-537.9945,5.5013,-63.5154,0.001295
-538.1154,5.5013,-64.6255,0.001894
-538.2502,5.5013,-65.8608,0.002539
-538.3715,5.5013,-66.9734,0.003119
-538.4925,5.5013,-68.0848,0.003713
-538.6268,5.5013,-69.3187,0.004337
-538.7479,5.5013,-70.4291,0.004905
-538.8822,5.5013,-71.6616,0.005538
-539.0035,5.5013,-72.7718,0.006111
-539.1385,5.5013,-74.0066,0.006742
-539.2736,5.5013,-75.2429,0.007389
-539.3952,5.5013,-76.3568,0.007979
-539.5172,5.5013,-77.4720,0.008567
-539.6392,5.5013,-78.5883,0.009137
-539.7614,5.5013,-79.7058,0.009747
-539.8974,5.5013,-80.9487,0.010413
-540.0199,5.5013,-82.0687,0.011013
-540.1425,5.5013,-83.1897,0.011616
-540.2791,5.5013,-84.4368,0.012296
-540.4161,5.5013,-85.6852,0.012965
-540.5396,5.5013,-86.8101,0.013595
-540.6635,5.5013,-87.9360,0.014202
-540.8013,5.5013,-89.1885,0.014898
-540.9256,5.5013,-90.3168,0.015509
-541.0500,5.5013,-91.4462,0.016114
-541.1887,5.5013,-92.7025,0.016803
-541.3137,5.5013,-93.8344,0.017414
-541.4390,5.5013,-94.9673,0.018055
-541.5646,5.5013,-96.1014,0.018661
-541.7045,5.5013,-97.3628,0.019436
-541.8307,5.5013,-98.4992,0.019925
-542.0984,5.5013,-100.9021,0.021271
-542.2259,5.5013,-102.0420,0.022465
-542.3682,5.5013,-103.3099,0.022532
-542.4966,5.5013,-104.4521,0.023216
-542.6256,5.5013,-105.5956,0.023846
-542.7695,5.5013,-106.8673,0.024536
-542.8997,5.5013,-108.0129,0.025157
-543.0306,5.5013,-109.1596,0.025791
-543.1622,5.5013,-110.3073,0.026411
-543.3091,5.5013,-111.5839,0.027097
-543.4421,5.5013,-112.7338,0.027734
-543.5759,5.5013,-113.8848,0.028350
-543.7255,5.5013,-115.1649,0.029061
-543.8610,5.5013,-116.3179,0.029682
-544.0126,5.5013,-117.6004,0.030406
-544.1499,5.5013,-118.7556,0.031006
-544.3034,5.5013,-120.0403,0.031717
-544.4422,5.5013,-121.1974,0.032344
-544.5817,5.5013,-122.3556,0.032991
-544.7217,5.5013,-123.5148,0.033624
-544.8779,5.5013,-124.8038,0.034312
-545.0033,5.5013,-125.8359,0.034887
-545.1606,5.5013,-127.1271,0.035594
-545.3027,5.5013,-128.2903,0.036212
-545.4451,5.5013,-129.4544,0.036854
-545.6038,5.5013,-130.7491,0.037545
-545.7471,5.5013,-131.9154,0.038199
-545.9067,5.5013,-133.2125,0.038893
-546.0508,5.5013,-134.3809,0.039534
-546.1951,5.5013,-135.5504,0.040172
-546.3396,5.5013,-136.7209,0.040816
-546.5005,5.5013,-138.0225,0.041523
-546.6456,5.5013,-139.1951,0.042167
-546.7908,5.5013,-140.3688,0.042800
-546.9526,5.5013,-141.6740,0.043503
-547.0982,5.5013,-142.8497,0.044163
-547.2440,5.5013,-144.0266,0.044797
-547.4064,5.5013,-145.3353,0.045508
-547.5687,5.5013,-146.6452,0.046236
-547.7150,5.5013,-147.8253,0.046864
-547.8615,5.5013,-149.0062,0.047506
-548.0082,5.5013,-150.1884,0.048152
-548.1549,5.5013,-151.3713,0.048797
-548.3180,5.5013,-152.6871,0.049528
-548.4652,5.5013,-153.8723,0.050173
-548.6288,5.5013,-155.1903,0.050889
-548.7762,5.5013,-156.3776,0.051528
-548.9239,5.5013,-157.5659,0.052170
-549.0882,5.5013,-158.8874,0.052899
-549.2361,5.5013,-160.0778,0.053559
-549.4009,5.5013,-161.4016,0.054267
-549.5494,5.5013,-162.5939,0.054922
-549.6982,5.5013,-163.7870,0.055567
-549.8640,5.5013,-165.1136,0.056288
-550.0134,5.5013,-166.3080,0.056942
-550.1633,5.5013,-167.5027,0.057603
-550.3300,5.5013,-168.8301,0.058313
-550.4806,5.5013,-170.0250,0.058960
-550.6483,5.5013,-171.3520,0.059689
-550.7997,5.5013,-172.5459,0.060332
-550.9685,5.5013,-173.8717,0.061063
-551.1208,5.5013,-175.0639,0.061723
-551.2906,5.5013,-176.3871,0.062430
-551.4438,5.5013,-177.5764,0.063088
-551.6147,5.5013,-178.8961,0.063816
-551.7691,5.5013,-180.0818,0.064454
-551.9412,5.5013,-181.3970,0.065180
-552.0966,5.5013,-182.5783,0.065822
-552.2698,5.5013,-183.8880,0.066546
-552.4260,5.5013,-185.0642,0.067183
-552.5826,5.5013,-186.2379,0.067809
-552.7395,5.5013,-187.4090,0.068457
-552.9143,5.5013,-188.7072,0.069181
-553.0718,5.5013,-189.8728,0.069811
-553.2473,5.5013,-191.1651,0.070544
-553.4054,5.5013,-192.3253,0.071176
-553.5637,5.5013,-193.4830,0.071801
-553.7221,5.5013,-194.6382,0.072433
-553.8808,5.5013,-195.7908,0.073080
-554.0571,5.5013,-197.0687,0.073787
-554.2156,5.5013,-198.2162,0.074408
-554.3920,5.5013,-199.4886,0.075128
-554.5508,5.5013,-200.6314,0.075756
-554.7096,5.5013,-201.7720,0.076383
-554.8859,5.5013,-203.0368,0.077087
-555.0442,5.5013,-204.1728,0.077729
-555.2198,5.5013,-205.4325,0.078427
-555.3776,5.5013,-206.5641,0.079058
-555.5347,5.5013,-207.6937,0.079679
-555.6915,5.5013,-208.8211,0.080316
-555.8649,5.5013,-210.0714,0.081019
-556.0203,5.5013,-211.1944,0.081653
-556.1747,5.5013,-212.3155,0.082269
-556.3452,5.5013,-213.5587,0.082964
-556.4973,5.5013,-214.6755,0.083604
-556.6478,5.5013,-215.7904,0.084224
-556.8132,5.5013,-217.0267,0.084922
-556.9602,5.5013,-218.1374,0.085536
-557.1210,5.5013,-219.3692,0.086224
-557.2634,5.5013,-220.4760,0.086843
-557.4189,5.5013,-221.7034,0.087543
-557.5561,5.5013,-222.8063,0.088167
-557.6906,5.5013,-223.9074,0.088773
-557.8368,5.5013,-225.1289,0.089458
-557.9653,5.5013,-226.2264,0.090065
-558.0909,5.5013,-227.3224,0.090681
-558.2266,5.5013,-228.5381,0.091359
-558.3455,5.5013,-229.6306,0.091980
-558.4736,5.5013,-230.8426,0.092643
-558.5856,5.5013,-231.9318,0.093273
-558.7059,5.5013,-233.1400,0.093943
-558.8108,5.5013,-234.2259,0.094545
-558.9235,5.5013,-235.4305,0.095218
-559.0215,5.5013,-236.5130,0.095827
-559.1161,5.5013,-237.5939,0.096412
-559.2175,5.5013,-238.7930,0.097098
-559.3054,5.5013,-239.8705,0.097677
-559.3990,5.5013,-241.0659,0.098348
-559.4799,5.5013,-242.1401,0.098941
-559.5576,5.5013,-243.2126,0.099536
-559.6321,5.5013,-244.2834,0.100136
-559.7111,5.5013,-245.4714,0.100780
-559.7715,5.5013,-246.4203,0.101304
-559.8367,5.5013,-247.4862,0.101911
-559.9053,5.5013,-248.6685,0.102562
-559.9640,5.5013,-249.7309,0.103136
-560.0258,5.5013,-250.9094,0.103802
-560.0786,5.5013,-251.9683,0.104379
-560.1341,5.5013,-253.1428,0.105031
-560.1812,5.5013,-254.1980,0.105619
-560.2258,5.5013,-255.2515,0.106182
-560.2726,5.5013,-256.4197,0.106841
-560.3121,5.5013,-257.4694,0.107420
-560.3493,5.5013,-258.5171,0.107991
-560.3878,5.5013,-259.6790,0.108637
-560.4203,5.5013,-260.7227,0.109204
-560.4538,5.5013,-261.8803,0.109847
-560.4816,5.5013,-262.9200,0.110414
-560.5074,5.5013,-263.9580,0.110979
-560.5312,5.5013,-264.9940,0.111565
-560.5552,5.5013,-266.1429,0.112189
-560.5747,5.5013,-267.1749,0.112753
-560.5941,5.5013,-268.3195,0.113378
-560.6112,5.5013,-269.4617,0.114020
-560.6246,5.5013,-270.4879,0.114581
-560.6374,5.5013,-271.6261,0.115198
-560.6470,5.5013,-272.6487,0.115762
-560.6555,5.5013,-273.7829,0.116376
-560.6613,5.5013,-274.8019,0.116950
-560.6652,5.5013,-275.8191,0.117512
-560.6673,5.5013,-276.8347,0.118053
-560.6674,5.5013,-277.9609,0.118677
-560.6649,5.5013,-279.0850,0.119297
-560.6603,5.5013,-280.0947,0.119859
-560.6523,5.5013,-281.2145,0.120478
-560.6426,5.5013,-282.2204,0.121019
-560.6285,5.5013,-283.3358,0.121643
-560.6128,5.5013,-284.3377,0.122187
-560.5916,5.5013,-285.4487,0.122789
-560.5691,5.5013,-286.4466,0.123333
-560.5431,5.5013,-287.4425,0.123889
-560.5099,5.5013,-288.5468,0.124496
-560.4761,5.5013,-289.5387,0.125047
-560.4385,5.5013,-290.5287,0.125581
-560.3970,5.5013,-291.5167,0.126128
-560.3459,5.5013,-292.6123,0.126733
-560.2956,5.5013,-293.5963,0.127272
-560.2410,5.5013,-294.5784,0.127810
-560.1821,5.5013,-295.5584,0.128349
-560.1188,5.5013,-296.5366,0.128890
-560.0433,5.5013,-297.6211,0.129486
-559.9707,5.5013,-298.5951,0.130013
-559.8936,5.5013,-299.5671,0.130559
-559.8121,5.5013,-300.5370,0.131093
-559.7261,5.5013,-301.5050,0.131625
-559.6253,5.5013,-302.5784,0.132218
-559.5298,5.5013,-303.5427,0.132738
-559.4184,5.5013,-304.6125,0.133329
-559.3134,5.5013,-305.5742,0.133869
-559.2040,5.5013,-306.5347,0.134398
-559.0773,5.5013,-307.6009,0.134983
-558.9721,5.5013,-308.4530,0.135460
-558.8359,5.5013,-309.5171,0.136042
-558.6943,5.5013,-310.5800,0.136624
-558.5627,5.5013,-311.5357,0.137152
-558.4270,5.5013,-312.4906,0.137682
-558.2715,5.5013,-313.5505,0.138260
-558.1276,5.5013,-314.5035,0.138793
-557.9633,5.5013,-315.5616,0.139381
-557.8115,5.5013,-316.5130,0.139914
-557.6387,5.5013,-317.5694,0.140498
-557.4794,5.5013,-318.5196,0.141021
-557.2983,5.5013,-319.5749,0.141605
-557.1317,5.5013,-320.5244,0.142136
-556.9425,5.5013,-321.5793,0.142719
-556.7688,5.5013,-322.5284,0.143253
-556.5918,5.5013,-323.4776,0.143779
-556.3912,5.5013,-324.5322,0.144353
-556.2075,5.5013,-325.4813,0.144882
-556.0205,5.5013,-326.4305,0.145408
-555.8090,5.5013,-327.4853,0.146024
-555.6154,5.5013,-328.4346,0.146548
-555.3967,5.5013,-329.4899,0.147125
-555.1965,5.5013,-330.4400,0.147662
-554.9932,5.5013,-331.3907,0.148190
-554.7636,5.5013,-332.4477,0.148773
-554.5537,5.5013,-333.3995,0.149325
-554.3169,5.5013,-334.4579,0.149912
-554.1005,5.5013,-335.4110,0.150441
-553.8809,5.5013,-336.3648,0.150984
-553.6582,5.5013,-337.3195,0.151516
-553.4072,5.5013,-338.3810,0.152117
-553.1779,5.5013,-339.3372,0.152667
-552.9193,5.5013,-340.4008,0.153268
-552.6834,5.5013,-341.3588,0.153799
-552.4179,5.5013,-342.4244,0.154414
-552.1487,5.5013,-343.4913,0.155013
-551.9036,5.5013,-344.4525,0.155557
-551.6280,5.5013,-345.5216,0.156165
-551.3771,5.5013,-346.4848,0.156718
-551.0953,5.5013,-347.5564,0.157327
-550.8389,5.5013,-348.5219,0.157878
-550.5513,5.5013,-349.5958,0.158487
-550.2897,5.5013,-350.5637,0.159042
-549.9965,5.5013,-351.6405,0.159642
-549.7303,5.5013,-352.6110,0.160211
-549.4619,5.5013,-353.5828,0.160761
-549.1615,5.5013,-354.6641,0.161383
-548.8891,5.5013,-355.6390,0.161951
-548.5845,5.5013,-356.7239,0.162563
-548.3087,5.5013,-357.7020,0.163125
-548.0005,5.5013,-358.7908,0.163739
-547.6907,5.5013,-359.8817,0.164374
-547.4105,5.5013,-360.8653,0.164934
-547.1293,5.5013,-361.8508,0.165503
-546.8156,5.5013,-362.9481,0.166117
-546.5322,5.5013,-363.9378,0.166679
-546.2480,5.5013,-364.9294,0.167237
-545.9628,5.5013,-365.9232,0.167809
-545.6451,5.5013,-367.0298,0.168445
-545.3583,5.5013,-368.0280,0.168996
-545.0707,5.5013,-369.0284,0.169574
-544.7503,5.5013,-370.1424,0.170196
-544.4290,5.5013,-371.2588,0.170830
-544.1395,5.5013,-372.2648,0.171393
-543.8176,5.5013,-373.3829,0.172037
-543.5281,5.5013,-374.3884,0.172600
-543.2066,5.5013,-375.5037,0.173234
-542.9180,5.5013,-376.5046,0.173791
-542.5983,5.5013,-377.6127,0.174426
-542.3119,5.5013,-378.6056,0.174980
-541.9951,5.5013,-379.7031,0.175607
-541.7117,5.5013,-380.6851,0.176144
-541.4299,5.5013,-381.6610,0.176690
-541.1190,5.5013,-382.7375,0.177298
-540.8104,5.5013,-383.8051,0.177896
-540.5347,5.5013,-384.7580,0.178433
-540.2612,5.5013,-385.7029,0.178957
-539.9898,5.5013,-386.6393,0.179496
-539.6910,5.5013,-387.6695,0.180056
-539.4238,5.5013,-388.5899,0.180538
-539.1587,5.5013,-389.5031,0.181066
-538.8667,5.5013,-390.5071,0.181634
-538.6067,5.5013,-391.4005,0.182130
-538.3492,5.5013,-392.2838,0.182620
-538.0662,5.5013,-393.2536,0.183154
-537.8141,5.5013,-394.1159,0.183630
-537.5646,5.5013,-394.9684,0.184116
-537.2905,5.5013,-395.9039,0.184632
-537.0463,5.5013,-396.7357,0.185105
-536.8045,5.5013,-397.5578,0.185559
-536.5652,5.5013,-398.3701,0.185999
-536.3023,5.5013,-399.2618,0.186499
-536.0674,5.5013,-400.0569,0.186954
-535.8344,5.5013,-400.8444,0.187394
-535.6036,5.5013,-401.6229,0.187844
-535.3503,5.5013,-402.4763,0.188325
-535.1249,5.5013,-403.2342,0.188753
-534.9021,5.5013,-403.9822,0.189191
-534.6575,5.5013,-404.8021,0.189669
-534.4399,5.5013,-405.5297,0.190104
-534.2249,5.5013,-406.2477,0.190518
-533.9890,5.5013,-407.0341,0.191003
-533.7792,5.5013,-407.7318,0.191402
-533.5721,5.5013,-408.4200,0.191809
-533.3672,5.5013,-409.0989,0.192219
-533.1421,5.5013,-409.8435,0.192665
-532.9416,5.5013,-410.5056,0.193073
-532.7430,5.5013,-411.1601,0.193465
-532.5463,5.5013,-411.8074,0.193869
-532.3514,5.5013,-412.4475,0.194260
-532.1371,5.5013,-413.1502,0.194690
-531.9462,5.5013,-413.7755,0.195075
-531.7562,5.5013,-414.3969,0.195447
-531.5462,5.5013,-415.0830,0.195885
-531.3583,5.5013,-415.6954,0.196261
-531.1716,5.5013,-416.3029,0.196645
-530.9860,5.5013,-416.9059,0.197033
-530.7813,5.5013,-417.5706,0.197441
-530.5981,5.5013,-418.1643,0.197826
-530.4161,5.5013,-418.7539,0.198193
-530.2349,5.5013,-419.3394,0.198555
-530.0349,5.5013,-419.9853,0.198954
-529.8557,5.5013,-420.5623,0.199341
-529.6576,5.5013,-421.1988,0.199737
-529.4803,5.5013,-421.7667,0.200092
-529.2844,5.5013,-422.3919,0.200490
-529.1089,5.5013,-422.9487,0.200840
-528.9344,5.5013,-423.4992,0.201181
-528.7414,5.5013,-424.1033,0.201564
-528.5684,5.5013,-424.6403,0.201903
-528.3959,5.5013,-425.1708,0.202228
-528.2048,5.5013,-425.7526,0.202598
-528.0143,5.5013,-426.3264,0.202965
-527.8428,5.5013,-426.8366,0.203287
-527.6514,5.5013,-427.3984,0.203644
-527.4781,5.5013,-427.9003,0.203955
-527.2841,5.5013,-428.4546,0.204300
-527.1082,5.5013,-428.9505,0.204610
-526.9111,5.5013,-429.4986,0.204960
-526.7322,5.5013,-429.9891,0.205259
-526.5519,5.5013,-430.4770,0.205549
-526.3498,5.5013,-431.0161,0.205897
-526.1662,5.5013,-431.4983,0.206186
-525.9604,5.5013,-432.0307,0.206517
-525.7531,5.5013,-432.5591,0.206854
-525.5650,5.5013,-433.0311,0.207141
-525.3545,5.5013,-433.5515,0.207456
-525.1636,5.5013,-434.0163,0.207753
-524.9713,5.5013,-434.4777,0.208027
-524.7561,5.5013,-434.9863,0.208347
-524.5607,5.5013,-435.4402,0.208635
-524.3413,5.5013,-435.9410,0.208929
-524.1417,5.5013,-436.3882,0.209220
-523.9174,5.5013,-436.8812,0.209513
-523.7131,5.5013,-437.3212,0.209790
-523.5063,5.5013,-437.7576,0.210062
-523.2741,5.5013,-438.2375,0.210360
-523.0630,5.5013,-438.6641,0.210615
-522.8266,5.5013,-439.1314,0.210925
-522.6122,5.5013,-439.5456,0.211168
-522.3722,5.5013,-439.9987,0.211475
-522.1547,5.5013,-440.4000,0.211728
-521.9359,5.5013,-440.7950,0.211986
-521.7155,5.5013,-441.1839,0.212223
-521.4938,5.5013,-441.5665,0.212476
-521.2706,5.5013,-441.9430,0.212728
-521.0211,5.5013,-442.3540,0.213002
-520.7950,5.5013,-442.7172,0.213224
-520.5676,5.5013,-443.0743,0.213475
-520.3126,5.5013,-443.4649,0.213735
-520.0548,5.5013,-443.8499,0.213996
-519.8203,5.5013,-444.1925,0.214225
-519.5565,5.5013,-444.5693,0.214492
-519.3163,5.5013,-444.9051,0.214710
-519.0733,5.5013,-445.2377,0.214949
-518.8277,5.5013,-445.5673,0.215181
-518.5795,5.5013,-445.8937,0.215413
-518.3286,5.5013,-446.2171,0.215644
-518.0751,5.5013,-446.5374,0.215868
-517.7906,5.5013,-446.8897,0.216124
-517.5320,5.5013,-447.2034,0.216355
-517.2712,5.5013,-447.5137,0.216578
-516.9792,5.5013,-447.8542,0.216834
-516.7147,5.5013,-448.1566,0.217060
-516.4190,5.5013,-448.4881,0.217312
-516.1516,5.5013,-448.7824,0.217532
-515.8531,5.5013,-449.1048,0.217778
-515.5833,5.5013,-449.3910,0.218002
-515.3124,5.5013,-449.6736,0.218215
-515.0102,5.5013,-449.9835,0.218461
-514.7368,5.5013,-450.2592,0.218680
-514.4620,5.5013,-450.5323,0.218899
-514.1551,5.5013,-450.8325,0.219136
-513.8773,5.5013,-451.1000,0.219353
-513.5671,5.5013,-451.3944,0.219591
-513.2864,5.5013,-451.6568,0.219806
-513.0045,5.5013,-451.9166,0.220019
-512.7211,5.5013,-452.1740,0.220239
-512.4365,5.5013,-452.4290,0.220451
-512.1506,5.5013,-452.6813,0.220667
-511.8315,5.5013,-452.9588,0.220902
-511.5431,5.5013,-453.2058,0.221111
-511.2537,5.5013,-453.4502,0.221329
-510.9568,5.5065,-453.6871,0.221539
-510.6334,5.5100,-453.9514,0.221768
-510.3100,5.5135,-454.2123,0.221998
-509.9871,5.5161,-454.4692,0.222232
-509.6960,5.5187,-454.6970,0.222442
-509.4050,5.5212,-454.9207,0.222642
-509.0820,5.5240,-455.1649,0.222870
-508.7921,5.5263,-455.3805,0.223071
-508.5031,5.5283,-455.5924,0.223277
-508.2141,5.5298,-455.8010,0.223475
-507.9252,5.5313,-456.0058,0.223670
-507.6368,5.5331,-456.2068,0.223865
-507.3169,5.5354,-456.4253,0.224084
-507.0296,5.5375,-456.6184,0.224276
-506.7105,5.5397,-456.8286,0.224495
-506.4124,5.5436,-457.0039,0.224685
-506.0817,5.5533,-457.1967,0.224900
-505.7927,5.5595,-457.3753,0.225088
-505.5016,5.5643,-457.5528,0.225284
-505.2098,5.5695,-457.7282,0.225473
-504.9187,5.5727,-457.8995,0.225669
-504.6247,5.5757,-458.0693,0.225855
-504.3307,5.5784,-458.2353,0.226045
-504.0365,5.5799,-458.4014,0.226236
-503.7407,5.5823,-458.5621,0.226423
-503.4427,5.5846,-458.7181,0.226617
-503.1115,5.5868,-458.8904,0.226824
-502.8125,5.5893,-459.0418,0.227018
-502.5149,5.5890,-459.1885,0.227205
-502.1812,5.5887,-459.3516,0.227409
-501.8793,5.5898,-459.4927,0.227603
-501.5786,5.5893,-459.6292,0.227789
-501.2753,5.5883,-459.7637,0.227978
-500.9713,5.5877,-459.8953,0.228168
-500.6679,5.5871,-460.0229,0.228344
-500.3625,5.5854,-460.1477,0.228536
-500.0567,5.5843,-460.2691,0.228721
-499.7168,5.5836,-460.3998,0.228929
-499.4128,5.5809,-460.5128,0.229110
-499.0715,5.5788,-460.6330,0.229319
-498.7645,5.5762,-460.7396,0.229499
-498.4555,5.5738,-460.8431,0.229696
-498.1118,5.5715,-460.9540,0.229893
-497.8000,5.5686,-461.0511,0.230072
-497.4866,5.5661,-461.1446,0.230262
-497.1727,5.5621,-461.2364,0.230448
-496.8552,5.5577,-461.3275,0.230640
-496.5353,5.5544,-461.4146,0.230821
-496.1800,5.5494,-461.5074,0.231032
-495.8577,5.5419,-461.6040,0.231221
-495.4970,5.5385,-461.7081,0.231429
-495.1686,5.5374,-461.7846,0.231620
-494.8381,5.5359,-461.8591,0.231814
-494.4682,5.5345,-461.9395,0.232022
-494.1333,5.5330,-462.0096,0.232225
-493.7964,5.5315,-462.0775,0.232416
-493.4203,5.5300,-462.1500,0.232633
-493.0807,5.5284,-462.2130,0.232827
-492.7393,5.5268,-462.2737,0.233027
-492.3963,5.5252,-462.3321,0.233211
-492.0130,5.5234,-462.3940,0.233442
-491.6659,5.5217,-462.4468,0.233640
-491.2772,5.5195,-462.5028,0.233866
-490.9255,5.5171,-462.5506,0.234065
-490.5310,5.5146,-462.6012,0.234293
-490.1735,5.5124,-462.6438,0.234500
-489.8136,5.5101,-462.6839,0.234708
-489.4106,5.5075,-462.7254,0.234939
-489.0445,5.5013,-462.7681,0.235150
-488.6766,5.5013,-462.8003,0.235361
-488.3062,5.5013,-462.8293,0.235571
-487.9335,5.5013,-462.8559,0.235779
-487.5165,5.5013,-462.8827,0.236010
-487.1384,5.5013,-462.9045,0.236242
-486.7155,5.5013,-462.9257,0.236477
-486.2895,5.5013,-462.9440,0.236715
-485.9038,5.5013,-462.9580,0.236940
-485.4726,5.5013,-462.9712,0.237187
-485.0821,5.5013,-462.9808,0.237402
-484.6453,5.5013,-462.9889,0.237651
-484.2495,5.5013,-462.9940,0.237881
-483.8511,5.5013,-462.9969,0.238105
-483.4057,5.5013,-462.9979,0.238356
-483.0022,5.5013,-462.9967,0.238583
-482.5507,5.5013,-462.9929,0.238851
-482.0960,5.5013,-462.9864,0.239109
-481.6839,5.5013,-462.9782,0.239340
-481.2692,5.5013,-462.9678,0.239566
-480.8054,5.5013,-462.9536,0.239836
-480.3383,5.5013,-462.9366,0.240099
-479.9153,5.5013,-462.9190,0.240339
-479.4895,5.5013,-462.8992,0.240574
-479.0131,5.5013,-462.8745,0.240840
-478.5813,5.5013,-462.8500,0.241092
-478.1465,5.5013,-462.8235,0.241336
-477.6594,5.5013,-462.7918,0.241612
-477.2174,5.5013,-462.7613,0.241861
-476.7222,5.5013,-462.7252,0.242147
-476.2225,5.5013,-462.6870,0.242420
-475.7184,5.5013,-462.6468,0.242710
-475.2097,5.5013,-462.6047,0.242997
-474.7481,5.5013,-462.5652,0.243255
-474.2827,5.5013,-462.5242,0.243515
-473.7610,5.5013,-462.4768,0.243811
-473.2876,5.5013,-462.4324,0.244075
-472.8105,5.5013,-462.3864,0.244354
-472.3297,5.5013,-462.3386,0.244624
-471.7911,5.5013,-462.2834,0.244927
-471.3024,5.5013,-462.2319,0.245202
-470.8099,5.5013,-462.1786,0.245479
-470.2581,5.5013,-462.1171,0.245792
-469.7015,5.5013,-462.0533,0.246106
-469.1964,5.5013,-461.9939,0.246389
-468.6875,5.5013,-461.9325,0.246686
-468.1174,5.5013,-461.8619,0.247009
-467.6002,5.5013,-461.7962,0.247305
-467.0791,5.5013,-461.7284,0.247604
-466.5542,5.5013,-461.6586,0.247901
-466.0255,5.5013,-461.5867,0.248200
-465.4334,5.5013,-461.5042,0.248541
-464.8965,5.5013,-461.4278,0.248860
-464.2953,5.5013,-461.3404,0.249204
-463.6892,5.5013,-461.2506,0.249550
-463.1396,5.5013,-461.1679,0.249886
-462.5243,5.5013,-461.0740,0.250225
-461.9039,5.5013,-460.9781,0.250599
-461.3415,5.5013,-460.8900,0.250924
-460.7751,5.5013,-460.8004,0.251257
-460.1411,5.5013,-460.6990,0.251626
-459.5665,5.5013,-460.6061,0.251956
-458.9880,5.5013,-460.5115,0.252298
-458.4057,5.5013,-460.4153,0.252621
-457.7542,5.5013,-460.3065,0.253023
-457.1639,5.5013,-460.2068,0.253370
-456.5698,5.5013,-460.1054,0.253712
-455.9052,5.5013,-459.9909,0.254106
-455.3032,5.5013,-459.8861,0.254462
-454.6299,5.5013,-459.7677,0.254855
-454.0199,5.5013,-459.6593,0.255215
-453.4061,5.5013,-459.5493,0.255594
-452.7885,5.5013,-459.4377,0.255946
-452.0980,5.5013,-459.3120,0.256354
-451.4725,5.5013,-459.1971,0.256727
-450.7732,5.5013,-459.0677,0.257135
-450.1399,5.5013,-458.9495,0.257504
-449.5028,5.5013,-458.8298,0.257894
-448.8621,5.5013,-458.7085,0.258271
-448.1458,5.5013,-458.5718,0.258702
-447.4250,5.5013,-458.4332,0.259121
-446.7724,5.5013,-458.3067,0.259513
-446.1162,5.5013,-458.1786,0.259906
-445.4564,5.5013,-458.0488,0.260301
-444.7222,5.5013,-457.9033,0.260731
-444.0624,5.5013,-457.7715,0.261128
-443.4011,5.5013,-457.6383,0.261504
-442.7387,5.5013,-457.5039,0.261908
-442.0016,5.5013,-457.3533,0.262337
-441.3353,5.5013,-457.2161,0.262717
-440.5916,5.5013,-457.0618,0.263168
-439.9190,5.5013,-456.9213,0.263562
-439.1682,5.5013,-456.7633,0.264013
-438.4894,5.5013,-456.6195,0.264415
-437.8077,5.5013,-456.4740,0.264825
-437.1230,5.5013,-456.3269,0.265207
-436.4354,5.5013,-456.1782,0.265621
-435.7448,5.5013,-456.0279,0.266032
-435.0514,5.5013,-455.8758,0.266433
-434.2776,5.5013,-455.7049,0.266880
-433.5782,5.5013,-455.5494,0.267302
-432.8768,5.5013,-455.3923,0.267708
-432.0960,5.5013,-455.2162,0.268172
-431.3931,5.5013,-455.0564,0.268587
-430.6130,5.5013,-454.8777,0.269050
-429.9124,5.5013,-454.7160,0.269451
-429.2139,5.5013,-454.5536,0.269865
-428.4408,5.5013,-454.3725,0.270311
-427.7481,5.5013,-454.2090,0.270722
-427.0586,5.5013,-454.0449,0.271131
-426.3724,5.5013,-453.8805,0.271532
-425.6144,5.5013,-453.6973,0.271979
-424.9359,5.5013,-453.5320,0.272368
-424.1866,5.5013,-453.3479,0.272802
-423.5163,5.5013,-453.1820,0.273204
-422.7757,5.5013,-452.9975,0.273638
-422.1111,5.5013,-452.8308,0.274023
-421.3760,5.5013,-452.6450,0.274451
-420.7188,5.5013,-452.4775,0.274838
-420.0662,5.5013,-452.3099,0.275212
-419.3466,5.5013,-452.1235,0.275640
-418.7038,5.5013,-451.9557,0.276015
-418.0657,5.5013,-451.7881,0.276381
-417.3627,5.5013,-451.6019,0.276784
-416.7355,5.5013,-451.4346,0.277166
-416.1138,5.5013,-451.2674,0.277534
-415.4294,5.5013,-451.0820,0.277938
-414.8193,5.5013,-450.9154,0.278295
-414.1479,5.5013,-450.7307,0.278693
-413.5493,5.5013,-450.5647,0.279039
-412.8907,5.5013,-450.3808,0.279423
-412.3036,5.5013,-450.2155,0.279777
-411.7219,5.5013,-450.0506,0.280118
-411.0806,5.5013,-449.8674,0.280482
-410.5074,5.5013,-449.7025,0.280825
-409.8746,5.5013,-449.5191,0.281203
-409.3083,5.5013,-449.3537,0.281534
-408.6826,5.5013,-449.1695,0.281893
-408.1223,5.5013,-449.0032,0.282222
-407.5030,5.5013,-448.8177,0.282583
-406.8870,5.5013,-448.6317,0.282946
-406.3354,5.5013,-448.4636,0.283272
-405.7257,5.5013,-448.2762,0.283623
-405.1797,5.5013,-448.1071,0.283947
-404.5766,5.5013,-447.9187,0.284297
-403.9777,5.5013,-447.7300,0.284661
-403.4427,5.5013,-447.5599,0.284966
-402.9119,5.5013,-447.3899,0.285284
-402.3273,5.5013,-447.2011,0.285616
-401.8062,5.5013,-447.0314,0.285922
-401.2330,5.5013,-446.8428,0.286252
-400.7227,5.5013,-446.6732,0.286556
-400.2176,5.5013,-446.5036,0.286859
-399.7179,5.5013,-446.3339,0.287145
-399.1692,5.5013,-446.1451,0.287474
-398.6273,5.5013,-445.9561,0.287788
-398.1457,5.5013,-445.7857,0.288070
-397.6173,5.5013,-445.5960,0.288379
-397.1481,5.5013,-445.4248,0.288656
-396.6337,5.5013,-445.2341,0.288957
-396.1772,5.5013,-445.0620,0.289229
-395.6771,5.5013,-444.8704,0.289531
-395.1847,5.5013,-444.6783,0.289816
-394.7481,5.5013,-444.5049,0.290079
-394.3179,5.5013,-444.3309,0.290329
-393.8474,5.5013,-444.1369,0.290610
-393.4309,5.5013,-443.9615,0.290864
-392.9756,5.5013,-443.7656,0.291140
-392.5728,5.5013,-443.5885,0.291379
-392.1328,5.5013,-443.3907,0.291651
-391.7437,5.5013,-443.2119,0.291885
-391.3189,5.5013,-443.0125,0.292153
-390.9431,5.5013,-442.8322,0.292380
-390.5733,5.5013,-442.6509,0.292611
-390.1691,5.5013,-442.4485,0.292862
-389.7720,5.5013,-442.2451,0.293109
-389.4206,5.5013,-442.0613,0.293333
-389.0748,5.5013,-441.8767,0.293550
-388.7342,5.5013,-441.6913,0.293762
-388.3613,5.5013,-441.4841,0.294002
-388.0302,5.5013,-441.2962,0.294213
-387.6666,5.5013,-441.0856,0.294454
-387.3429,5.5013,-440.8944,0.294664
-386.9867,5.5013,-440.6800,0.294891
-386.6339,5.5013,-440.4633,0.295123
-386.3538,5.5013,-440.2884,0.295306
-386.0065,5.5013,-440.0677,0.295532
-385.7307,5.5013,-439.8895,0.295718
-385.4227,5.5013,-439.6873,0.295924
-385.0831,5.5013,-439.4605,0.296153
-384.7799,5.5013,-439.2546,0.296357
-384.4455,5.5013,-439.0237,0.296584
-384.1470,5.5013,-438.8142,0.296788
-383.8179,5.5013,-438.5795,0.297012
-383.5243,5.5013,-438.3668,0.297214
-383.2014,5.5013,-438.1290,0.297438
-382.8825,5.5013,-437.8901,0.297660
-382.5990,5.5013,-437.6743,0.297858
-382.2878,5.5013,-437.4338,0.298080
-381.9809,5.5013,-437.1926,0.298296
-381.6782,5.5013,-436.9507,0.298516
-381.4391,5.5013,-436.7567,0.298684
-381.1441,5.5013,-436.5136,0.298895
-380.8823,5.5013,-436.2942,0.299090
-380.6242,5.5013,-436.0742,0.299279
-380.3698,5.5013,-435.8538,0.299464
-380.0919,5.5013,-435.6083,0.299671
-379.8192,5.5013,-435.3625,0.299877
-379.5517,5.5013,-435.1162,0.300078
-379.3155,5.5013,-434.8944,0.300257
-379.0580,5.5013,-434.6477,0.300457
-378.8307,5.5013,-434.4256,0.300633
-378.5831,5.5013,-434.1788,0.300824
-378.3406,5.5013,-433.9321,0.301019
-378.1269,5.5013,-433.7101,0.301191
-377.9176,5.5013,-433.4880,0.301360
-377.6901,5.5013,-433.2412,0.301547
-377.4679,5.5013,-432.9942,0.301729
-377.2512,5.5013,-432.7470,0.301914
-377.0609,5.5013,-432.5244,0.302074
-376.8549,5.5013,-432.2767,0.302256
-376.6548,5.5013,-432.0285,0.302433
-376.4796,5.5015,-431.8052,0.302594
-376.3094,5.5016,-431.5815,0.302751
-376.1621,5.5017,-431.3826,0.302890
-376.0011,5.5018,-431.1587,0.303043
-375.8622,5.5019,-430.9596,0.303179
-375.6941,5.5020,-430.7104,0.303348
-375.5320,5.5021,-430.4612,0.303513
-375.3759,5.5022,-430.2121,0.303678
-375.2398,5.5022,-429.9875,0.303823
-375.0934,5.5021,-429.7364,0.303988
-374.9511,5.5021,-429.4836,0.304150
-374.8128,5.5020,-429.2292,0.304311
-374.6784,5.5020,-428.9733,0.304473
-374.5737,5.5019,-428.7675,0.304603
-374.4588,5.5019,-428.5350,0.304748
-374.3591,5.5019,-428.3274,0.304877
-374.2376,5.5018,-428.0667,0.305038
-374.1427,5.5018,-427.8570,0.305166
-374.0269,5.5018,-427.5932,0.305329
-373.9142,5.5017,-427.3276,0.305489
-373.8263,5.5017,-427.1137,0.305620
-373.7190,5.5017,-426.8444,0.305780
-373.6145,5.5017,-426.5727,0.305944
-373.5228,5.5017,-426.3258,0.306090
-373.4333,5.5017,-426.0768,0.306239
-373.3460,5.5017,-425.8253,0.306388
-373.2516,5.5016,-425.5431,0.306554
-373.1782,5.5016,-425.3151,0.306688
-373.0889,5.5016,-425.0274,0.306855
-373.0109,5.5016,-424.7660,0.307010
-372.9436,5.5016,-424.5315,0.307145
-372.8699,5.5016,-424.2652,0.307301
-372.7985,5.5016,-423.9966,0.307455
-372.7216,5.5016,-423.6949,0.307631
-372.6545,5.5017,-423.4207,0.307790
-372.5894,5.5017,-423.1438,0.307948
-372.5196,5.5017,-422.8331,0.308126
-372.4525,5.5017,-422.5190,0.308306
-372.3942,5.5017,-422.2334,0.308469
-372.3441,5.5018,-421.9769,0.308614
-372.2897,5.5018,-421.6855,0.308780
-372.2316,5.5018,-421.3579,0.308963
-372.1761,5.5019,-421.0262,0.309153
-372.1336,5.5019,-420.7578,0.309305
-372.0830,5.5020,-420.4182,0.309498
-372.0398,5.5021,-420.1087,0.309671
-371.9946,5.5021,-419.7604,0.309869
-371.9525,5.5022,-419.4076,0.310066
-371.9180,5.5021,-419.0864,0.310252
-371.8823,5.5020,-418.7251,0.310457
-371.8562,5.5019,-418.4330,0.310621
-371.8270,5.5018,-418.0637,0.310829
-371.8012,5.5013,-417.6900,0.311040
-371.7837,5.5013,-417.3880,0.311211
-371.7670,5.5013,-417.0450,0.311401
-371.7549,5.5013,-416.7372,0.311576
-371.7446,5.5013,-416.3877,0.311773
-371.7376,5.5013,-416.0349,0.311966
-371.7342,5.5013,-415.6390,0.312192
-371.7352,5.5013,-415.2391,0.312418
-371.7408,5.5013,-414.8354,0.312646
-371.7486,5.5013,-414.5095,0.312830
-371.7626,5.5013,-414.0986,0.313060
-371.7791,5.5013,-413.7254,0.313273
-371.7970,5.5013,-413.3909,0.313461
-371.8236,5.5013,-412.9691,0.313697
-371.8514,5.5013,-412.5860,0.313912
-371.8792,5.5013,-412.2428,0.314108
-371.9139,5.5013,-411.8536,0.314329
-371.9523,5.5013,-411.4612,0.314544
-371.9991,5.5013,-411.0213,0.314796
-372.0398,5.5013,-410.6665,0.314994
-372.0889,5.5013,-410.2641,0.315220
-372.1477,5.5013,-409.8130,0.315481
-372.1978,5.5013,-409.4490,0.315688
-372.2713,5.5013,-408.9440,0.315972
-372.3279,5.5013,-408.5734,0.316181
-372.3948,5.5013,-408.1529,0.316420
-372.4730,5.5013,-407.6813,0.316681
-372.5552,5.5013,-407.2048,0.316960
-372.6239,5.5013,-406.8199,0.317172
-372.7132,5.5013,-406.3343,0.317453
-372.7876,5.5013,-405.9421,0.317672
-372.8744,5.5013,-405.4967,0.317926
-372.9746,5.5013,-404.9965,0.318212
-373.0681,5.5013,-404.5415,0.318474
-373.1647,5.5013,-404.0818,0.318733
-373.2532,5.5013,-403.6692,0.318967
-373.3673,5.5013,-403.1481,0.319267
-373.4732,5.5013,-402.6740,0.319539
-373.5698,5.5013,-402.2485,0.319781
-373.6810,5.5013,-401.7652,0.320057
-373.7949,5.5013,-401.2770,0.320337
-373.9115,5.5013,-400.7840,0.320615
-374.0443,5.5013,-400.2305,0.320933
-374.1805,5.5013,-399.6711,0.321252
-374.3206,5.5013,-399.1057,0.321571
-374.4498,5.5013,-398.5918,0.321865
-374.5971,5.5013,-398.0150,0.322194
-374.7481,5.5013,-397.4320,0.322528
-374.9027,5.5013,-396.8428,0.322861
-375.0448,5.5013,-396.3072,0.323169
-375.1893,5.5013,-395.7663,0.323481
-375.3527,5.5013,-395.1591,0.323822
-375.5019,5.5013,-394.6070,0.324139
-375.6700,5.5013,-393.9873,0.324489
-375.8065,5.5013,-393.4868,0.324789
-375.9792,5.5013,-392.8555,0.325139
-376.1545,5.5013,-392.2178,0.325500
-376.3145,5.5013,-391.6383,0.325826
-376.4945,5.5013,-390.9885,0.326193
-376.6770,5.5013,-390.3323,0.326560
-376.8432,5.5013,-389.7361,0.326900
-377.0298,5.5013,-389.0675,0.327275
-377.2180,5.5013,-388.3924,0.327651
-377.4063,5.5013,-387.7158,0.328031
-377.5750,5.5013,-387.1071,0.328366
-377.7626,5.5013,-386.4272,0.328749
-377.9495,5.5013,-385.7461,0.329134
-378.1366,5.5013,-385.0612,0.329511
-378.2867,5.5013,-384.5093,0.329820
-378.4749,5.5013,-383.8143,0.330201
-378.6633,5.5013,-383.1135,0.330592
-378.8517,5.5013,-382.4068,0.330980
-379.0211,5.5013,-381.7655,0.331336
-379.2090,5.5013,-381.0471,0.331734
-379.3965,5.5013,-380.3225,0.332130
-379.5833,5.5013,-379.5917,0.332531
-379.7507,5.5013,-378.9287,0.332890
-379.9359,5.5013,-378.1862,0.333295
-380.1202,5.5013,-377.4375,0.333705
-380.3033,5.5013,-376.6825,0.334117
-380.4669,5.5013,-375.9977,0.334489
-380.6474,5.5013,-375.2308,0.334906
-380.8263,5.5013,-374.4577,0.335322
-380.9858,5.5013,-373.7566,0.335701
-381.1614,5.5013,-372.9716,0.336132
-381.3351,5.5013,-372.1803,0.336561
-381.4899,5.5013,-371.4628,0.336949
-381.6599,5.5013,-370.6596,0.337383
-381.8278,5.5013,-369.8501,0.337815
-381.9771,5.5013,-369.1162,0.338200
-382.1408,5.5013,-368.2948,0.338645
-382.3021,5.5013,-367.4671,0.339116
-382.4294,5.5013,-366.8006,0.339447
-382.5708,5.5013,-366.0458,0.339848
-382.7101,5.5013,-365.2861,0.340255
-382.8624,5.5013,-364.4359,0.340710
-383.0119,5.5013,-363.5795,0.341177
-383.1441,5.5013,-362.8033,0.341583
-383.2881,5.5013,-361.9348,0.342049
-383.4291,5.5013,-361.0601,0.342517
-383.5394,5.5013,-360.3557,0.342887
-383.6742,5.5013,-359.4695,0.343363
-383.8051,5.5013,-358.5769,0.343848
-383.9071,5.5013,-357.8582,0.344215
-384.0186,5.5013,-357.0450,0.344650
-384.1266,5.5013,-356.2265,0.345082
-384.2422,5.5013,-355.3111,0.345559
-384.3532,5.5013,-354.3894,0.346053
-384.4490,5.5013,-353.5546,0.346493
-384.5508,5.5013,-352.6214,0.346986
-384.6468,5.5013,-351.6868,0.347474
-384.7276,5.5013,-350.8458,0.347924
-384.8112,5.5013,-349.9086,0.348415
-384.8884,5.5013,-348.9712,0.348902
-384.9527,5.5013,-348.1251,0.349345
-385.0059,5.5013,-347.3701,0.349742
-385.0552,5.5013,-346.6126,0.350144
-385.1060,5.5013,-345.7576,0.350592
-385.1516,5.5013,-344.9000,0.351046
-385.1961,5.5013,-343.9445,0.351540
-385.2340,5.5013,-342.9871,0.352040
-385.2595,5.5013,-342.2203,0.352440
-385.2852,5.5013,-341.2611,0.352949
-385.3036,5.5013,-340.3016,0.353449
-385.3141,5.5013,-339.4383,0.353889
-385.3185,5.5013,-338.5755,0.354347
-385.3168,5.5013,-337.7135,0.354782
-385.3101,5.5013,-336.9482,0.355190
-385.2966,5.5013,-336.0887,0.355633
-385.2793,5.5013,-335.3259,0.356033
-385.2538,5.5013,-334.4694,0.356475
-385.2180,5.5013,-333.5198,0.356975
-385.1790,5.5013,-332.6672,0.357415
-385.1279,5.5013,-331.7221,0.357903
-385.0689,5.5013,-330.7794,0.358405
-385.0089,5.5013,-329.9331,0.358841
-384.9344,5.5013,-328.9952,0.359323
-384.8518,5.5013,-328.0600,0.359818
-384.7609,5.5013,-327.1274,0.360295
-384.6822,5.5013,-326.3833,0.360686
-384.5762,5.5013,-325.4557,0.361166
-384.4618,5.5013,-324.5310,0.361649
-384.3516,5.5013,-323.7014,0.362077
-384.2346,5.5013,-322.8743,0.362511
-384.1249,5.5013,-322.1413,0.362894
-383.9804,5.5013,-321.2280,0.363368
-383.8277,5.5013,-320.3181,0.363848
-383.6671,5.5013,-319.4116,0.364323
-383.4988,5.5013,-318.5085,0.364804
-383.3229,5.5013,-317.6089,0.365278
-383.1582,5.5013,-316.8021,0.365707
-382.9682,5.5013,-315.9084,0.366177
-382.7712,5.5013,-315.0177,0.366648
-382.5672,5.5013,-314.1297,0.367119
-382.3565,5.5013,-313.2446,0.367590
-382.1831,5.5013,-312.5384,0.367968
-381.9830,5.5013,-311.7460,0.368393
-381.7548,5.5013,-310.8681,0.368869
-381.5202,5.5013,-309.9928,0.369337
-381.3039,5.5013,-309.2072,0.369759
-381.0579,5.5013,-308.3369,0.370229
-380.8060,5.5013,-307.4691,0.370700
-380.6003,5.5013,-306.7768,0.371082
-380.3380,5.5013,-305.9137,0.371545
-380.0703,5.5013,-305.0532,0.372018
-379.7974,5.5013,-304.1953,0.372495
-379.5197,5.5013,-303.3397,0.372956
-379.2941,5.5013,-302.6570,0.373331
-379.0370,5.5013,-301.8909,0.373750
-378.8057,5.5013,-301.2114,0.374120
-378.5129,5.5013,-300.3641,0.374592
-378.2161,5.5013,-299.5190,0.375061
-377.9457,5.5013,-298.7602,0.375486
-377.6417,5.5013,-297.9192,0.375952
-377.3340,5.5013,-297.0802,0.376427
-377.0541,5.5013,-296.3268,0.376846
-376.7714,5.5013,-295.5751,0.377266
-376.4860,5.5013,-294.8249,0.377683
-376.1657,5.5013,-293.9931,0.378153
-375.8423,5.5013,-293.1633,0.378617
-375.5157,5.5013,-292.3354,0.379086
-375.2192,5.5013,-291.5919,0.379508
-374.8869,5.5013,-290.7675,0.379973
-374.5517,5.5013,-289.9449,0.380436
-374.2475,5.5013,-289.2062,0.380851
-373.9067,5.5013,-288.3871,0.381323
-373.5631,5.5013,-287.5699,0.381783
-373.2515,5.5013,-286.8360,0.382206
-372.9026,5.5013,-286.0222,0.382669
-372.5510,5.5013,-285.2102,0.383132
-372.1966,5.5013,-284.4001,0.383595
-371.8393,5.5013,-283.5917,0.384061
-371.5515,5.5013,-282.9463,0.384435
-371.2253,5.5013,-282.2216,0.384856
-370.9331,5.5013,-281.5787,0.385225
-370.5649,5.5013,-280.7770,0.385690
-370.1933,5.5013,-279.9773,0.386152
-369.8557,5.5013,-279.2593,0.386576
-369.4773,5.5013,-278.4637,0.387038
-369.0953,5.5013,-277.6703,0.387495
-368.7097,5.5013,-276.8792,0.387965
-368.3985,5.5013,-276.2481,0.388336
-368.0457,5.5013,-275.5399,0.388754
-367.6898,5.5013,-274.8337,0.389165
-367.3309,5.5013,-274.1296,0.389581
-366.9286,5.5013,-273.3496,0.390044
-366.5224,5.5013,-272.5723,0.390510
-366.1125,5.5013,-271.7975,0.390971
-365.6987,5.5013,-271.0255,0.391428
-365.3231,5.5013,-270.3329,0.391847
-364.9021,5.5013,-269.5661,0.392306
-364.4773,5.5013,-268.8019,0.392764
-364.0917,5.5013,-268.1166,0.393188
-363.6597,5.5013,-267.3577,0.393646
-363.2238,5.5013,-266.6017,0.394111
-362.8282,5.5013,-265.9237,0.394522
-362.3852,5.5013,-265.1729,0.394983
-362.0280,5.5013,-264.5743,0.395349
-361.6233,5.5013,-263.9028,0.395761
-361.2156,5.5013,-263.2333,0.396169
-360.8048,5.5013,-262.5656,0.396588
-360.3448,5.5013,-261.8256,0.397045
-359.8811,5.5013,-261.0875,0.397510
-359.4606,5.5013,-260.4246,0.397927
-358.9898,5.5013,-259.6897,0.398394
-358.5629,5.5013,-259.0298,0.398803
-358.0852,5.5013,-258.2981,0.399261
-357.6039,5.5013,-257.5679,0.399733
-357.1190,5.5013,-256.8395,0.400198
-356.6797,5.5013,-256.1851,0.400616
-356.1885,5.5013,-255.4595,0.401083
-355.7437,5.5013,-254.8078,0.401491
-355.2964,5.5013,-254.1572,0.401916
-354.7966,5.5013,-253.4356,0.402382
-354.2941,5.5013,-252.7153,0.402846
-353.7889,5.5013,-251.9961,0.403311
-353.3320,5.5013,-251.3499,0.403736
-352.8218,5.5013,-250.6330,0.404197
-352.3604,5.5013,-249.9887,0.404624
-351.8453,5.5013,-249.2738,0.405097
-351.3795,5.5013,-248.6313,0.405515
-350.8595,5.5013,-247.9184,0.405984
-350.3370,5.5013,-247.2065,0.406455
-349.8645,5.5013,-246.5667,0.406876
-349.3370,5.5013,-245.8567,0.407348
-348.8069,5.5013,-245.1479,0.407819
-348.3276,5.5013,-244.5108,0.408246
-347.7925,5.5013,-243.8040,0.408713
-347.3087,5.5013,-243.1689,0.409141
-346.7686,5.5013,-242.4643,0.409616
-346.2804,5.5013,-241.8311,0.410040
-345.7353,5.5013,-241.1287,0.410515
-345.1877,5.5013,-240.4275,0.410993
-344.6925,5.5013,-239.7975,0.411420
-344.1398,5.5013,-239.0986,0.411889
-343.6959,5.5013,-238.5404,0.412270
-343.1387,5.5013,-237.8438,0.412745
-342.5790,5.5013,-237.1482,0.413221
-342.0733,5.5013,-236.5232,0.413654
-341.5089,5.5013,-235.8298,0.414127
-340.9990,5.5013,-235.2066,0.414556
-340.4870,5.5013,-234.5842,0.414989
-339.9158,5.5013,-233.8936,0.415464
-339.3422,5.5013,-233.2040,0.415944
-338.8239,5.5013,-232.5842,0.416373
-338.2456,5.5013,-231.8963,0.416856
-337.7230,5.5013,-231.2779,0.417286
-337.1400,5.5013,-230.5916,0.417769
-336.6131,5.5013,-229.9746,0.418206
-336.0252,5.5013,-229.2898,0.418683
-335.4347,5.5013,-228.6056,0.419170
-334.9011,5.5013,-227.9904,0.419606
-334.3653,5.5013,-227.3757,0.420039
-333.7675,5.5013,-226.6933,0.420525
-333.2273,5.5013,-226.0798,0.420962
-332.6246,5.5013,-225.3987,0.421449
-332.0799,5.5013,-224.7863,0.421885
-331.4723,5.5013,-224.1065,0.422371
-330.9232,5.5013,-223.4952,0.422813
-330.3107,5.5013,-222.8166,0.423303
-329.6957,5.5013,-222.1386,0.423792
-329.0783,5.5013,-221.4610,0.424285
-328.5206,5.5013,-220.8515,0.424723
-327.8989,5.5013,-220.1743,0.425217
-327.2750,5.5013,-219.4973,0.425714
-326.7118,5.5013,-218.8879,0.426152
-326.1469,5.5013,-218.2784,0.426604
-325.5175,5.5013,-217.6011,0.427096
-324.8859,5.5013,-216.9236,0.427591
-324.3158,5.5013,-216.3137,0.428040
-323.6805,5.5013,-215.6358,0.428537
-323.0430,5.5013,-214.9578,0.429040
-322.4675,5.5013,-214.3473,0.429486
-321.8903,5.5013,-213.7368,0.429943
-321.2469,5.5013,-213.0583,0.430434
-320.6013,5.5013,-212.3798,0.430938
-320.0185,5.5013,-211.7689,0.431393
-319.3689,5.5013,-211.0901,0.431898
-318.7825,5.5013,-210.4792,0.432353
-318.1288,5.5013,-209.8002,0.432857
-317.5387,5.5013,-209.1893,0.433313
-316.8810,5.5013,-208.5103,0.433816
-316.2874,5.5013,-207.8993,0.434278
-315.6258,5.5013,-207.2203,0.434786
-314.9623,5.5013,-206.5412,0.435296
-314.2970,5.5013,-205.8620,0.435806
-313.6967,5.5013,-205.2505,0.436267
-313.0950,5.5013,-204.6387,0.436726
-312.4248,5.5013,-203.9588,0.437240
-311.7528,5.5013,-203.2786,0.437755
-311.1465,5.5013,-202.6662,0.438216
-310.4712,5.5013,-201.9855,0.438728
-309.8619,5.5013,-201.3725,0.439203
-309.1833,5.5013,-200.6911,0.439719
-308.5031,5.5013,-200.0093,0.440230
-307.8212,5.5013,-199.3271,0.440744
-307.2062,5.5013,-198.7129,0.441212
-306.5213,5.5013,-198.0299,0.441731
-305.9037,5.5013,-197.4147,0.442204
-305.2160,5.5013,-196.7308,0.442733
-304.5958,5.5013,-196.1149,0.443197
-303.9054,5.5013,-195.4299,0.443726
-303.2827,5.5013,-194.8131,0.444201
-302.5897,5.5013,-194.1270,0.444723
-302.0343,5.5013,-193.5777,0.445145
-301.3391,5.5013,-192.8905,0.445671
-300.6426,5.5013,-192.2024,0.446198
-299.9451,5.5013,-191.5136,0.446730
-299.3163,5.5013,-190.8930,0.447202
-298.6165,5.5013,-190.2026,0.447737
-297.9858,5.5013,-189.5805,0.448212
-297.3542,5.5013,-188.9577,0.448693
-296.6514,5.5013,-188.2649,0.449224
-296.0180,5.5013,-187.6406,0.449705
-295.3132,5.5013,-186.9460,0.450242
-294.6780,5.5013,-186.3202,0.450725
-293.9713,5.5013,-185.6238,0.451258
-293.2637,5.5013,-184.9265,0.451795
-292.6259,5.5013,-184.2980,0.452273
-291.9165,5.5013,-183.5988,0.452817
-291.2060,5.5013,-182.8987,0.453362
-290.5658,5.5013,-182.2677,0.453847
-289.8536,5.5013,-181.5656,0.454387
-289.2119,5.5013,-180.9328,0.454870
-288.5695,5.5013,-180.2993,0.455362
-287.8547,5.5013,-179.5943,0.455899
-287.2108,5.5013,-178.9590,0.456395
-286.4944,5.5013,-178.2521,0.456937
-285.8489,5.5013,-177.6150,0.457425
-285.1309,5.5013,-176.9061,0.457976
-284.4839,5.5013,-176.2672,0.458469
-283.7643,5.5013,-175.5564,0.459010
-283.0438,5.5013,-174.8445,0.459555
-282.3945,5.5013,-174.2029,0.460050
-281.7445,5.5013,-173.5605,0.460548
-281.0215,5.5013,-172.8458,0.461095
-280.3698,5.5013,-172.2017,0.461591
-279.6447,5.5013,-171.4852,0.462141
-278.9911,5.5013,-170.8398,0.462642
-278.2639,5.5013,-170.1218,0.463198
-277.6083,5.5013,-169.4749,0.463691
-276.8788,5.5013,-168.7556,0.464248
-276.2211,5.5013,-168.1075,0.464747
-275.4892,5.5013,-167.3869,0.465308
-274.7558,5.5013,-166.6657,0.465862
-274.0209,5.5013,-165.9441,0.466420
-273.3582,5.5013,-165.2944,0.466926
-272.6941,5.5013,-164.6444,0.467423
-271.9545,5.5013,-163.9221,0.467985
-271.2876,5.5013,-163.2718,0.468499
-270.6192,5.5013,-162.6213,0.469002
-269.8748,5.5013,-161.8985,0.469564
-269.2035,5.5013,-161.2480,0.470068
-268.4558,5.5013,-160.5252,0.470635
-267.7064,5.5013,-159.8024,0.471201
-267.0303,5.5013,-159.1519,0.471708
-266.2774,5.5013,-158.4293,0.472275
-265.5226,5.5013,-157.7067,0.472848
-264.8418,5.5013,-157.0565,0.473359
-264.0835,5.5013,-156.3342,0.473924
-263.3995,5.5013,-155.6842,0.474436
-262.6377,5.5013,-154.9622,0.475005
-261.9505,5.5013,-154.3125,0.475520
-261.1852,5.5013,-153.5907,0.476087
-260.4948,5.5013,-152.9412,0.476597
-259.7260,5.5013,-152.2198,0.477168
-258.9553,5.5013,-151.4986,0.477748
-258.2602,5.5013,-150.8496,0.478265
-257.5637,5.5013,-150.2007,0.478774
-256.7881,5.5013,-149.4798,0.479353
-256.0886,5.5013,-148.8311,0.479867
-255.3879,5.5013,-148.1824,0.480379
-254.6077,5.5013,-147.4617,0.480962
-253.9043,5.5013,-146.8129,0.481476
-253.1212,5.5013,-146.0921,0.482053
-252.4151,5.5013,-145.4432,0.482579
-251.6292,5.5013,-144.7222,0.483152
-250.9206,5.5013,-144.0732,0.483666
-250.1318,5.5013,-143.3519,0.484246
-249.3416,5.5013,-142.6306,0.484823
-248.7084,5.5013,-142.0533,0.485297
-247.9157,5.5013,-141.3315,0.485873
-247.1219,5.5013,-140.6094,0.486452
-246.4065,5.5013,-139.9591,0.486972
-245.6903,5.5013,-139.3084,0.487496
-244.8935,5.5013,-138.5849,0.488080
-244.1756,5.5013,-137.9332,0.488607
-243.3769,5.5013,-137.2086,0.489191
-242.5774,5.5013,-136.4832,0.489776
-241.7769,5.5013,-135.7572,0.490354
-241.0558,5.5013,-135.1032,0.490885
-240.2537,5.5013,-134.3757,0.491466
-239.5311,5.5013,-133.7203,0.491991
-238.7275,5.5013,-132.9913,0.492584
-237.9230,5.5013,-132.2614,0.493174
-237.1984,5.5013,-131.6038,0.493700
-236.5537,5.5013,-131.0187,0.494175
-235.8279,5.5013,-130.3597,0.494701
-235.0206,5.5013,-129.6268,0.495294
-234.2942,5.5013,-128.9672,0.495826
-233.4882,5.5013,-128.2352,0.496414
-232.6822,5.5013,-127.5031,0.497003
-231.9574,5.5013,-126.8447,0.497532
-231.1524,5.5013,-126.1133,0.498116
-230.4274,5.5013,-125.4545,0.498651
-229.6213,5.5013,-124.7220,0.499240
-228.8146,5.5013,-123.9888,0.499826
-228.0881,5.5013,-123.3284,0.500361
-227.2803,5.5013,-122.5941,0.500953
-226.4720,5.5013,-121.8592,0.501540
-225.7442,5.5013,-121.1976,0.502069
-225.0163,5.5013,-120.5357,0.502601
-224.2076,5.5013,-119.8004,0.503192
-223.3992,5.5013,-119.0654,0.503786
-222.6722,5.5013,-118.4044,0.504314
-221.8652,5.5013,-117.6708,0.504905
-221.0592,5.5013,-116.9379,0.505503
-220.3345,5.5013,-116.2792,0.506022
-219.6108,5.5013,-115.6213,0.506548
-218.8078,5.5013,-114.8915,0.507133
-218.0862,5.5013,-114.2356,0.507662
-217.2855,5.5013,-113.5078,0.508243
-216.5658,5.5013,-112.8536,0.508777
-215.7672,5.5013,-112.1278,0.509355
-215.0482,5.5013,-111.4745,0.509883
-214.2489,5.5013,-110.7482,0.510461
-213.4506,5.5013,-110.0228,0.511040
-212.7337,5.5013,-109.3712,0.511568
-211.9388,5.5013,-108.6487,0.512144
-211.1456,5.5013,-107.9278,0.512721
-210.4332,5.5013,-107.2804,0.513242
-209.6433,5.5013,-106.5624,0.513823
-208.9339,5.5013,-105.9176,0.514343
-208.2259,5.5013,-105.2740,0.514852
-207.4409,5.5013,-104.5603,0.515426
-206.7359,5.5013,-103.9193,0.515939
-205.9542,5.5013,-103.2085,0.516513
-205.2522,5.5013,-102.5701,0.517019
-204.4738,5.5013,-101.8620,0.517588
-203.7748,5.5013,-101.2261,0.518093
-202.9998,5.5013,-100.5208,0.518658
-202.2265,5.5013,-99.8169,0.519224
-201.5322,5.5013,-99.1846,0.519728
-200.7623,5.5013,-98.4833,0.520290
-199.9942,5.5013,-97.7834,0.520853
-199.3046,5.5013,-97.1548,0.521354
-198.5402,5.5013,-96.4577,0.521908
-197.7776,5.5013,-95.7621,0.522471
-197.0927,5.5013,-95.1370,0.522971
-196.4092,5.5013,-94.5130,0.523467
-195.6512,5.5013,-93.8209,0.524018
-194.8947,5.5013,-93.1301,0.524569
-194.2142,5.5013,-92.5084,0.525065
-193.5346,5.5013,-91.8876,0.525564
-192.8569,5.5013,-91.2683,0.526057
-192.1064,5.5013,-90.5822,0.526606
-191.4330,5.5013,-89.9666,0.527097
-190.6875,5.5013,-89.2850,0.527643
-190.0188,5.5013,-88.6736,0.528132
-189.2787,5.5013,-87.9968,0.528674
-188.6151,5.5013,-87.3899,0.529170
-187.8806,5.5013,-86.7181,0.529707
-187.2222,5.5013,-86.1158,0.530189
-186.4936,5.5013,-85.4493,0.530723
-185.7680,5.5013,-84.7856,0.531256
-185.1178,5.5013,-84.1908,0.531728
-184.3982,5.5013,-83.5325,0.532266
-183.7532,5.5013,-82.9424,0.532741
-183.0395,5.5013,-82.2895,0.533267
-182.3998,5.5013,-81.7043,0.533740
-181.7626,5.5013,-81.1214,0.534213
-181.0575,5.5013,-80.4763,0.534733
-180.4255,5.5013,-79.8982,0.535200
-179.7261,5.5013,-79.2584,0.535716
-179.0296,5.5013,-78.6211,0.536235
-178.4050,5.5013,-78.0495,0.536699
-177.7136,5.5013,-77.4167,0.537211
-177.0247,5.5013,-76.7860,0.537728
-176.4070,5.5013,-76.2204,0.538183
-175.7230,5.5013,-75.5941,0.538695
-175.1097,5.5013,-75.0322,0.539149
-174.4306,5.5013,-74.4102,0.539649
-173.8218,5.5013,-73.8522,0.540108
-173.1482,5.5013,-73.2346,0.540608
-172.5446,5.5013,-72.6808,0.541055
-171.9437,5.5013,-72.1292,0.541514
-171.2793,5.5013,-71.5191,0.542003
-170.6183,5.5013,-70.9117,0.542493
-170.0265,5.5013,-70.3676,0.542936
-169.3722,5.5013,-69.7656,0.543425
-168.7863,5.5013,-69.2262,0.543860
-168.2033,5.5013,-68.6891,0.544297
-167.5588,5.5013,-68.0949,0.544778
-166.9176,5.5013,-67.5035,0.545258
-166.3434,5.5013,-66.9733,0.545685
-165.7717,5.5013,-66.4451,0.546118
-165.1392,5.5013,-65.8603,0.546587
-164.5724,5.5013,-65.3359,0.547013
-163.9455,5.5013,-64.7554,0.547482
-163.3837,5.5013,-64.2348,0.547899
-162.7622,5.5013,-63.6584,0.548364
-162.1437,5.5013,-63.0843,0.548831
-161.5894,5.5013,-62.5694,0.549243
-160.9765,5.5013,-61.9996,0.549704
-160.4279,5.5013,-61.4891,0.550115
-159.8823,5.5013,-60.9808,0.550526
-159.2798,5.5013,-60.4190,0.550978
-158.7413,5.5013,-59.9162,0.551377
-158.1472,5.5013,-59.3606,0.551822
-157.6165,5.5013,-58.8635,0.552225
-157.0314,5.5013,-58.3144,0.552664
-156.5091,5.5013,-57.8230,0.553055
-155.9335,5.5013,-57.2803,0.553499
-155.3631,5.5013,-56.7411,0.553932
-154.7979,5.5013,-56.2053,0.554357
-154.2937,5.5013,-55.7262,0.554744
-153.7938,5.5013,-55.2497,0.555129
-153.2432,5.5013,-54.7236,0.555551
-152.7522,5.5013,-54.2532,0.555928
-152.2114,5.5013,-53.7335,0.556342
-151.7274,5.5013,-53.2670,0.556714
-151.1938,5.5013,-52.7509,0.557125
-150.7187,5.5013,-52.2896,0.557494
-150.1970,5.5013,-51.7806,0.557895
-149.7330,5.5013,-51.3258,0.558257
-149.2238,5.5013,-50.8242,0.558652
-148.7213,5.5013,-50.3266,0.559048
-148.2749,5.5013,-49.8818,0.559397
-147.7856,5.5013,-49.3912,0.559779
-147.3036,5.5013,-48.9041,0.560163
-146.8762,5.5013,-48.4687,0.560499
-146.4084,5.5013,-47.9880,0.560874
-145.9940,5.5013,-47.5581,0.561204
-145.5410,5.5013,-47.0833,0.561563
-145.1400,5.5013,-46.6585,0.561892
-144.7018,5.5013,-46.1894,0.562249
-144.2714,5.5013,-45.7233,0.562603
-143.8907,5.5013,-45.3062,0.562916
-143.5163,5.5013,-44.8915,0.563225
-143.1482,5.5013,-44.4790,0.563533
-142.7468,5.5013,-44.0234,0.563870
-142.3924,5.5013,-43.6157,0.564169
-142.0062,5.5013,-43.1653,0.564501
-141.6282,5.5013,-42.7176,0.564828
-141.2950,5.5013,-42.3169,0.565120
-140.9326,5.5013,-41.8742,0.565434
-140.5784,5.5013,-41.4342,0.565755
-140.2667,5.5013,-41.0404,0.566037
-139.9282,5.5013,-40.6054,0.566345
-139.6305,5.5013,-40.2162,0.566615
-139.3395,5.5013,-39.8293,0.566886
-139.0550,5.5013,-39.4446,0.567165
-138.7466,5.5013,-39.0194,0.567450
-138.4454,5.5013,-38.5956,0.567747
-138.2091,5.5013,-38.2567,0.567982
-137.9192,5.5013,-37.8330,0.568270
-137.6633,5.5013,-37.4512,0.568527
-137.3846,5.5013,-37.0265,0.568814
-137.1118,5.5013,-36.6015,0.569095
-136.8713,5.5013,-36.2188,0.569352
-136.6096,5.5013,-35.7933,0.569635
-136.3541,5.5013,-35.3683,0.569918
-136.1049,5.5013,-34.9445,0.570193
-135.8864,5.5013,-34.5645,0.570437
-135.6501,5.5013,-34.1444,0.570713
-135.4433,5.5013,-33.7685,0.570953
-135.2200,5.5013,-33.3533,0.571219
-135.0035,5.5013,-32.9410,0.571486
-134.8144,5.5013,-32.5724,0.571713
-134.6107,5.5013,-32.1659,0.571969
-134.4136,5.5013,-31.7626,0.572222
-134.2419,5.5013,-31.4024,0.572445
-134.0572,5.5013,-31.0055,0.572693
-133.8790,5.5013,-30.6122,0.572936
-133.7071,5.5013,-30.2223,0.573171
-133.5741,5.5013,-29.9131,0.573363
-133.4134,5.5013,-29.5299,0.573595
-133.2739,5.5013,-29.1883,0.573803
-133.1245,5.5013,-28.8123,0.574026
-132.9950,5.5013,-28.4773,0.574231
-132.8566,5.5013,-28.1088,0.574450
-132.7238,5.5013,-27.7444,0.574668
-132.6090,5.5013,-27.4199,0.574860
-132.4867,5.5013,-27.0632,0.575074
-132.3698,5.5013,-26.7108,0.575281
-132.2583,5.5013,-26.3626,0.575485
-132.1522,5.5013,-26.0187,0.575686
-132.0514,5.5013,-25.6793,0.575887
-131.9654,5.5013,-25.3775,0.576058
-131.8748,5.5013,-25.0457,0.576252
-131.7893,5.5013,-24.7168,0.576443
-131.7090,5.5013,-24.3906,0.576629
-131.6411,5.5013,-24.0994,0.576798
-131.5706,5.5013,-23.7784,0.576982
-131.5054,5.5013,-23.4603,0.577163
-131.4510,5.5013,-23.1763,0.577327
-131.3951,5.5013,-22.8635,0.577507
-131.3438,5.5013,-22.5535,0.577679
-131.2968,5.5013,-22.2460,0.577857
-131.2538,5.5013,-21.9404,0.578030
-131.2147,5.5013,-21.6359,0.578204
-131.1826,5.5013,-21.3624,0.578357
-131.1536,5.5013,-21.0894,0.578512
-131.1248,5.5013,-20.7864,0.578684
-131.1020,5.5013,-20.5140,0.578838
-131.0800,5.5013,-20.2118,0.579007
-131.0650,5.5013,-19.9703,0.579143
-131.0493,5.5013,-19.6687,0.579313
-131.0382,5.5013,-19.3975,0.579464
-131.0291,5.5013,-19.0967,0.579635
-131.0238,5.5013,-18.8264,0.579787
-131.0212,5.5013,-18.5564,0.579941
-131.0263,5.5092,-18.2825,0.580089
-131.0298,5.5143,-17.9838,0.580260
-131.0354,5.5196,-17.6855,0.580429
-131.0425,5.5244,-17.4171,0.580579
-131.0537,5.5297,-17.1197,0.580745
-131.0662,5.5340,-16.8520,0.580896
-131.0833,5.5385,-16.5559,0.581064
-131.0977,5.5370,-16.2632,0.581231
-131.1194,5.4697,-15.9683,0.581396
-131.1409,5.4713,-15.7032,0.581545
-131.1654,5.4728,-15.4393,0.581695
-131.1904,5.4740,-15.2062,0.581830
-131.2288,5.5300,-14.9161,0.581994
-131.2725,5.5397,-14.6317,0.582156
-131.3044,5.5374,-14.3754,0.582305
-131.3421,5.5325,-14.0883,0.582468
-131.3776,5.5286,-13.8272,0.582613
-131.4156,5.5249,-13.5672,0.582759
-131.4635,5.5208,-13.2800,0.582921
-131.5115,5.5173,-13.0234,0.583067
-131.5697,5.5134,-12.7401,0.583230
-131.6341,5.5097,-12.4598,0.583391
-131.6954,5.5013,-12.1772,0.583555
-131.7547,5.5013,-11.9277,0.583702
-131.8234,5.5013,-11.6510,0.583866
-131.8887,5.5013,-11.4030,0.584012
-131.9656,5.5013,-11.1288,0.584177
-132.0381,5.5013,-10.8836,0.584322
-132.1214,5.5013,-10.6125,0.584486
-132.1987,5.5013,-10.3697,0.584630
-132.2871,5.5013,-10.1007,0.584795
-132.3786,5.5013,-9.8326,0.584958
-132.4636,5.5013,-9.5922,0.585104
-132.5611,5.5013,-9.3259,0.585267
-132.6617,5.5013,-9.0606,0.585431
-132.7654,5.5013,-8.7965,0.585590
-132.8722,5.5013,-8.5338,0.585750
-132.9710,5.5013,-8.2986,0.585901
-133.0838,5.5013,-8.0386,0.586062
-133.1879,5.5013,-7.8059,0.586209
-133.3065,5.5013,-7.5487,0.586375
-133.4281,5.5013,-7.2928,0.586538
-133.5530,5.5013,-7.0381,0.586700
-133.6682,5.5013,-6.8097,0.586849
-133.7860,5.5013,-6.5821,0.586998
-133.9201,5.5013,-6.3303,0.587159
-134.0574,5.5013,-6.0796,0.587323
-134.1837,5.5013,-5.8551,0.587474
-134.3127,5.5013,-5.6318,0.587620
-134.4442,5.5013,-5.4096,0.587770
-134.5933,5.5013,-5.1641,0.587931
-134.7302,5.5013,-4.9445,0.588084
-134.8852,5.5013,-4.7021,0.588244
-135.0274,5.5013,-4.4852,0.588394
-135.1882,5.5013,-4.2459,0.588558
-135.3191,5.5013,-4.0556,0.588688
-135.4854,5.5013,-3.8191,0.588852
-135.6545,5.5013,-3.5839,0.589017
-135.8093,5.5013,-3.3733,0.589165
-135.9839,5.5013,-3.1400,0.589332
-136.1435,5.5013,-2.9307,0.589483
-136.2872,5.5013,-2.7451,0.589611
-136.4692,5.5013,-2.5136,0.589779
-136.6167,5.5013,-2.3286,0.589912
-136.8035,5.5013,-2.0974,0.590077
-136.9931,5.5013,-1.8661,0.590243
-137.1661,5.5013,-1.6575,0.590393
-137.3609,5.5013,-1.4252,0.590559
-137.5586,5.5013,-1.1918,0.590732
-137.7390,5.5013,-0.9805,0.590880
-137.9422,5.5013,-0.7442,0.591054
-138.1275,5.5013,-0.5298,0.591203
-138.3151,5.5013,-0.3137,0.591363
-138.5051,5.5013,-0.0957,0.591522
-138.6759,5.5013,0.0999,0.591663
-138.8919,5.5013,0.3469,0.591843
-139.1107,5.5013,0.5968,0.592021
-139.3099,5.5013,0.8244,0.592186
-139.5336,5.5013,1.0803,0.592372
-139.7371,5.5013,1.3134,0.592536
-139.9657,5.5013,1.5756,0.592721
-140.1736,5.5013,1.8145,0.592890
-140.3836,5.5013,2.0561,0.593059
-140.6192,5.5013,2.3278,0.593253
-140.8096,5.5013,2.5475,0.593413
-141.0498,5.5013,2.8250,0.593602
-141.2682,5.5013,3.0774,0.593784
-141.5133,5.5013,3.3609,0.593986
-141.7362,5.5013,3.6188,0.594165
-141.9862,5.5013,3.9082,0.594368
-142.2135,5.5013,4.1713,0.594549
-142.4686,5.5013,4.4666,0.594760
-142.7005,5.5014,4.7352,0.594948
-142.9607,5.5015,5.0367,0.595160
-143.1972,5.5015,5.3110,0.595348
-143.4628,5.5016,5.6190,0.595559
-143.7041,5.5017,5.8992,0.595757
-143.9752,5.5018,6.2139,0.595978
-144.2491,5.5020,6.5320,0.596194
-144.5260,5.5022,6.8537,0.596420
-144.7778,5.5023,7.1461,0.596619
-145.0604,5.5024,7.4749,0.596846
-145.3173,5.5027,7.7738,0.597061
-145.6056,5.5029,8.1095,0.597290
-145.8675,5.5032,8.4149,0.597497
-146.1613,5.5033,8.7578,0.597736
-146.4283,5.5036,9.0699,0.597950
-146.7277,5.5040,9.4204,0.598191
-147.0298,5.5044,9.7749,0.598438
-147.2734,5.5047,10.0613,0.598627
-147.5803,5.5048,10.4239,0.598881
-147.8894,5.5053,10.7908,0.599130
-148.1694,5.5058,11.1252,0.599360
-148.4510,5.5062,11.4636,0.599586
-148.7339,5.5063,11.8056,0.599816
-149.0187,5.5067,12.1519,0.600052
-149.3366,5.5073,12.5411,0.600314
-149.6565,5.5079,12.9351,0.600575
-149.9457,5.5084,13.2933,0.600824
-150.2690,5.5083,13.6963,0.601082
-150.5940,5.5088,14.1040,0.601363
-150.8880,5.5093,14.4751,0.601606
-151.1832,5.5097,14.8503,0.601852
-151.5122,5.5097,15.2719,0.602130
-151.8095,5.5097,15.6563,0.602375
-152.1407,5.5100,16.0885,0.602667
-152.4396,5.5103,16.4823,0.602915
-152.7720,5.5103,16.9247,0.603199
-153.1054,5.5098,17.3733,0.603493
-153.4060,5.5099,17.7813,0.603757
-153.7407,5.5100,18.2400,0.604047
-154.0423,5.5100,18.6576,0.604314
-154.3777,5.5091,19.1263,0.604616
-154.7139,5.5090,19.6012,0.604911
-155.0506,5.5089,20.0814,0.605217
-155.3200,5.5088,20.4695,0.605461
-155.6231,5.5080,20.9099,0.605745
-155.9606,5.5075,21.4055,0.606052
-156.2644,5.5074,21.8560,0.606335
-156.6018,5.5072,22.3622,0.606639
-156.9388,5.5061,22.8735,0.606963
-157.2424,5.5058,23.3396,0.607246
-157.5456,5.5056,23.8103,0.607527
-157.8480,5.5054,24.2860,0.607815
-158.1831,5.5043,24.8199,0.608157
-158.5175,5.5041,25.3613,0.608483
-158.8503,5.5039,25.9089,0.608818
-159.1812,5.5036,26.4632,0.609132
-159.4775,5.5028,26.9675,0.609436
-159.8044,5.5026,27.5342,0.609768
-160.0963,5.5024,28.0500,0.610070
-160.4175,5.5022,28.6284,0.610419
-160.7038,5.5018,29.1554,0.610718
-161.0179,5.5017,29.7461,0.611060
-161.2972,5.5017,30.2827,0.611363
-161.6032,5.5018,30.8847,0.611714
-161.9039,5.5020,31.4907,0.612053
-162.1684,5.5021,32.0389,0.612353
-162.4562,5.5021,32.6523,0.612707
-162.7384,5.5028,33.2706,0.613047
-162.9870,5.5032,33.8291,0.613352
-163.2575,5.5035,34.4544,0.613715
-163.4961,5.5038,35.0215,0.614030
-163.7558,5.5049,35.6557,0.614379
-164.0095,5.5057,36.2944,0.614745
-164.2328,5.5061,36.8734,0.615061
-164.4756,5.5072,37.5212,0.615416
-164.6891,5.5084,38.1075,0.615743
-164.9210,5.5096,38.7629,0.616112
-165.1479,5.5105,39.4222,0.616470
-165.3696,5.5122,40.0851,0.616829
-165.5436,5.5135,40.6180,0.617128
-165.7601,5.5117,41.2881,0.617501
-165.9695,5.5179,41.9590,0.617874
-166.1543,5.5200,42.5673,0.618202
-166.3558,5.5222,43.2462,0.618570
-166.5348,5.5241,43.8599,0.618901
-166.7309,5.5261,44.5447,0.619269
-166.9242,5.5281,45.2327,0.619642
-167.1130,5.5326,45.9252,0.620012
-167.2823,5.5368,46.5501,0.620353
-167.4684,5.5397,47.2470,0.620721
-167.6534,5.5422,47.9478,0.621111
-167.8185,5.5449,48.5821,0.621446
-167.9831,5.5485,49.2183,0.621794
-168.1651,5.5521,49.9288,0.622169
-168.3285,5.5553,50.5712,0.622520
-168.5098,5.5588,51.2884,0.622905
-168.6728,5.5620,51.9371,0.623250
-168.8539,5.5657,52.6612,0.623637
-169.0173,5.5700,53.3165,0.623995
-169.1990,5.5758,54.0474,0.624395
-169.3631,5.5810,54.7082,0.624742
-169.5459,5.5869,55.4461,0.625144
-169.7294,5.5929,56.1883,0.625545
-169.8952,5.5995,56.8591,0.625902
-170.0800,5.6069,57.6077,0.626307
-170.2469,5.6136,58.2845,0.626680
-170.4143,5.6203,58.9644,0.627044
-170.6011,5.6280,59.7238,0.627457
-170.7699,5.6349,60.4102,0.627833
-170.9394,5.6416,61.0995,0.628207
-171.1284,5.6491,61.8691,0.628622
-171.3181,5.6569,62.6420,0.629044
-171.4896,5.6637,63.3410,0.629424
-171.6617,5.6706,64.0433,0.629812
-171.8541,5.6791,64.8268,0.630241
-172.0473,5.6872,65.6143,0.630675
-172.2222,5.6946,66.3264,0.631070
-172.3979,5.7019,67.0415,0.631464
-172.5938,5.7106,67.8401,0.631898
-172.7717,5.7192,68.5616,0.632303
-172.9707,5.7287,69.3666,0.632753
-173.1513,5.7373,70.0941,0.633171
-173.3537,5.7469,70.9054,0.633619
-173.5577,5.7565,71.7186,0.634080
-173.7421,5.7662,72.4515,0.634487
-173.9490,5.7773,73.2642,0.634950
-174.1360,5.7878,73.9941,0.635371
-174.3446,5.7996,74.8023,0.635838
-174.5540,5.8113,75.6073,0.636301
-174.7432,5.8219,76.3290,0.636710
-174.9327,5.8328,77.0489,0.637124
-175.1456,5.8460,77.8447,0.637596
-175.3601,5.8591,78.6372,0.638054
-175.5761,5.8721,79.4262,0.638518
-175.7721,5.8838,80.1335,0.638928
-175.9920,5.8967,80.9163,0.639391
-176.1918,5.9083,81.6183,0.639799
-176.4161,5.9212,82.3958,0.640268
-176.6191,5.9335,83.0940,0.640673
-176.8475,5.9475,83.8667,0.641136
-177.0777,5.9611,84.6369,0.641593
-177.3097,5.9742,85.4051,0.642047
-177.5199,5.9860,86.0946,0.642459
-177.7317,5.9978,86.7821,0.642866
-177.9449,6.0096,87.4677,0.643270
-178.1834,6.0226,88.2272,0.643735
-178.3991,6.0348,88.9090,0.644132
-178.6409,6.0487,89.6641,0.644593
-178.8599,6.0613,90.3415,0.644989
-179.1045,6.0752,91.0916,0.645444
-179.3257,6.0877,91.7640,0.645840
-179.5726,6.1015,92.5079,0.646285
-179.8205,6.1153,93.2480,0.646731
-180.0444,6.1277,93.9108,0.647137
-180.2941,6.1418,94.6436,0.647564
-180.5195,6.1546,95.2997,0.647957
-180.7457,6.1673,95.9526,0.648356
-180.9976,6.1813,96.6745,0.648791
-181.2253,6.1939,97.3214,0.649177
-181.4792,6.2078,98.0374,0.649610
-181.7345,6.2218,98.7509,0.650031
-181.9651,6.2344,99.3908,0.650420
-182.2226,6.2485,100.0996,0.650841
-182.4553,6.2611,100.7357,0.651226
-182.7150,6.2750,101.4403,0.651646
-182.9497,6.2876,102.0727,0.652021
-183.1854,6.3001,102.7034,0.652399
-183.4486,6.3145,103.4017,0.652820
-183.6863,6.3274,104.0283,0.653196
-183.9516,6.3417,104.7224,0.653617
-184.1915,6.3545,105.3450,0.653984
-184.4593,6.3687,106.0347,0.654395
-184.7016,6.3814,106.6533,0.654768
-184.9453,6.3945,107.2702,0.655136
-185.1903,6.4078,107.8846,0.655505
-185.4364,6.4211,108.4971,0.655871
-185.7112,6.4357,109.1752,0.656279
-185.9600,6.4489,109.7834,0.656642
-186.2382,6.4635,110.4567,0.657045
-186.4903,6.4766,111.0604,0.657413
-186.7726,6.4915,111.7285,0.657808
-187.0574,6.5067,112.3931,0.658209
-187.3157,6.5204,112.9886,0.658571
-187.6050,6.5355,113.6474,0.658964
-187.8680,6.5491,114.2375,0.659325
-188.1629,6.5641,114.8902,0.659718
-188.4308,6.5776,115.4749,0.660071
-188.7312,6.5925,116.1215,0.660464
-189.0044,6.6068,116.7008,0.660817
-189.3105,6.6229,117.3410,0.661205
-189.5885,6.6373,117.9141,0.661556
-189.8689,6.6517,118.4847,0.661909
-190.1835,6.6676,119.1157,0.662298
-190.4374,6.6803,119.6180,0.662611
-190.7257,6.6945,120.1801,0.662953
-191.0490,6.7103,120.8016,0.663341
-191.3426,6.7245,121.3577,0.663687
-191.6389,6.7387,121.9107,0.664028
-191.9713,6.7543,122.5218,0.664413
-192.3070,6.7700,123.1292,0.664793
-192.6121,6.7840,123.6726,0.665133
-192.9541,6.7988,124.2720,0.665513
-193.2647,6.8109,124.8091,0.665854
-193.5777,6.8229,125.3434,0.666192
-193.9289,6.8363,125.9334,0.666568
-194.2479,6.8483,126.4608,0.666906
-194.6058,6.8615,127.0429,0.667281
-194.9304,6.8734,127.5636,0.667614
-195.2935,6.8844,128.1374,0.667990
-195.6231,6.8928,128.6524,0.668324
-195.9923,6.9020,129.2215,0.668695
-196.3648,6.9112,129.7867,0.669065
-196.7026,6.9194,130.2921,0.669400
-197.0805,6.9286,130.8509,0.669771
-197.4229,6.9368,131.3517,0.670101
-197.8049,6.9419,131.9046,0.670467
-198.1129,6.9448,132.3473,0.670761
-198.5007,6.9484,132.8986,0.671125
-198.8519,6.9515,133.3927,0.671457
-199.2443,6.9551,133.9392,0.671822
-199.5989,6.9583,134.4296,0.672154
-199.9947,6.9618,134.9732,0.672525
-200.3907,6.9615,135.5138,0.672891
-200.7095,6.9589,135.9475,0.673186
-201.1093,6.9556,136.4889,0.673551
-201.5108,6.9524,137.0288,0.673915
-201.8729,6.9494,137.5133,0.674243
-202.2357,6.9465,137.9968,0.674572
-202.5992,6.9435,138.4796,0.674903
-203.0042,6.9402,139.0152,0.675270
-203.3678,6.9306,139.4944,0.675595
-203.7336,6.9207,139.9755,0.675923
-204.1412,6.9098,140.5091,0.676288
-204.5089,6.9000,140.9881,0.676615
-204.9179,6.8891,141.5193,0.676977
-205.2866,6.8793,141.9964,0.677305
-205.6970,6.8684,142.5259,0.677671
-206.0673,6.8586,143.0018,0.677998
-206.4784,6.8433,143.5283,0.678361
-206.8494,6.8280,144.0022,0.678689
-207.2632,6.8104,144.5286,0.679050
-207.6780,6.7928,145.0537,0.679418
-208.0523,6.7770,145.5251,0.679742
-208.4688,6.7595,146.0477,0.680105
-208.8448,6.7437,146.5167,0.680434
-209.2639,6.7259,147.0367,0.680796
-209.6424,6.7099,147.5035,0.681123
-210.0645,6.6921,148.0206,0.681487
-210.4456,6.6762,148.4845,0.681813
-210.8705,6.6585,148.9983,0.682176
-211.2973,6.6408,149.5101,0.682540
-211.6830,6.6248,149.9690,0.682866
-212.1135,6.6071,150.4768,0.683230
-212.5029,6.5912,150.9319,0.683555
-212.8940,6.5753,151.3850,0.683882
-213.3310,6.5577,151.8858,0.684245
-213.7264,6.5419,152.3345,0.684569
-214.1239,6.5262,152.7810,0.684895
-214.5680,6.5088,153.2750,0.685260
-214.9700,6.4932,153.7177,0.685587
-215.4196,6.4759,154.2074,0.685947
-215.8723,6.4585,154.6949,0.686312
-216.2825,6.4429,155.1321,0.686639
-216.7426,6.4281,155.6174,0.687005
-217.1590,6.4166,156.0514,0.687332
-217.6248,6.4037,156.5323,0.687700
-218.0940,6.3909,157.0123,0.688062
-218.5191,6.3793,157.4439,0.688393
-218.9949,6.3664,157.9230,0.688763
-219.4263,6.3548,158.3536,0.689094
-219.9083,6.3418,158.8318,0.689464
-220.3457,6.3301,159.2614,0.689798
-220.8354,6.3171,159.7387,0.690172
-221.2797,6.3055,160.1686,0.690508
-221.7771,6.2927,160.6459,0.690885
-222.2283,6.2811,161.0754,0.691223
-222.7334,6.2681,161.5527,0.691601
-223.1916,6.2564,161.9827,0.691945
-223.7047,6.2433,162.4608,0.692328
-224.1704,6.2319,162.8918,0.692672
-224.6916,6.2198,163.3706,0.693057
-225.1642,6.2089,163.8020,0.693405
-225.6931,6.1967,164.2821,0.693794
-226.1192,6.1869,164.6670,0.694108
-226.6016,6.1758,165.1008,0.694462
-227.0872,6.1647,165.5356,0.694816
-227.5217,6.1554,165.9229,0.695134
-228.0678,6.1437,166.4078,0.695532
-228.5626,6.1332,166.8453,0.695889
-229.0605,6.1226,167.2839,0.696251
-229.6174,6.1108,167.7726,0.696655
-230.1218,6.1001,168.2134,0.697020
-230.6293,6.0894,168.6552,0.697387
-231.1395,6.0784,169.0978,0.697752
-231.7103,6.0651,169.5910,0.698165
-232.2849,6.0518,170.0859,0.698573
-232.8054,6.0397,170.5325,0.698947
-233.3874,6.0263,171.0293,0.699361
-233.9145,6.0124,171.4760,0.699740
-234.5034,5.9966,171.9752,0.700160
-235.0387,5.9853,172.4263,0.700539
-235.5764,5.9743,172.8773,0.700920
-236.1773,5.9621,173.3792,0.701347
-236.7216,5.9504,173.8292,0.701732
-237.2687,5.9349,174.2836,0.702122
-237.8191,5.9385,174.7424,0.702505
-238.4350,5.9265,175.2490,0.702940
-238.9913,5.9156,175.7064,0.703330
-239.6134,5.9037,176.2165,0.703763
-240.2397,5.8919,176.7278,0.704203
-240.8065,5.8812,177.1881,0.704597
-241.4399,5.8696,177.7000,0.705044
-242.0132,5.8593,178.1619,0.705443
-242.6539,5.8476,178.6768,0.705887
-243.2339,5.8376,179.1413,0.706289
-243.8818,5.8264,179.6581,0.706739
-244.4682,5.8163,180.1241,0.707143
-245.1231,5.8056,180.6428,0.707592
-245.7158,5.7958,181.1106,0.708005
-246.3781,5.7854,181.6317,0.708463
-246.9771,5.7761,182.1016,0.708871
-247.5795,5.7669,182.5725,0.709286
-248.2520,5.7571,183.0966,0.709744
-248.8605,5.7483,183.5694,0.710163
-249.5404,5.7392,184.0958,0.710628
-250.1552,5.7310,184.5704,0.711042
-250.7733,5.7233,185.0461,0.711470
-251.4633,5.7150,185.5754,0.711942
-252.0877,5.7080,186.0530,0.712361
-252.7847,5.7009,186.5845,0.712839
-253.4150,5.6945,187.0638,0.713260
-254.1192,5.6884,187.5981,0.713733
-254.7556,5.6834,188.0800,0.714167
-255.4664,5.6781,188.6172,0.714640
-256.0370,5.6754,189.0481,0.715018
-256.7530,5.6719,189.5885,0.715510
-257.4004,5.6694,190.0769,0.715945
-258.0499,5.6672,190.5669,0.716380
-258.7736,5.6648,191.1129,0.716870
-259.4245,5.6627,191.6039,0.717303
-260.0752,5.6605,192.0949,0.717741
-260.7994,5.6581,192.6415,0.718232
-261.5233,5.6557,193.1881,0.718717
-262.1764,5.6535,193.6815,0.719156
-262.9044,5.6511,194.2318,0.719647
-263.5616,5.6490,194.7289,0.720090
-264.2940,5.6465,195.2833,0.720581
-264.9552,5.6444,195.7841,0.721027
-265.6921,5.6419,196.3427,0.721528
-266.3572,5.6398,196.8474,0.721979
-267.0242,5.6376,197.3538,0.722432
-267.7675,5.6351,197.9186,0.722936
-268.4378,5.6330,198.4285,0.723383
-269.1836,5.6305,198.9963,0.723909
-269.8551,5.6284,199.5081,0.724357
-270.6007,5.6259,200.0771,0.724873
-271.2707,5.6238,200.5890,0.725327
-272.0132,5.6214,201.1571,0.725840
-272.7531,5.6190,201.7238,0.726345
-273.4898,5.6167,202.2890,0.726857
-274.1500,5.6146,202.7962,0.727325
-274.8071,5.6125,203.3019,0.727771
-275.5353,5.6102,203.8635,0.728294
-276.1892,5.6081,204.3685,0.728745
-276.9124,5.6058,204.9278,0.729259
-277.5597,5.6038,205.4291,0.729715
-278.2037,5.6018,205.9285,0.730168
-278.9151,5.5995,206.4811,0.730674
-279.5518,5.5975,206.9763,0.731117
-280.2552,5.5954,207.5241,0.731620
-280.9544,5.5932,208.0691,0.732131
-281.5799,5.5913,208.5569,0.732573
-282.2016,5.5894,209.0419,0.733027
-282.8199,5.5875,209.5241,0.733467
-283.5025,5.5854,210.0564,0.733961
-284.1131,5.5836,210.5323,0.734410
-284.7875,5.5815,211.0575,0.734886
-285.3910,5.5797,211.5268,0.735320
-286.0576,5.5778,212.0442,0.735810
-286.6543,5.5760,212.5063,0.736236
-287.3138,5.5741,213.0155,0.736714
-287.9041,5.5723,213.4700,0.737140
-288.5567,5.5704,213.9707,0.737631
-289.1410,5.5688,214.4174,0.738049
-289.7870,5.5669,214.9093,0.738521
-290.3656,5.5653,215.3480,0.738937
-290.9419,5.5636,215.7827,0.739357
-291.5161,5.5620,216.2136,0.739777
-292.1516,5.5603,216.6879,0.740243
-292.7213,5.5587,217.1106,0.740641
-293.2904,5.5571,217.5306,0.741052
-293.9224,5.5554,217.9941,0.741510
-294.5525,5.5537,218.4529,0.741964
-295.1176,5.5522,218.8610,0.742361
-295.7432,5.5506,219.3090,0.742803
-296.3044,5.5491,219.7070,0.743201
-296.8638,5.5477,220.1001,0.743597
-297.4834,5.5461,220.5309,0.744027
-298.0394,5.5447,220.9133,0.744418
-298.5939,5.5433,221.2905,0.744809
-299.2083,5.5418,221.7034,0.745239
-299.7596,5.5404,222.0696,0.745617
-300.3094,5.5391,222.4305,0.745993
-300.9184,5.5377,222.8253,0.746410
-301.4644,5.5364,223.1745,0.746778
-302.0685,5.5350,223.5556,0.747192
-302.6697,5.5336,223.9290,0.747600
-303.2680,5.5323,224.2944,0.748007
-303.8039,5.5311,224.6163,0.748371
-304.3966,5.5298,224.9659,0.748765
-304.9275,5.5287,225.2734,0.749119
-305.4562,5.5275,225.5739,0.749475
-306.0409,5.5263,225.8997,0.749862
-306.5647,5.5253,226.1857,0.750209
-307.0862,5.5242,226.4649,0.750550
-307.6634,5.5231,226.7674,0.750927
-308.1810,5.5221,227.0329,0.751270
-308.7541,5.5210,227.3205,0.751646
-309.2679,5.5201,227.5727,0.751975
-309.8367,5.5190,227.8455,0.752345
-310.3465,5.5181,228.0844,0.752678
-310.8543,5.5173,228.3172,0.753002
-311.3600,5.5164,228.5438,0.753327
-311.9195,5.5155,228.7886,0.753672
-312.4207,5.5147,229.0025,0.753991
-312.9747,5.5138,229.2332,0.754342
-313.4706,5.5130,229.4347,0.754650
-313.9637,5.5123,229.6302,0.754956
-314.5081,5.5115,229.8407,0.755296
-314.9947,5.5108,230.0239,0.755594
-315.4782,5.5101,230.2015,0.755893
-316.0116,5.5094,230.3922,0.756216
-316.4881,5.5088,230.5579,0.756508
-316.9612,5.5082,230.7183,0.756794
-317.4830,5.5076,230.8902,0.757109
-317.9488,5.5071,231.0393,0.757391
-318.4112,5.5065,231.1834,0.757667
-318.8701,5.5060,231.3225,0.757942
-319.3756,5.5055,231.4712,0.758243
-319.8269,5.5051,231.6001,0.758516
-320.2744,5.5046,231.7242,0.758778
-320.7673,5.5042,231.8568,0.759070
-321.2070,5.5039,231.9713,0.759325
-321.6909,5.5035,232.0936,0.759615
-322.1225,5.5032,232.1991,0.759867
-322.5975,5.5029,232.3115,0.760149
-323.0208,5.5027,232.4083,0.760393
-323.4402,5.5024,232.5011,0.760632
-323.9015,5.5022,232.5996,0.760901
-324.3125,5.5019,232.6841,0.761141
-324.7644,5.5018,232.7736,0.761402
-325.1668,5.5017,232.8499,0.761627
-325.6090,5.5016,232.9300,0.761888
-326.0026,5.5015,232.9980,0.762110
-326.4351,5.5014,233.0690,0.762355
-326.8624,5.5013,233.1349,0.762601
-327.2425,5.5013,233.1900,0.762817
-327.6184,5.5013,233.2412,0.763028
-328.0312,5.5013,233.2935,0.763268
-328.3982,5.5013,233.3366,0.763469
-328.7611,5.5013,233.3760,0.763677
-329.1604,5.5013,233.4154,0.763899
-329.5170,5.5013,233.4470,0.764102
-329.9106,5.5013,233.4780,0.764322
-330.2627,5.5013,233.5021,0.764516
-330.6127,5.5013,233.5224,0.764712
-330.9607,5.5013,233.5391,0.764904
-331.3447,5.5013,233.5530,0.765117
-331.7261,5.5013,233.5623,0.765333
-332.1048,5.5013,233.5667,0.765543
-332.4430,5.5013,233.5665,0.765730
-332.8152,5.5013,233.5618,0.765939
-333.1467,5.5013,233.5532,0.766125
-333.5111,5.5013,233.5390,0.766329
-333.8355,5.5013,233.5222,0.766511
-334.1566,5.5013,233.5015,0.766688
-334.4743,5.5013,233.4773,0.766864
-334.8237,5.5013,233.4464,0.767063
-335.1017,5.5063,233.4092,0.767218
-335.4119,5.5085,233.3745,0.767391
-335.6865,5.5105,233.3415,0.767546
-336.0291,5.5131,233.2973,0.767738
-336.3358,5.5148,233.2543,0.767911
-336.6764,5.5167,233.2028,0.768103
-336.9817,5.5186,233.1532,0.768276
-337.2860,5.5206,233.1007,0.768446
-337.6226,5.5223,233.0393,0.768638
-337.9256,5.5236,232.9812,0.768809
-338.2612,5.5252,232.9133,0.769000
-338.5625,5.5267,232.8489,0.769169
-338.8962,5.5286,232.7740,0.769359
-339.1948,5.5295,232.7036,0.769530
-339.5261,5.5306,232.6223,0.769719
-339.8229,5.5317,232.5462,0.769889
-340.1511,5.5331,232.4583,0.770079
-340.4442,5.5337,232.3764,0.770247
-340.7692,5.5344,232.2821,0.770435
-341.0602,5.5351,232.1944,0.770603
-341.3496,5.5359,232.1038,0.770771
-341.6685,5.5363,232.0000,0.770958
-341.9547,5.5365,231.9034,0.771127
-342.2706,5.5368,231.7928,0.771311
-342.5844,5.5373,231.6785,0.771496
-342.8640,5.5371,231.5727,0.771663
-343.1735,5.5369,231.4515,0.771849
-343.4805,5.5368,231.3268,0.772032
-343.7539,5.5366,231.2119,0.772197
-344.0560,5.5358,231.0807,0.772380
-344.3258,5.5351,230.9598,0.772544
-344.6237,5.5346,230.8222,0.772728
-344.8895,5.5331,230.6958,0.772892
-345.1843,5.5317,230.5515,0.773073
-345.4484,5.5305,230.4184,0.773237
-345.7401,5.5282,230.2675,0.773421
-346.0028,5.5260,230.1278,0.773587
-346.2650,5.5240,229.9851,0.773751
-346.5039,5.5013,229.8631,0.773899
-346.7661,5.5013,229.7149,0.774068
-347.0573,5.5013,229.5461,0.774255
-347.2897,5.5013,229.4075,0.774405
-347.5514,5.5013,229.2488,0.774574
-347.8138,5.5013,229.0875,0.774744
-348.1066,5.5013,228.9049,0.774939
-348.3994,5.5013,228.7179,0.775129
-348.6329,5.5013,228.5649,0.775284
-348.9273,5.5013,228.3693,0.775480
-349.2240,5.5013,228.1703,0.775678
-349.5224,5.5013,227.9680,0.775878
-349.7917,5.5013,227.7829,0.776059
-350.0913,5.5013,227.5734,0.776261
-350.3921,5.5013,227.3594,0.776470
-350.6939,5.5013,227.1413,0.776674
-350.9663,5.5013,226.9415,0.776864
-351.2698,5.5013,226.7160,0.777072
-351.5743,5.5013,226.4866,0.777280
-351.8495,5.5013,226.2767,0.777471
-352.1258,5.5013,226.0636,0.777664
-352.4034,5.5013,225.8471,0.777861
-352.6821,5.5013,225.6276,0.778058
-352.9621,5.5013,225.4052,0.778256
-353.2747,5.5013,225.1545,0.778477
-353.5894,5.5013,224.9004,0.778701
-353.9061,5.5013,224.6428,0.778927
-354.2249,5.5013,224.3817,0.779151
-354.5139,5.5013,224.1438,0.779359
-354.8373,5.5013,223.8762,0.779595
-355.1305,5.5013,223.6322,0.779806
-355.4588,5.5013,223.3576,0.780041
-355.7565,5.5013,223.1072,0.780255
-356.0899,5.5013,222.8252,0.780500
-356.4262,5.5013,222.5394,0.780741
-356.7314,5.5013,222.2789,0.780959
-357.0733,5.5013,221.9858,0.781213
-357.4182,5.5013,221.6887,0.781463
-357.6964,5.5013,221.4482,0.781668
-358.0116,5.5013,221.1747,0.781895
-358.3648,5.5013,220.8671,0.782160
-358.6854,5.5013,220.5869,0.782390
-359.0447,5.5013,220.2719,0.782656
-359.3708,5.5013,219.9850,0.782893
-359.6995,5.5013,219.6949,0.783142
-360.0677,5.5013,219.3688,0.783414
-360.4016,5.5013,219.0717,0.783659
-360.7755,5.5013,218.7377,0.783942
-361.1146,5.5013,218.4335,0.784189
-361.4942,5.5013,218.0916,0.784469
-361.8766,5.5013,217.7455,0.784757
-362.2230,5.5013,217.4302,0.785011
-362.5716,5.5013,217.1113,0.785279
-362.9614,5.5013,216.7527,0.785571
-363.3145,5.5013,216.4260,0.785837
-363.6697,5.5013,216.0957,0.786106
-364.0271,5.5013,215.7618,0.786373
-364.4267,5.5013,215.3864,0.786675
-364.8291,5.5013,215.0065,0.786977
-365.2344,5.5013,214.6220,0.787286
-365.6017,5.5013,214.2723,0.787567
-366.0128,5.5013,213.8796,0.787880
-366.3856,5.5013,213.5226,0.788162
-366.7611,5.5013,213.1623,0.788446
-367.1816,5.5013,212.7582,0.788765
-367.5629,5.5013,212.3911,0.789054
-367.9898,5.5013,211.9794,0.789380
-368.3768,5.5013,211.6055,0.789674
-368.8098,5.5013,211.1863,0.790000
-369.2024,5.5013,210.8056,0.790295
-369.6417,5.5013,210.3790,0.790630
-370.0396,5.5013,209.9917,0.790935
-370.4850,5.5013,209.5576,0.791274
-370.9335,5.5013,209.1197,0.791614
-371.2946,5.5013,208.7666,0.791886
-371.7489,5.5013,208.3217,0.792227
-372.1605,5.5013,207.9183,0.792537
-372.6181,5.5013,207.4694,0.792885
-373.0296,5.5013,207.0657,0.793197
-373.4891,5.5013,206.6151,0.793546
-373.9492,5.5013,206.1642,0.793891
-374.3653,5.5013,205.7569,0.794210
-374.8306,5.5013,205.3021,0.794554
-375.2985,5.5013,204.8455,0.794910
-375.7687,5.5013,204.3879,0.795261
-376.1936,5.5013,203.9757,0.795580
-376.6672,5.5013,203.5179,0.795935
-377.1420,5.5013,203.0610,0.796284
-377.6180,5.5013,202.6053,0.796640
-378.0472,5.5013,202.1964,0.796955
-378.5251,5.5013,201.7437,0.797310
-378.9560,5.5013,201.3378,0.797624
-379.3876,5.5013,200.9335,0.797936
-379.8681,5.5013,200.4862,0.798288
-380.3495,5.5013,200.0409,0.798639
-380.7836,5.5013,199.6421,0.798952
-381.2670,5.5013,199.2010,0.799304
-381.7029,5.5013,198.8060,0.799612
-382.1886,5.5013,198.3694,0.799960
-382.6755,5.5013,197.9352,0.800311
-383.1151,5.5013,197.5464,0.800620
-383.5559,5.5013,197.1595,0.800933
-384.0472,5.5013,196.7319,0.801275
-384.4908,5.5013,196.3491,0.801586
-384.9357,5.5013,195.9681,0.801896
-385.4316,5.5013,195.5470,0.802242
-385.8794,5.5013,195.1699,0.802553
-386.3286,5.5013,194.7948,0.802860
-386.8293,5.5013,194.3802,0.803204
-387.3316,5.5013,193.9680,0.803544
-387.8354,5.5013,193.5584,0.803884
-388.2393,5.5013,193.2328,0.804154
-388.7450,5.5013,192.8285,0.804497
-389.2009,5.5013,192.4672,0.804798
-389.6574,5.5013,192.1085,0.805102
-390.1655,5.5013,191.7128,0.805443
-390.6235,5.5013,191.3594,0.805744
-391.0821,5.5013,191.0084,0.806049
-391.5924,5.5013,190.6214,0.806383
-392.1035,5.5013,190.2374,0.806713
-392.5641,5.5013,189.8944,0.807015
-393.0767,5.5013,189.5162,0.807345
-393.5385,5.5013,189.1783,0.807642
-394.0524,5.5013,188.8059,0.807970
-394.5669,5.5013,188.4365,0.808299
-395.0306,5.5013,188.1066,0.808593
-395.4947,5.5013,187.7791,0.808889
-396.0111,5.5013,187.4181,0.809210
-396.5279,5.5013,187.0600,0.809536
-396.9935,5.5013,186.7404,0.809826
-397.5111,5.5013,186.3883,0.810144
-397.9771,5.5013,186.0742,0.810436
-398.4949,5.5013,185.7283,0.810753
-399.0130,5.5013,185.3857,0.811072
-399.4796,5.5013,185.0800,0.811353
-399.9463,5.5013,184.7771,0.811637
-400.4132,5.5013,184.4771,0.811916
-400.9347,5.5013,184.1457,0.812227
-401.4063,5.5013,183.8493,0.812511
-401.9307,5.5013,183.5233,0.812825
-402.4025,5.5013,183.2335,0.813102
-402.9265,5.5013,182.9155,0.813417
-403.3977,5.5013,182.6331,0.813685
-403.9208,5.5013,182.3234,0.813992
-404.4435,5.5013,182.0179,0.814286
-404.9136,5.5013,181.7466,0.814562
-405.4358,5.5013,181.4493,0.814852
-405.9579,5.5013,181.1564,0.815151
-406.4277,5.5013,180.8966,0.815417
-406.9496,5.5013,180.6122,0.815710
-407.4715,5.5013,180.3322,0.816000
-407.9413,5.5013,180.0840,0.816264
-408.4635,5.5013,179.8122,0.816548
-408.9860,5.5013,179.5447,0.816833
-409.4566,5.5013,179.3075,0.817096
-409.9800,5.5013,179.0480,0.817372
-410.5040,5.5013,178.7930,0.817661
-410.9761,5.5013,178.5672,0.817904
-411.5014,5.5013,178.3208,0.818194
-412.0274,5.5013,178.0794,0.818473
-412.5017,5.5013,177.8664,0.818728
-413.0295,5.5013,177.6348,0.818993
-413.5582,5.5013,177.4086,0.819275
-414.0347,5.5013,177.2098,0.819514
-414.5649,5.5013,176.9944,0.819784
-415.0428,5.5013,176.8055,0.820030
-415.5744,5.5013,176.6013,0.820297
-416.0534,5.5013,176.4226,0.820541
-416.5328,5.5013,176.2488,0.820778
-417.0661,5.5013,176.0616,0.821051
-417.6000,5.5013,175.8805,0.821308
-418.1346,5.5013,175.7057,0.821575
-418.6697,5.5013,175.5372,0.821845
-419.1519,5.5013,175.3910,0.822078
-419.6344,5.5013,175.2499,0.822314
-420.1711,5.5013,175.0993,0.822575
-420.7082,5.5013,174.9553,0.822831
-421.1918,5.5013,174.8312,0.823061
-421.6757,5.5013,174.7125,0.823292
-422.2136,5.5013,174.5869,0.823549
-422.6980,5.5013,174.4796,0.823772
-423.2363,5.5013,174.3670,0.824026
-423.7748,5.5013,174.2614,0.824287
-424.2595,5.5013,174.1724,0.824520
-424.7979,5.5013,174.0803,0.824775
-425.2824,5.5013,174.0036,0.825006
-425.8205,5.5013,173.9250,0.825260
-426.3044,5.5013,173.8605,0.825481
-426.8417,5.5013,173.7955,0.825728
-427.3248,5.5013,173.7431,0.825943
-427.8073,5.5013,173.6963,0.826183
-428.3429,5.5013,173.6511,0.826420
-428.8241,5.5013,173.6164,0.826647
-429.3046,5.5013,173.5873,0.826866
-429.8375,5.5013,173.5616,0.827111
-430.3694,5.5013,173.5429,0.827364
-430.8470,5.5013,173.5318,0.827583
-431.3237,5.5013,173.5264,0.827803
-431.8521,5.5013,173.5267,0.828051
-432.3790,5.5013,173.5336,0.828293
-432.8519,5.5013,173.5455,0.828518
-433.3759,5.5013,173.5648,0.828754
-433.8982,5.5013,173.5905,0.828998
-434.3668,5.5013,173.6190,0.829217
-434.8857,5.5013,173.6564,0.829469
-435.2996,5.5013,173.6906,0.829660
-435.8156,5.5013,173.7387,0.829898
-436.2276,5.5013,173.7814,0.830092
-436.7413,5.5013,173.8398,0.830339
-437.2538,5.5013,173.9035,0.830584
-437.7142,5.5013,173.9650,0.830804
-438.2246,5.5013,174.0379,0.831046
-438.6834,5.5013,174.1075,0.831273
-439.1417,5.5013,174.1806,0.831489
-439.5999,5.5013,174.2571,0.831709
-440.0073,5.5013,174.3279,0.831909
-440.5168,5.5013,174.4200,0.832148
-441.0271,5.5013,174.5160,0.832395
-441.4872,5.5013,174.6059,0.832622
-441.9483,5.5013,174.6990,0.832848
-442.4104,5.5013,174.7954,0.833079
-442.8734,5.5013,174.8950,0.833300
-443.3375,5.5013,174.9979,0.833528
-443.8543,5.5013,175.1161,0.833779
-444.3205,5.5013,175.2258,0.834012
-444.8394,5.5013,175.3515,0.834277
-445.3067,5.5013,175.4680,0.834508
-445.8253,5.5013,175.6008,0.834760
-446.2910,5.5013,175.7233,0.835005
-446.8065,5.5013,175.8625,0.835271
-447.3199,5.5013,176.0049,0.835526
-447.7801,5.5013,176.1356,0.835768
-448.2892,5.5013,176.2836,0.836032
-448.7960,5.5013,176.4345,0.836287
-449.2502,5.5013,176.5726,0.836526
-449.7528,5.5013,176.7285,0.836793
-450.2032,5.5013,176.8708,0.837036
-450.7016,5.5013,177.0310,0.837311
-451.1483,5.5013,177.1769,0.837557
-451.6426,5.5013,177.3408,0.837830
-452.0858,5.5013,177.4898,0.838065
-452.5763,5.5013,177.6568,0.838345
-453.0648,5.5013,177.8254,0.838617
-453.5027,5.5013,177.9781,0.838867
-453.9875,5.5013,178.1488,0.839144
-454.4705,5.5013,178.3203,0.839430
-454.9037,5.5013,178.4750,0.839678
-455.3836,5.5013,178.6473,0.839964
-455.8139,5.5013,178.8026,0.840223
-456.2905,5.5013,178.9752,0.840507
-456.7180,5.5013,179.1304,0.840769
-457.1913,5.5013,179.3024,0.841061
-457.6158,5.5013,179.4566,0.841323
-458.0858,5.5013,179.6271,0.841611
-458.5074,5.5013,179.7795,0.841873
-458.9743,5.5013,179.9474,0.842171
-459.4396,5.5013,180.1135,0.842474
-459.8570,5.5013,180.2610,0.842749
-460.2733,5.5013,180.4066,0.843006
-460.6882,5.5013,180.5498,0.843269
-461.1480,5.5013,180.7062,0.843585
-461.5607,5.5013,180.8444,0.843849
-461.9723,5.5013,180.9799,0.844122
-462.4285,5.5013,181.1273,0.844420
-462.8381,5.5013,181.2568,0.844686
-463.2920,5.5013,181.3973,0.844997
-463.6994,5.5013,181.5205,0.845264
-464.1508,5.5013,181.6537,0.845560
-464.5558,5.5013,181.7703,0.845823
-465.0043,5.5013,181.8962,0.846118
-465.4064,5.5013,182.0062,0.846382
-465.8069,5.5013,182.1130,0.846645
-466.2057,5.5013,182.2167,0.846913
-466.6468,5.5013,182.3282,0.847194
-467.0417,5.5013,182.4253,0.847452
-467.4345,5.5013,182.5191,0.847709
-467.8682,5.5013,182.6194,0.847995
-468.2560,5.5013,182.7060,0.848234
-468.6838,5.5013,182.7982,0.848505
-469.1083,5.5013,182.8859,0.848784
-469.4876,5.5013,182.9608,0.849023
-469.9058,5.5013,183.0395,0.849292
-470.2793,5.5013,183.1063,0.849526
-470.6910,5.5013,183.1759,0.849787
-471.0588,5.5013,183.2343,0.850023
-471.4641,5.5013,183.2944,0.850277
-471.8260,5.5013,183.3443,0.850498
-472.1851,5.5013,183.3901,0.850722
-472.5807,5.5013,183.4363,0.850971
-472.9339,5.5013,183.4738,0.851185
-473.3230,5.5013,183.5107,0.851429
-473.6702,5.5013,183.5400,0.851643
-474.0527,5.5013,183.5681,0.851881
-474.3939,5.5013,183.5897,0.852083
-474.7321,5.5013,183.6077,0.852297
-475.1047,5.5013,183.6238,0.852519
-475.4369,5.5013,183.6347,0.852722
-475.7666,5.5013,183.6423,0.852923
-476.1307,5.5013,183.6472,0.853149
-476.4567,5.5013,183.6483,0.853348
-476.7813,5.5013,183.6465,0.853536
-477.1404,5.5013,183.6410,0.853755
-477.4621,5.5013,183.6330,0.853946
-477.8178,5.5013,183.6208,0.854160
-478.1718,5.5013,183.6055,0.854373
-478.5239,5.5013,183.5869,0.854582
-478.8393,5.5013,183.5676,0.854774
-479.1877,5.5013,183.5433,0.854988
-479.4991,5.5013,183.5189,0.855164
-479.8084,5.5013,183.4921,0.855352
-480.1496,5.5013,183.4597,0.855552
-480.4544,5.5013,183.4280,0.855734
-480.7570,5.5013,183.3941,0.855918
-481.0575,5.5013,183.3580,0.856102
-481.3887,5.5013,183.3153,0.856293
-481.6845,5.5013,183.2746,0.856470
-482.0107,5.5013,183.2271,0.856658
-482.2696,5.5013,183.1872,0.856808
-482.5588,5.5013,183.1406,0.856983
-482.8776,5.5013,183.0865,0.857172
-483.1622,5.5013,183.0359,0.857345
-483.4445,5.5013,182.9835,0.857514
-483.7556,5.5013,182.9232,0.857694
-484.0332,5.5013,182.8671,0.857859
-484.3085,5.5013,182.8093,0.858024
-484.6117,5.5013,182.7432,0.858203
-484.8819,5.5013,182.6821,0.858363
-485.1793,5.5013,182.6124,0.858528
-485.4441,5.5013,182.5481,0.858691
-485.7354,5.5013,182.4750,0.858856
-486.0234,5.5013,182.4001,0.859029
-486.2798,5.5013,182.3311,0.859179
-486.5614,5.5013,182.2525,0.859348
-486.8392,5.5013,182.1720,0.859515
-487.0858,5.5013,182.0976,0.859660
-487.3288,5.5013,182.0216,0.859805
-487.5947,5.5013,181.9351,0.859964
-487.8561,5.5013,181.8466,0.860116
-488.1131,5.5057,181.7480,0.860272
-488.3650,5.5088,181.6545,0.860428
-488.5880,5.5117,181.5694,0.860562
-488.8060,5.5145,181.4832,0.860694
-489.0234,5.5161,181.3957,0.860826
-489.2369,5.5180,181.3061,0.860961
-489.4709,5.5203,181.2041,0.861101
-489.7026,5.5226,181.0999,0.861249
-489.9093,5.5248,181.0041,0.861378
-490.1364,5.5263,180.8959,0.861524
-490.3403,5.5276,180.7963,0.861649
-490.5652,5.5291,180.6834,0.861793
-490.7661,5.5305,180.5796,0.861920
-490.9655,5.5320,180.4739,0.862050
-491.1847,5.5336,180.3544,0.862192
-491.4030,5.5346,180.2326,0.862335
-491.5980,5.5356,180.1210,0.862461
-491.7914,5.5366,180.0076,0.862592
-492.0041,5.5377,179.8798,0.862727
-492.1884,5.5413,179.7479,0.862856
-492.3716,5.5502,179.6138,0.862982
-492.5577,5.5575,179.4921,0.863107
-492.7573,5.5627,179.3581,0.863251
-492.9423,5.5647,179.2349,0.863376
-493.1450,5.5680,179.0950,0.863517
-493.3252,5.5713,178.9664,0.863642
-493.5033,5.5751,178.8359,0.863765
-493.7004,5.5786,178.6916,0.863903
-493.8757,5.5824,178.5585,0.864027
-494.0660,5.5836,178.4111,0.864158
-494.2390,5.5844,178.2751,0.864289
-494.4298,5.5853,178.1215,0.864425
-494.6188,5.5867,177.9655,0.864566
-494.7874,5.5882,177.8232,0.864690
-494.9734,5.5903,177.6629,0.864828
-495.1401,5.5926,177.5169,0.864954
-495.3209,5.5952,177.3558,0.865100
-495.4863,5.5938,177.2063,0.865220
-495.6699,5.5926,177.0375,0.865361
-495.8523,5.5921,176.8658,0.865501
-496.0141,5.5916,176.7100,0.865631
-496.1955,5.5897,176.5324,0.865773
-496.3592,5.5881,176.3698,0.865902
-496.5409,5.5869,176.1862,0.866047
-496.7014,5.5842,176.0208,0.866179
-496.8642,5.5802,175.8502,0.866313
-497.0426,5.5770,175.6556,0.866464
-497.2048,5.5738,175.4783,0.866596
-497.3655,5.5716,175.2983,0.866731
-497.5394,5.5621,175.1013,0.866885
-497.6998,5.5531,174.9149,0.867021
-497.8913,5.5415,174.7122,0.867177
-498.0834,5.5370,174.5066,0.867333
-498.2417,5.5355,174.3115,0.867475
-498.4152,5.5335,174.0931,0.867629
-498.5718,5.5308,173.8921,0.867772
-498.7459,5.5280,173.6644,0.867934
-498.9022,5.5255,173.4563,0.868081
-499.0750,5.5226,173.2223,0.868242
-499.2475,5.5193,172.9841,0.868408
-499.4014,5.5164,172.7665,0.868556
-499.5708,5.5132,172.5216,0.868723
-499.7058,5.5108,172.3234,0.868856
-499.8817,5.5013,172.0753,0.869028
-500.0492,5.5013,171.8217,0.869196
-500.1985,5.5013,171.5902,0.869349
-500.3633,5.5013,171.3294,0.869521
-500.5110,5.5013,171.0916,0.869675
-500.6747,5.5013,170.8237,0.869847
-500.8217,5.5013,170.5792,0.870006
-500.9838,5.5013,170.3038,0.870185
-501.1444,5.5013,170.0244,0.870364
-501.2886,5.5013,169.7695,0.870524
-501.4323,5.5013,169.5116,0.870687
-501.5754,5.5013,169.2506,0.870857
-501.7332,5.5013,168.9571,0.871039
-501.8900,5.5013,168.6598,0.871220
-502.0458,5.5013,168.3584,0.871414
-502.1854,5.5013,168.0838,0.871580
-502.3396,5.5013,167.7751,0.871772
-502.4930,5.5013,167.4627,0.871962
-502.6305,5.5013,167.1783,0.872133
-502.7825,5.5013,166.8588,0.872329
-502.9037,5.5013,166.6004,0.872489
-503.0546,5.5013,166.2741,0.872680
-503.1898,5.5013,165.9774,0.872859
-503.3397,5.5013,165.6441,0.873058
-503.4592,5.5013,165.3747,0.873220
-503.6085,5.5013,165.0344,0.873422
-503.7578,5.5013,164.6901,0.873622
-503.8922,5.5013,164.3768,0.873819
-504.0417,5.5013,164.0248,0.874017
-504.1764,5.5013,163.7043,0.874210
-504.3268,5.5013,163.3441,0.874415
-504.4781,5.5013,162.9793,0.874635
-504.6148,5.5013,162.6471,0.874837
-504.7672,5.5013,162.2736,0.875053
-504.9203,5.5013,161.8956,0.875286
-505.0739,5.5013,161.5127,0.875504
-505.2124,5.5013,161.1642,0.875707
-505.3668,5.5013,160.7723,0.875944
-505.5060,5.5013,160.4153,0.876151
-505.6454,5.5013,160.0544,0.876368
-505.8006,5.5013,159.6487,0.876597
-505.9403,5.5013,159.2793,0.876809
-506.0959,5.5013,158.8642,0.877065
-506.2517,5.5013,158.4440,0.877304
-506.3922,5.5013,158.0616,0.877538
-506.5486,5.5013,157.6319,0.877783
-506.7054,5.5013,157.1974,0.878035
-506.8624,5.5013,156.7578,0.878289
-507.0039,5.5013,156.3580,0.878526
-507.1613,5.5013,155.9090,0.878783
-507.3030,5.5013,155.5007,0.879028
-507.4605,5.5013,155.0423,0.879301
-507.6022,5.5013,154.6254,0.879538
-507.7596,5.5013,154.1575,0.879813
-507.9011,5.5013,153.7321,0.880055
-508.0426,5.5013,153.3026,0.880303
-508.1997,5.5013,152.8206,0.880600
-508.3567,5.5013,152.3336,0.880876
-508.4980,5.5013,151.8909,0.881134
-508.6548,5.5013,151.3943,0.881422
-508.8114,5.5013,150.8927,0.881719
-508.9523,5.5013,150.4369,0.881977
-509.1086,5.5013,149.9257,0.882295
-509.2490,5.5013,149.4614,0.882544
-509.4047,5.5013,148.9406,0.882858
-509.5446,5.5013,148.4676,0.883137
-509.6995,5.5013,147.9372,0.883446
-509.8386,5.5013,147.4556,0.883732
-509.9927,5.5013,146.9157,0.884048
-510.1309,5.5013,146.4254,0.884334
-510.2839,5.5013,145.8758,0.884647
-510.4211,5.5013,145.3769,0.884941
-510.5728,5.5013,144.8177,0.885279
-510.7089,5.5013,144.3101,0.885575
-510.8593,5.5013,143.7412,0.885901
-510.9940,5.5013,143.2249,0.886221
-511.1430,5.5013,142.6464,0.886550
-511.2912,5.5013,142.0629,0.886875
-511.4238,5.5013,141.5333,0.887198
-511.5705,5.5013,140.9402,0.887548
-511.7164,5.5013,140.3419,0.887896
-511.8471,5.5013,139.7992,0.888223
-511.9916,5.5013,139.1914,0.888584
-512.1068,5.5013,138.7016,0.888867
-512.2502,5.5013,138.0847,0.889221
-512.3930,5.5013,137.4629,0.889590
-512.5070,5.5013,136.9619,0.889888
-512.6490,5.5013,136.3311,0.890255
-512.7907,5.5013,135.6955,0.890641
-512.9181,5.5013,135.1191,0.890960
-513.0592,5.5013,134.4743,0.891367
-513.1860,5.5013,133.8896,0.891699
-513.3265,5.5013,133.2355,0.892090
-513.4529,5.5013,132.6426,0.892439
-513.5932,5.5013,131.9794,0.892821
-513.7336,5.5013,131.3114,0.893219
-513.8737,5.5013,130.6387,0.893614
-513.9999,5.5013,130.0292,0.893970
-514.1401,5.5013,129.3476,0.894383
-514.2803,5.5013,128.6613,0.894783
-514.4066,5.5013,128.0397,0.895149
-514.5470,5.5013,127.3446,0.895546
-514.6733,5.5013,126.7150,0.895911
-514.8135,5.5013,126.0113,0.896319
-514.9397,5.5013,125.3739,0.896696
-515.0658,5.5013,124.7328,0.897081
-515.2057,5.5013,124.0163,0.897478
-515.3315,5.5013,123.3675,0.897851
-515.4573,5.5013,122.7149,0.898236
-515.5972,5.5013,121.9856,0.898680
-515.7369,5.5013,121.2518,0.899082
-515.8763,5.5013,120.5135,0.899497
-516.0014,5.5013,119.8451,0.899909
-516.1400,5.5013,119.0989,0.900323
-516.2635,5.5013,118.4272,0.900708
-516.3994,5.5013,117.6811,0.901152
-516.5208,5.5013,117.0067,0.901536
-516.6546,5.5013,116.2569,0.901948
-516.7874,5.5013,115.5046,0.902376
-516.9063,5.5013,114.8246,0.902750
-517.0246,5.5013,114.1419,0.903147
-517.1555,5.5013,113.3801,0.903588
-517.2727,5.5013,112.6917,0.903979
-517.4025,5.5013,111.9237,0.904417
-517.5190,5.5013,111.2297,0.904825
-517.6478,5.5013,110.4557,0.905249
-517.7633,5.5013,109.7565,0.905641
-517.8785,5.5013,109.0547,0.906027
-518.0059,5.5013,108.2721,0.906471
-518.1202,5.5013,107.5651,0.906882
-518.2465,5.5013,106.7767,0.907322
-518.3722,5.5013,105.9852,0.907793
-518.4848,5.5013,105.2704,0.908176
-518.6094,5.5013,104.4734,0.908639
-518.7335,5.5013,103.6734,0.909085
-518.8446,5.5013,102.9510,0.909496
-518.9553,5.5013,102.2261,0.909891
-519.0776,5.5013,101.4179,0.910361
-519.1873,5.5013,100.6882,0.910765
-519.3085,5.5013,99.8746,0.911224
-519.4170,5.5013,99.1401,0.911636
-519.5369,5.5013,98.3215,0.912099
-519.6562,5.5013,97.5004,0.912558
-519.7629,5.5013,96.7594,0.912980
-519.8806,5.5013,95.9339,0.913447
-519.9858,5.5013,95.1889,0.913855
-520.1021,5.5013,94.3592,0.914333
-520.2059,5.5013,93.6106,0.914754
-520.3205,5.5013,92.7768,0.915218
-520.4227,5.5013,92.0245,0.915649
-520.5353,5.5013,91.1867,0.916105
-520.6357,5.5013,90.4309,0.916551
-520.7461,5.5013,89.5889,0.917028
-520.8444,5.5013,88.8295,0.917444
-520.9416,5.5013,88.0684,0.917877
-521.0485,5.5013,87.2205,0.918346
-521.1540,5.5013,86.3706,0.918812
-521.2479,5.5013,85.6038,0.919254
-521.3511,5.5013,84.7497,0.919749
-521.4531,5.5013,83.8934,0.920212
-521.5439,5.5013,83.1210,0.920635
-521.6437,5.5013,82.2608,0.921124
-521.7328,5.5013,81.4846,0.921559
-521.8307,5.5013,80.6202,0.922060
-521.9181,5.5013,79.8403,0.922495
-522.0143,5.5013,78.9719,0.922976
-522.1002,5.5013,78.1884,0.923428
-522.1950,5.5013,77.3158,0.923901
-522.2892,5.5013,76.4412,0.924379
-522.3735,5.5013,75.6523,0.924817
-522.4669,5.5013,74.7738,0.925314
-522.5598,5.5013,73.8932,0.925805
-522.6432,5.5013,73.0990,0.926273
-522.7263,5.5013,72.3032,0.926709
-522.8093,5.5013,71.5057,0.927157
-522.9012,5.5013,70.6178,0.927649
-522.9836,5.5013,69.8170,0.928098
-523.0753,5.5013,68.9254,0.928591
-523.1576,5.5013,68.1213,0.929031
-523.2488,5.5013,67.2259,0.929565
-523.3311,5.5013,66.4185,0.930007
-523.4226,5.5013,65.5194,0.930509
-523.5051,5.5013,64.7086,0.930980
-523.5973,5.5013,63.8060,0.931457
-523.6805,5.5013,62.9920,0.931926
-523.7638,5.5013,62.1766,0.932377
-523.8568,5.5013,61.2688,0.932879
-523.9405,5.5013,60.4501,0.933343
-524.0338,5.5013,59.5388,0.933867
-524.1179,5.5013,58.7171,0.934318
-524.2023,5.5013,57.8939,0.934790
-524.2964,5.5013,56.9775,0.935307
-524.3907,5.5013,56.0592,0.935840
-524.4760,5.5013,55.2313,0.936280
-524.5712,5.5013,54.3095,0.936801
-524.6669,5.5013,53.3860,0.937329
-524.7636,5.5013,52.4605,0.937843
-524.8514,5.5013,51.6259,0.938328
-524.9402,5.5013,50.7898,0.938787
-525.0402,5.5013,49.8592,0.939313
-525.1315,5.5013,49.0200,0.939802
-525.2346,5.5013,48.0859,0.940334
-525.3288,5.5013,47.2439,0.940784
-525.4350,5.5013,46.3067,0.941327
-525.5320,5.5013,45.4618,0.941815
-525.6415,5.5013,44.5216,0.942328
-525.7527,5.5013,43.5799,0.942855
-525.8541,5.5013,42.7311,0.943343
-525.9681,5.5013,41.7867,0.943875
-526.0831,5.5013,40.8408,0.944397
-526.1875,5.5013,39.9883,0.944893
-526.3042,5.5013,39.0397,0.945412
-526.4099,5.5013,38.1847,0.945899
-526.5279,5.5013,37.2332,0.946420
-526.6345,5.5013,36.3755,0.946898
-526.7416,5.5013,35.5165,0.947394
-526.8610,5.5013,34.5606,0.947946
-526.9803,5.5013,33.6031,0.948448
-527.0881,5.5013,32.7398,0.948946
-527.2079,5.5013,31.7791,0.949473
-527.3157,5.5013,30.9130,0.949962
-527.4354,5.5013,29.9491,0.950494
-527.5430,5.5013,29.0801,0.950981
-527.6626,5.5013,28.1129,0.951509
-527.7819,5.5013,27.1441,0.952054
-527.8889,5.5013,26.2707,0.952529
-528.0074,5.5013,25.2987,0.953063
-528.1135,5.5013,24.4224,0.953556
-528.2305,5.5013,23.4472,0.954077
-528.3467,5.5013,22.4703,0.954622
-528.4505,5.5013,21.5897,0.955087
-528.5649,5.5013,20.6096,0.955633
-528.6782,5.5013,19.6277,0.956162
-528.7795,5.5013,18.7425,0.956650
-528.8912,5.5013,17.7572,0.957194
-529.0020,5.5013,16.7701,0.957737
-529.1013,5.5013,15.8800,0.958214
-529.2111,5.5013,14.8894,0.958740
-529.3094,5.5013,13.9962,0.959212
-529.4185,5.5013,13.0022,0.959770
-529.5273,5.5013,12.0063,0.960295
-529.6251,5.5013,11.1086,0.960776
-529.7336,5.5013,10.1095,0.961321
-529.8421,5.5013,9.1087,0.961868
-529.9396,5.5013,8.2065,0.962324
-530.0369,5.5013,7.3031,0.962818
-530.1451,5.5013,6.2977,0.963354
-530.2428,5.5013,5.3915,0.963839
-530.3406,5.5013,4.4840,0.964320
-530.4492,5.5013,3.4742,0.964874
-530.5577,5.5013,2.4647,0.965402
-530.6550,5.5013,1.5572,0.965885
-530.7637,5.5013,0.5475,0.966423
-530.8725,5.5013,-0.4617,0.966958
-530.9705,5.5013,-1.3701,0.967451
-531.0795,5.5013,-2.3805,0.967989
-531.1887,5.5013,-3.3920,0.968541
-531.2873,5.5013,-4.3036,0.969027
-531.3860,5.5013,-5.2160,0.969510
-531.4961,5.5013,-6.2310,0.970044
-531.5954,5.5013,-7.1454,0.970537
-531.6950,5.5013,-8.0609,0.971016
-531.7947,5.5013,-8.9773,0.971508
-531.9057,5.5013,-9.9967,0.972062
-532.0169,5.5013,-11.0172,0.972596
-532.1281,5.5013,-12.0388,0.973155
-532.2285,5.5013,-12.9593,0.973640
-532.3402,5.5013,-13.9832,0.974196
-532.4409,5.5013,-14.9057,0.974685
-532.5532,5.5013,-15.9318,0.975243
-532.6545,5.5013,-16.8564,0.975731
-532.7670,5.5013,-17.8847,0.976278
-532.8687,5.5013,-18.8112,0.976793
-532.9705,5.5013,-19.7387,0.977297
-533.0836,5.5013,-20.7702,0.977848
-533.1859,5.5013,-21.6997,0.978333
-533.2883,5.5013,-22.6301,0.978845
-533.4022,5.5013,-23.6649,0.979393
-533.5050,5.5013,-24.5972,0.979882
-533.6080,5.5013,-25.5305,0.980389
-533.7111,5.5013,-26.4647,0.980905
-533.8145,5.5013,-27.3998,0.981399
-533.9296,5.5013,-28.4398,0.981945
-534.0334,5.5013,-29.3768,0.982451
-534.1375,5.5013,-30.3148,0.982961
-534.2533,5.5013,-31.3579,0.983509
-534.3577,5.5013,-32.2978,0.984023
-534.4739,5.5013,-33.3431,0.984586
-534.5786,5.5013,-34.2848,0.985085
-534.6835,5.5013,-35.2275,0.985603
-534.8002,5.5013,-36.2759,0.986158
-534.9173,5.5013,-37.3254,0.986736
-535.0230,5.5013,-38.2709,0.987239
-535.1404,5.5013,-39.3225,0.987805
-535.2465,5.5013,-40.2700,0.988313
-535.3527,5.5013,-41.2183,0.988823
-535.4710,5.5013,-42.2730,0.989395
-535.5778,5.5013,-43.2232,0.989925
-535.6846,5.5013,-44.1742,0.990424
-535.8036,5.5013,-45.2320,0.991000
-535.9110,5.5013,-46.1849,0.991521
-536.0304,5.5013,-47.2447,0.992120
-536.1380,5.5013,-48.1994,0.992643
-536.2458,5.5013,-49.1550,0.993171
-536.3536,5.5013,-50.1115,0.993707
-536.4739,5.5013,-51.1752,0.994320
-536.5822,5.5013,-52.1335,0.994867
-536.7024,5.5013,-53.1993,0.995496
-536.8107,5.5013,-54.1594,0.996037
-536.9191,5.5013,-55.1204,0.996589
-537.0399,5.5013,-56.1891,0.997199
-537.1486,5.5013,-57.1519,0.997762
-537.2574,5.5013,-58.1155,0.998307
-537.3782,5.5013,-59.1873,0.998918
-537.4992,5.5013,-60.2601,0.999507
